========================================
[BINARY DEBUG]
TIME: 2026-09-03 01:37:53
FUNCTION ENTERED: process_binary
USER ID: 1001
========================================

========================================
[BINARY DEBUG]
TIME: 2026-09-03 01:37:53
USER ID: 1001
FUNCTION: process_binary
========================================

MEMBER INFORMATION:
Member ID: 1001
Member Name: Green Amrut Herbal Multitrade Private Limited
Status: Active
Rank: Member
Topup: 0.00
Package: N/A

TREE / PV INFORMATION:
Total Left PV: 2
Paid Left PV: 0
Available Left PV: 2

Total Right PV: 1
Paid Right PV: 0
Available Right PV: 1

Lifetime Paid Pairs: 0

DIRECT SPONSOR INFORMATION:
Direct Left: 2
Direct Right: 1
(Informational ONLY - Does not block 2:1 / 1:2 PV matching)

PAIR CALCULATION:
BINARY RATIO CHECK:
Left Available: 2
Right Available: 1

Checking 2:1:
Left >= 2? YES (Left = 2 >= 2)
Right >= 1? YES (Right = 1 >= 1)

Checking 1:2:
Left >= 1? YES (Left = 2 >= 1)
Right >= 2? NO (Right = 1 < 2)

Selected Ratio:
2:1

Pairs Calculated: 1
Left PV To Consume: 2
Right PV To Consume: 1

TOPUP CHECK: FAILED (Topup = 0.00, Needs > 0)

FINAL RESULT = NO PAIR FORMED
Pairs Generated = 0
Payout Generated = 0
Left PV Remaining = 2
Right PV Remaining = 1
========================================

========================================
[BINARY DEBUG]
TIME: 2026-09-03 01:42:07
FUNCTION ENTERED: process_binary
USER ID: 1001
========================================

========================================
[BINARY DEBUG]
TIME: 2026-09-03 01:42:07
USER ID: 1001
FUNCTION: process_binary
========================================

MEMBER INFORMATION:
Member ID: 1001
Member Name: Green Amrut Herbal Multitrade Private Limited
Status: Active
Rank: Member
Topup: 1.00
Package: N/A

TREE / PV INFORMATION:
Total Left PV: 2
Paid Left PV: 0
Available Left PV: 2

Total Right PV: 1
Paid Right PV: 0
Available Right PV: 1

Lifetime Paid Pairs: 0

DIRECT SPONSOR INFORMATION:
Direct Left: 2
Direct Right: 1
(Informational ONLY - Does not block 2:1 / 1:2 PV matching)

PAIR CALCULATION:
BINARY RATIO CHECK:
Left Available: 2
Right Available: 1

Checking 2:1:
Left >= 2? YES (Left = 2 >= 2)
Right >= 1? YES (Right = 1 >= 1)

Checking 1:2:
Left >= 1? YES (Left = 2 >= 1)
Right >= 2? NO (Right = 1 < 2)

Selected Ratio:
2:1

Pairs Calculated: 1
Left PV To Consume: 2
Right PV To Consume: 1

--> PACKAGE CHECK FAILED: Package matching_income rate is 0 INR in product table.
FINAL RESULT = PAYOUT FAILED
========================================

========================================
[BINARY DEBUG]
TIME: 2026-09-03 01:42:16
FUNCTION ENTERED: process_binary
USER ID: 1001
========================================

========================================
[BINARY DEBUG]
TIME: 2026-09-03 01:42:16
USER ID: 1001
FUNCTION: process_binary
========================================

MEMBER INFORMATION:
Member ID: 1001
Member Name: Green Amrut Herbal Multitrade Private Limited
Status: Active
Rank: Member
Topup: 1.00
Package: N/A

TREE / PV INFORMATION:
Total Left PV: 2
Paid Left PV: 0
Available Left PV: 2

Total Right PV: 1
Paid Right PV: 0
Available Right PV: 1

Lifetime Paid Pairs: 0

DIRECT SPONSOR INFORMATION:
Direct Left: 2
Direct Right: 1
(Informational ONLY - Does not block 2:1 / 1:2 PV matching)

PAIR CALCULATION:
BINARY RATIO CHECK:
Left Available: 2
Right Available: 1

Checking 2:1:
Left >= 2? YES (Left = 2 >= 2)
Right >= 1? YES (Right = 1 >= 1)

Checking 1:2:
Left >= 1? YES (Left = 2 >= 1)
Right >= 2? NO (Right = 1 < 2)

Selected Ratio:
2:1

Pairs Calculated: 1
Left PV To Consume: 2
Right PV To Consume: 1

--> PACKAGE CHECK FAILED: Package matching_income rate is 0 INR in product table.
FINAL RESULT = PAYOUT FAILED
========================================

========================================
[BINARY DEBUG]
TIME: 2026-09-03 01:42:23
FUNCTION ENTERED: process_binary
USER ID: 1001
========================================

========================================
[BINARY DEBUG]
TIME: 2026-09-03 01:42:23
USER ID: 1001
FUNCTION: process_binary
========================================

MEMBER INFORMATION:
Member ID: 1001
Member Name: Green Amrut Herbal Multitrade Private Limited
Status: Active
Rank: Member
Topup: 1.00
Package: N/A

TREE / PV INFORMATION:
Total Left PV: 2
Paid Left PV: 0
Available Left PV: 2

Total Right PV: 1
Paid Right PV: 0
Available Right PV: 1

Lifetime Paid Pairs: 0

DIRECT SPONSOR INFORMATION:
Direct Left: 2
Direct Right: 1
(Informational ONLY - Does not block 2:1 / 1:2 PV matching)

PAIR CALCULATION:
BINARY RATIO CHECK:
Left Available: 2
Right Available: 1

Checking 2:1:
Left >= 2? YES (Left = 2 >= 2)
Right >= 1? YES (Right = 1 >= 1)

Checking 1:2:
Left >= 1? YES (Left = 2 >= 1)
Right >= 2? NO (Right = 1 < 2)

Selected Ratio:
2:1

Pairs Calculated: 1
Left PV To Consume: 2
Right PV To Consume: 1

--> PACKAGE CHECK FAILED: Package matching_income rate is 0 INR in product table.
FINAL RESULT = PAYOUT FAILED
========================================

========================================
[BINARY DEBUG]
TIME: 2026-09-03 01:42:29
FUNCTION ENTERED: process_binary
USER ID: 1001
========================================

========================================
[BINARY DEBUG]
TIME: 2026-09-03 01:42:29
USER ID: 1001
FUNCTION: process_binary
========================================

MEMBER INFORMATION:
Member ID: 1001
Member Name: Green Amrut Herbal Multitrade Private Limited
Status: Active
Rank: Member
Topup: 1.00
Package: N/A

TREE / PV INFORMATION:
Total Left PV: 2
Paid Left PV: 0
Available Left PV: 2

Total Right PV: 1
Paid Right PV: 0
Available Right PV: 1

Lifetime Paid Pairs: 0

DIRECT SPONSOR INFORMATION:
Direct Left: 2
Direct Right: 1
(Informational ONLY - Does not block 2:1 / 1:2 PV matching)

PAIR CALCULATION:
BINARY RATIO CHECK:
Left Available: 2
Right Available: 1

Checking 2:1:
Left >= 2? YES (Left = 2 >= 2)
Right >= 1? YES (Right = 1 >= 1)

Checking 1:2:
Left >= 1? YES (Left = 2 >= 1)
Right >= 2? NO (Right = 1 < 2)

Selected Ratio:
2:1

Pairs Calculated: 1
Left PV To Consume: 2
Right PV To Consume: 1

--> PACKAGE CHECK FAILED: Package matching_income rate is 0 INR in product table.
FINAL RESULT = PAYOUT FAILED
========================================

========================================
[BINARY DEBUG]
TIME: 2026-09-03 01:43:37
FUNCTION ENTERED: process_binary
USER ID: 1001
========================================

========================================
[BINARY DEBUG]
TIME: 2026-09-03 01:43:37
USER ID: 1001
FUNCTION: process_binary
========================================

MEMBER INFORMATION:
Member ID: 1001
Member Name: Green Amrut Herbal Multitrade Private Limited
Status: Active
Rank: Member
Topup: 1.00
Package: N/A

TREE / PV INFORMATION:
Total Left PV: 2
Paid Left PV: 0
Available Left PV: 2

Total Right PV: 1
Paid Right PV: 0
Available Right PV: 1

Lifetime Paid Pairs: 0

DIRECT SPONSOR INFORMATION:
Direct Left: 2
Direct Right: 1
(Informational ONLY - Does not block 2:1 / 1:2 PV matching)

PAIR CALCULATION:
BINARY RATIO CHECK:
Left Available: 2
Right Available: 1

Checking 2:1:
Left >= 2? YES (Left = 2 >= 2)
Right >= 1? YES (Right = 1 >= 1)

Checking 1:2:
Left >= 1? YES (Left = 2 >= 1)
Right >= 2? NO (Right = 1 < 2)

Selected Ratio:
2:1

Pairs Calculated: 1
Left PV To Consume: 2
Right PV To Consume: 1

--> PACKAGE CHECK FAILED: Package matching_income rate is 0 INR in product table.
FINAL RESULT = PAYOUT FAILED
========================================

========================================
[BINARY DEBUG]
TIME: 2026-09-03 01:49:25
FUNCTION ENTERED: process_binary
USER ID: 1001
========================================

========================================
[BINARY DEBUG]
TIME: 2026-09-03 01:49:25
USER ID: 1001
FUNCTION: process_binary
========================================

MEMBER INFORMATION:
Member ID: 1001
Member Name: Green Amrut Herbal Multitrade Private Limited
Status: Active
Rank: Member
Topup: 1.00
Package: 1

TREE / PV INFORMATION:
Total Left PV: 2
Paid Left PV: 0
Available Left PV: 2

Total Right PV: 1
Paid Right PV: 0
Available Right PV: 1

Lifetime Paid Pairs: 0

DIRECT SPONSOR INFORMATION:
Direct Left: 2
Direct Right: 1
(Informational ONLY - Does not block 2:1 / 1:2 PV matching)

PAIR CALCULATION:
BINARY RATIO CHECK:
Left Available: 2
Right Available: 1

Checking 2:1:
Left >= 2? YES (Left = 2 >= 2)
Right >= 1? YES (Right = 1 >= 1)

Checking 1:2:
Left >= 1? YES (Left = 2 >= 1)
Right >= 2? NO (Right = 1 < 2)

Selected Ratio:
2:1

Pairs Calculated: 1
Left PV To Consume: 2
Right PV To Consume: 1

PAYOUT CALCULATION:
BINARY PAYOUT CALCULATION:
Package ID: 1
Matching Income Configuration: 890.00
Payout Per Pair: 890
Daily Cap: 14240
Pairs Calculated: 1
Pairs Allowed By Cap: 16
Payable Pairs: 1
Total Payout: 890

DATABASE TRANSACTION:
[BINARY TRANSACTION]
BEGIN

1. EARNING INSERT
BINARY EARNING INSERT:
SUCCESS
Insert ID: 1
User ID: 1001
Amount: 890
Type: Matching Income
Pair Count: 1
Transaction Reference: BIN-1001-20260903014925-6349

2. WALLET CREDIT
WALLET CREDIT:
SUCCESS
User ID: 1001
Previous Balance: 0
Credit Amount: 890
New Balance: 890

3. PV CONSUMPTION
PV UPDATE:
Before Paid Left: 0
Before Paid Right: 0
Left PV Consumed: 2
Right PV Consumed: 1
After Paid Left: 2
After Paid Right: 1

4. LIFETIME PAIR UPDATE
LIFETIME PAIR UPDATE:
Before: 0
Added: 1
After: 1

5. TRANSACTION
BINARY TRANSACTION:
COMMITTED

FINAL RESULT = PAYOUT GENERATED
Pairs Generated = 1
Payout Generated = 890
Left PV Remaining = 0
Right PV Remaining = 0
========================================

========================================
[BINARY DEBUG]
TIME: 2026-09-03 01:50:13
FUNCTION ENTERED: process_binary
USER ID: 1001
========================================

========================================
[BINARY DEBUG]
TIME: 2026-09-03 01:50:13
USER ID: 1001
FUNCTION: process_binary
========================================

MEMBER INFORMATION:
Member ID: 1001
Member Name: Green Amrut Herbal Multitrade Private Limited
Status: Active
Rank: Member
Topup: 1.00
Package: 1

TREE / PV INFORMATION:
Total Left PV: 2
Paid Left PV: 2
Available Left PV: 0

Total Right PV: 1
Paid Right PV: 1
Available Right PV: 0

Lifetime Paid Pairs: 1

DIRECT SPONSOR INFORMATION:
Direct Left: 2
Direct Right: 1
(Informational ONLY - Does not block 2:1 / 1:2 PV matching)

PAIR CALCULATION:
BINARY RATIO CHECK:
Left Available: 0
Right Available: 0

Checking 2:1:
Left >= 2? NO (Left = 0 < 2)
Right >= 1? NO (Right = 0 < 1)

Checking 1:2:
Left >= 1? NO (Left = 0 < 1)
Right >= 2? NO (Right = 0 < 2)

Selected Ratio:
NONE

Pairs Calculated: 0
Left PV To Consume: 0
Right PV To Consume: 0

FINAL RESULT = NO PAIR FORMED
Pairs Generated = 0
Payout Generated = 0
Left PV Remaining = 0
Right PV Remaining = 0
========================================

========================================
[BINARY DEBUG]
TIME: 2026-09-03 01:50:53
FUNCTION ENTERED: process_binary
USER ID: 1001
========================================

========================================
[BINARY DEBUG]
TIME: 2026-09-03 01:50:53
USER ID: 1001
FUNCTION: process_binary
========================================

MEMBER INFORMATION:
Member ID: 1001
Member Name: Green Amrut Herbal Multitrade Private Limited
Status: Active
Rank: Member
Topup: 1.00
Package: 1

TREE / PV INFORMATION:
Total Left PV: 2
Paid Left PV: 2
Available Left PV: 0

Total Right PV: 1
Paid Right PV: 1
Available Right PV: 0

Lifetime Paid Pairs: 1

DIRECT SPONSOR INFORMATION:
Direct Left: 2
Direct Right: 1
(Informational ONLY - Does not block 2:1 / 1:2 PV matching)

PAIR CALCULATION:
BINARY RATIO CHECK:
Left Available: 0
Right Available: 0

Checking 2:1:
Left >= 2? NO (Left = 0 < 2)
Right >= 1? NO (Right = 0 < 1)

Checking 1:2:
Left >= 1? NO (Left = 0 < 1)
Right >= 2? NO (Right = 0 < 2)

Selected Ratio:
NONE

Pairs Calculated: 0
Left PV To Consume: 0
Right PV To Consume: 0

FINAL RESULT = NO PAIR FORMED
Pairs Generated = 0
Payout Generated = 0
Left PV Remaining = 0
Right PV Remaining = 0
========================================

========================================
[BINARY DEBUG]
TIME: 2026-09-03 01:51:00
FUNCTION ENTERED: process_binary
USER ID: 1001
========================================

========================================
[BINARY DEBUG]
TIME: 2026-09-03 01:51:00
USER ID: 1001
FUNCTION: process_binary
========================================

MEMBER INFORMATION:
Member ID: 1001
Member Name: Green Amrut Herbal Multitrade Private Limited
Status: Active
Rank: Member
Topup: 1.00
Package: 1

TREE / PV INFORMATION:
Total Left PV: 2
Paid Left PV: 2
Available Left PV: 0

Total Right PV: 1
Paid Right PV: 1
Available Right PV: 0

Lifetime Paid Pairs: 1

DIRECT SPONSOR INFORMATION:
Direct Left: 2
Direct Right: 1
(Informational ONLY - Does not block 2:1 / 1:2 PV matching)

PAIR CALCULATION:
BINARY RATIO CHECK:
Left Available: 0
Right Available: 0

Checking 2:1:
Left >= 2? NO (Left = 0 < 2)
Right >= 1? NO (Right = 0 < 1)

Checking 1:2:
Left >= 1? NO (Left = 0 < 1)
Right >= 2? NO (Right = 0 < 2)

Selected Ratio:
NONE

Pairs Calculated: 0
Left PV To Consume: 0
Right PV To Consume: 0

FINAL RESULT = NO PAIR FORMED
Pairs Generated = 0
Payout Generated = 0
Left PV Remaining = 0
Right PV Remaining = 0
========================================

========================================
[BINARY DEBUG]
TIME: 2026-09-03 01:51:09
FUNCTION ENTERED: process_binary
USER ID: 1001
========================================

========================================
[BINARY DEBUG]
TIME: 2026-09-03 01:51:09
USER ID: 1001
FUNCTION: process_binary
========================================

MEMBER INFORMATION:
Member ID: 1001
Member Name: Green Amrut Herbal Multitrade Private Limited
Status: Active
Rank: Member
Topup: 1.00
Package: 1

TREE / PV INFORMATION:
Total Left PV: 2
Paid Left PV: 2
Available Left PV: 0

Total Right PV: 1
Paid Right PV: 1
Available Right PV: 0

Lifetime Paid Pairs: 1

DIRECT SPONSOR INFORMATION:
Direct Left: 2
Direct Right: 1
(Informational ONLY - Does not block 2:1 / 1:2 PV matching)

PAIR CALCULATION:
BINARY RATIO CHECK:
Left Available: 0
Right Available: 0

Checking 2:1:
Left >= 2? NO (Left = 0 < 2)
Right >= 1? NO (Right = 0 < 1)

Checking 1:2:
Left >= 1? NO (Left = 0 < 1)
Right >= 2? NO (Right = 0 < 2)

Selected Ratio:
NONE

Pairs Calculated: 0
Left PV To Consume: 0
Right PV To Consume: 0

FINAL RESULT = NO PAIR FORMED
Pairs Generated = 0
Payout Generated = 0
Left PV Remaining = 0
Right PV Remaining = 0
========================================

========================================
[BINARY DEBUG]
TIME: 2026-09-03 02:01:37
FUNCTION ENTERED: process_binary
USER ID: 222572
========================================

========================================
[BINARY DEBUG]
TIME: 2026-09-03 02:01:37
USER ID: 222572
FUNCTION: process_binary
========================================

MEMBER INFORMATION:
Member ID: 222572
Member Name: t1
Status: Active
Rank: Member
Topup: 1.00
Package: 1

TREE / PV INFORMATION:
Total Left PV: 2
Paid Left PV: 0
Available Left PV: 2

Total Right PV: 1
Paid Right PV: 0
Available Right PV: 1

Lifetime Paid Pairs: 0

DIRECT SPONSOR INFORMATION:
Direct Left: 0
Direct Right: 0
(Informational ONLY - Does not block 2:1 / 1:2 PV matching)

PAIR CALCULATION:
BINARY RATIO CHECK:
Left Available: 2
Right Available: 1

Checking 2:1:
Left >= 2? YES (Left = 2 >= 2)
Right >= 1? YES (Right = 1 >= 1)

Checking 1:2:
Left >= 1? YES (Left = 2 >= 1)
Right >= 2? NO (Right = 1 < 2)

Selected Ratio:
2:1

Pairs Calculated: 1
Left PV To Consume: 2
Right PV To Consume: 1

PAYOUT CALCULATION:
BINARY PAYOUT CALCULATION:
Package ID: 1
Matching Income Configuration: 890.00
Payout Per Pair: 890
Daily Cap: 14240
Pairs Calculated: 1
Pairs Allowed By Cap: 16
Payable Pairs: 1
Total Payout: 890

DATABASE TRANSACTION:
[BINARY TRANSACTION]
BEGIN

1. EARNING INSERT
BINARY EARNING INSERT:
SUCCESS
Insert ID: 2
User ID: 222572
Amount: 890
Type: Matching Income
Pair Count: 1
Transaction Reference: BIN-222572-20260903020137-6713

2. WALLET CREDIT
WALLET CREDIT:
SUCCESS
User ID: 222572
Previous Balance: 0
Credit Amount: 890
New Balance: 890

3. PV CONSUMPTION
PV UPDATE:
Before Paid Left: 0
Before Paid Right: 0
Left PV Consumed: 2
Right PV Consumed: 1
After Paid Left: 2
After Paid Right: 1

4. LIFETIME PAIR UPDATE
LIFETIME PAIR UPDATE:
Before: 0
Added: 1
After: 1

5. TRANSACTION
BINARY TRANSACTION:
COMMITTED

FINAL RESULT = PAYOUT GENERATED
Pairs Generated = 1
Payout Generated = 890
Left PV Remaining = 0
Right PV Remaining = 0
========================================

========================================
[BINARY DEBUG]
TIME: 2026-09-03 02:02:02
FUNCTION ENTERED: process_binary
USER ID: 1001
========================================

========================================
[BINARY DEBUG]
TIME: 2026-09-03 02:02:02
USER ID: 1001
FUNCTION: process_binary
========================================

MEMBER INFORMATION:
Member ID: 1001
Member Name: Green Amrut Herbal Multitrade Private Limited
Status: Active
Rank: Bronze Associate
Topup: 1.00
Package: 1

TREE / PV INFORMATION:
Total Left PV: 4
Paid Left PV: 2
Available Left PV: 2

Total Right PV: 3
Paid Right PV: 1
Available Right PV: 2

Lifetime Paid Pairs: 1

DIRECT SPONSOR INFORMATION:
Direct Left: 4
Direct Right: 3
(Informational ONLY - Does not block 2:1 / 1:2 PV matching)

PAIR CALCULATION:
BINARY RATIO CHECK:
Left Available: 2
Right Available: 2

Checking 2:1:
Left >= 2? YES (Left = 2 >= 2)
Right >= 1? YES (Right = 2 >= 1)

Checking 1:2:
Left >= 1? YES (Left = 2 >= 1)
Right >= 2? YES (Right = 2 >= 2)

Selected Ratio:
2:1

Pairs Calculated: 1
Left PV To Consume: 2
Right PV To Consume: 1

PAYOUT CALCULATION:
BINARY PAYOUT CALCULATION:
Package ID: 1
Matching Income Configuration: 890.00
Payout Per Pair: 890
Daily Cap: 14240
Pairs Calculated: 1
Pairs Allowed By Cap: 16
Payable Pairs: 1
Total Payout: 890

DATABASE TRANSACTION:
[BINARY TRANSACTION]
BEGIN

1. EARNING INSERT
BINARY EARNING INSERT:
SUCCESS
Insert ID: 3
User ID: 1001
Amount: 890
Type: Matching Income
Pair Count: 1
Transaction Reference: BIN-1001-20260903020202-3269

2. WALLET CREDIT
WALLET CREDIT:
SUCCESS
User ID: 1001
Previous Balance: 890
Credit Amount: 890
New Balance: 1780

3. PV CONSUMPTION
PV UPDATE:
Before Paid Left: 2
Before Paid Right: 1
Left PV Consumed: 2
Right PV Consumed: 1
After Paid Left: 4
After Paid Right: 2

4. LIFETIME PAIR UPDATE
LIFETIME PAIR UPDATE:
Before: 1
Added: 1
After: 2

5. TRANSACTION
BINARY TRANSACTION:
COMMITTED

FINAL RESULT = PAYOUT GENERATED
Pairs Generated = 1
Payout Generated = 890
Left PV Remaining = 0
Right PV Remaining = 1
========================================

========================================
[BINARY DEBUG]
TIME: 2026-09-03 02:02:02
FUNCTION ENTERED: process_binary
USER ID: 222572
========================================

========================================
[BINARY DEBUG]
TIME: 2026-09-03 02:02:02
USER ID: 222572
FUNCTION: process_binary
========================================

MEMBER INFORMATION:
Member ID: 222572
Member Name: t1
Status: Active
Rank: Member
Topup: 1.00
Package: 1

TREE / PV INFORMATION:
Total Left PV: 2
Paid Left PV: 2
Available Left PV: 0

Total Right PV: 1
Paid Right PV: 1
Available Right PV: 0

Lifetime Paid Pairs: 1

DIRECT SPONSOR INFORMATION:
Direct Left: 0
Direct Right: 0
(Informational ONLY - Does not block 2:1 / 1:2 PV matching)

PAIR CALCULATION:
BINARY RATIO CHECK:
Left Available: 0
Right Available: 0

Checking 2:1:
Left >= 2? NO (Left = 0 < 2)
Right >= 1? NO (Right = 0 < 1)

Checking 1:2:
Left >= 1? NO (Left = 0 < 1)
Right >= 2? NO (Right = 0 < 2)

Selected Ratio:
NONE

Pairs Calculated: 0
Left PV To Consume: 0
Right PV To Consume: 0

FINAL RESULT = NO PAIR FORMED
Pairs Generated = 0
Payout Generated = 0
Left PV Remaining = 0
Right PV Remaining = 0
========================================

========================================
[BINARY DEBUG]
TIME: 2026-09-03 02:02:02
FUNCTION ENTERED: process_binary
USER ID: 487347
========================================

========================================
[BINARY DEBUG]
TIME: 2026-09-03 02:02:02
USER ID: 487347
FUNCTION: process_binary
========================================

MEMBER INFORMATION:
Member ID: 487347
Member Name: t2
Status: Active
Rank: Member
Topup: 1.00
Package: 1

TREE / PV INFORMATION:
Total Left PV: 1
Paid Left PV: 0
Available Left PV: 1

Total Right PV: 1
Paid Right PV: 0
Available Right PV: 1

Lifetime Paid Pairs: 0

DIRECT SPONSOR INFORMATION:
Direct Left: 0
Direct Right: 0
(Informational ONLY - Does not block 2:1 / 1:2 PV matching)

PAIR CALCULATION:
BINARY RATIO CHECK:
Left Available: 1
Right Available: 1

Checking 2:1:
Left >= 2? NO (Left = 1 < 2)
Right >= 1? YES (Right = 1 >= 1)

Checking 1:2:
Left >= 1? YES (Left = 1 >= 1)
Right >= 2? NO (Right = 1 < 2)

Selected Ratio:
NONE

Pairs Calculated: 0
Left PV To Consume: 0
Right PV To Consume: 0

FINAL RESULT = NO PAIR FORMED
Pairs Generated = 0
Payout Generated = 0
Left PV Remaining = 1
Right PV Remaining = 1
========================================

========================================
[BINARY DEBUG]
TIME: 2026-09-03 02:05:32
FUNCTION ENTERED: process_binary
USER ID: 1001
========================================

========================================
[BINARY DEBUG]
TIME: 2026-09-03 02:05:32
USER ID: 1001
FUNCTION: process_binary
========================================

MEMBER INFORMATION:
Member ID: 1001
Member Name: Green Amrut Herbal Multitrade Private Limited
Status: Active
Rank: Bronze Associate
Topup: 1.00
Package: 1

TREE / PV INFORMATION:
Total Left PV: 4
Paid Left PV: 4
Available Left PV: 0

Total Right PV: 3
Paid Right PV: 2
Available Right PV: 1

Lifetime Paid Pairs: 2

DIRECT SPONSOR INFORMATION:
Direct Left: 4
Direct Right: 3
(Informational ONLY - Does not block 2:1 / 1:2 PV matching)

PAIR CALCULATION:
BINARY RATIO CHECK:
Left Available: 0
Right Available: 1

Checking 2:1:
Left >= 2? NO (Left = 0 < 2)
Right >= 1? YES (Right = 1 >= 1)

Checking 1:2:
Left >= 1? NO (Left = 0 < 1)
Right >= 2? NO (Right = 1 < 2)

Selected Ratio:
NONE

Pairs Calculated: 0
Left PV To Consume: 0
Right PV To Consume: 0

FINAL RESULT = NO PAIR FORMED
Pairs Generated = 0
Payout Generated = 0
Left PV Remaining = 0
Right PV Remaining = 1
========================================

========================================
[BINARY DEBUG]
TIME: 2026-09-03 02:05:32
FUNCTION ENTERED: process_binary
USER ID: 222572
========================================

========================================
[BINARY DEBUG]
TIME: 2026-09-03 02:05:32
USER ID: 222572
FUNCTION: process_binary
========================================

MEMBER INFORMATION:
Member ID: 222572
Member Name: t1
Status: Active
Rank: Member
Topup: 1.00
Package: 1

TREE / PV INFORMATION:
Total Left PV: 2
Paid Left PV: 2
Available Left PV: 0

Total Right PV: 1
Paid Right PV: 1
Available Right PV: 0

Lifetime Paid Pairs: 1

DIRECT SPONSOR INFORMATION:
Direct Left: 0
Direct Right: 0
(Informational ONLY - Does not block 2:1 / 1:2 PV matching)

PAIR CALCULATION:
BINARY RATIO CHECK:
Left Available: 0
Right Available: 0

Checking 2:1:
Left >= 2? NO (Left = 0 < 2)
Right >= 1? NO (Right = 0 < 1)

Checking 1:2:
Left >= 1? NO (Left = 0 < 1)
Right >= 2? NO (Right = 0 < 2)

Selected Ratio:
NONE

Pairs Calculated: 0
Left PV To Consume: 0
Right PV To Consume: 0

FINAL RESULT = NO PAIR FORMED
Pairs Generated = 0
Payout Generated = 0
Left PV Remaining = 0
Right PV Remaining = 0
========================================

========================================
[BINARY DEBUG]
TIME: 2026-09-03 02:05:32
FUNCTION ENTERED: process_binary
USER ID: 487347
========================================

========================================
[BINARY DEBUG]
TIME: 2026-09-03 02:05:32
USER ID: 487347
FUNCTION: process_binary
========================================

MEMBER INFORMATION:
Member ID: 487347
Member Name: t2
Status: Active
Rank: Member
Topup: 1.00
Package: 1

TREE / PV INFORMATION:
Total Left PV: 1
Paid Left PV: 0
Available Left PV: 1

Total Right PV: 1
Paid Right PV: 0
Available Right PV: 1

Lifetime Paid Pairs: 0

DIRECT SPONSOR INFORMATION:
Direct Left: 0
Direct Right: 0
(Informational ONLY - Does not block 2:1 / 1:2 PV matching)

PAIR CALCULATION:
BINARY RATIO CHECK:
Left Available: 1
Right Available: 1

Checking 2:1:
Left >= 2? NO (Left = 1 < 2)
Right >= 1? YES (Right = 1 >= 1)

Checking 1:2:
Left >= 1? YES (Left = 1 >= 1)
Right >= 2? NO (Right = 1 < 2)

Selected Ratio:
NONE

Pairs Calculated: 0
Left PV To Consume: 0
Right PV To Consume: 0

FINAL RESULT = NO PAIR FORMED
Pairs Generated = 0
Payout Generated = 0
Left PV Remaining = 1
Right PV Remaining = 1
========================================

========================================
[BINARY DEBUG]
TIME: 2026-09-03 02:22:55
FUNCTION ENTERED: process_binary
USER ID: 1001
========================================

========================================
[BINARY DEBUG]
TIME: 2026-09-03 02:22:55
USER ID: 1001
FUNCTION: process_binary
========================================

MEMBER INFORMATION:
Member ID: 1001
Member Name: Green Amrut Herbal Multitrade Private Limited
Status: Active
Rank: Bronze Associate
Topup: 1.00
Package: 1

TREE / PV INFORMATION:
Total Left PV: 6
Paid Left PV: 4
Available Left PV: 2

Total Right PV: 3
Paid Right PV: 2
Available Right PV: 1

Lifetime Paid Pairs: 2

DIRECT SPONSOR INFORMATION:
Direct Left: 6
Direct Right: 3
(Informational ONLY - Does not block 2:1 / 1:2 PV matching)

PAIR CALCULATION:
BINARY RATIO CHECK:
Left Available: 2
Right Available: 1

Checking 2:1:
Left >= 2? YES (Left = 2 >= 2)
Right >= 1? YES (Right = 1 >= 1)

Checking 1:2:
Left >= 1? YES (Left = 2 >= 1)
Right >= 2? NO (Right = 1 < 2)

Selected Ratio:
2:1

Pairs Calculated: 1
Left PV To Consume: 2
Right PV To Consume: 1
PAYOUT CALCULATION:
BINARY PAYOUT CALCULATION:
Package ID: 1
Matching Income Configuration: 890.00
Payout Per Pair: 890
Daily Cap: 14240
Pairs Calculated: 1
Pairs Allowed By Cap: 16
Payable Pairs: 1
Total Payout: 890

DATABASE TRANSACTION:
[BINARY TRANSACTION]
BEGIN

1. EARNING INSERT
BINARY EARNING INSERT:
SUCCESS
Insert ID: 4
User ID: 1001
Amount: 890
Type: Matching Income
Pair Count: 1
Transaction Reference: BIN-1001-20260903022255-1664

2. WALLET CREDIT
WALLET CREDIT:
SUCCESS
User ID: 1001
Previous Balance: 1780
Credit Amount: 890
New Balance: 2670

3. PV CONSUMPTION
PV UPDATE:
Before Paid Left: 4
Before Paid Right: 2
Left PV Consumed: 2
Right PV Consumed: 1
After Paid Left: 6
After Paid Right: 3

4. LIFETIME PAIR UPDATE
LIFETIME PAIR UPDATE:
Before: 2
Added: 1
After: 3

5. TRANSACTION
BINARY TRANSACTION:
COMMITTED

FINAL RESULT = PAYOUT GENERATED
Pairs Generated = 1
Payout Generated = 890
Left PV Remaining = 0
Right PV Remaining = 0
========================================

========================================
[BINARY DEBUG]
TIME: 2026-09-03 02:22:55
FUNCTION ENTERED: process_binary
USER ID: 164438
========================================

========================================
[BINARY DEBUG]
TIME: 2026-09-03 02:22:55
USER ID: 164438
FUNCTION: process_binary
========================================

MEMBER INFORMATION:
Member ID: 164438
Member Name: t3
Status: Active
Rank: Member
Topup: 1.00
Package: 1

TREE / PV INFORMATION:
Total Left PV: 1
Paid Left PV: 0
Available Left PV: 1

Total Right PV: 1
Paid Right PV: 0
Available Right PV: 1

Lifetime Paid Pairs: 0

DIRECT SPONSOR INFORMATION:
Direct Left: 0
Direct Right: 0
(Informational ONLY - Does not block 2:1 / 1:2 PV matching)

PAIR CALCULATION:
BINARY RATIO CHECK:
Left Available: 1
Right Available: 1

Checking 2:1:
Left >= 2? NO (Left = 1 < 2)
Right >= 1? YES (Right = 1 >= 1)

Checking 1:2:
Left >= 1? YES (Left = 1 >= 1)
Right >= 2? NO (Right = 1 < 2)

Selected Ratio:
NONE

Pairs Calculated: 0
Left PV To Consume: 0
Right PV To Consume: 0
FINAL RESULT = NO PAIR FORMED
Pairs Generated = 0
Payout Generated = 0
Left PV Remaining = 1
Right PV Remaining = 1
========================================

========================================
[BINARY DEBUG]
TIME: 2026-09-03 02:22:55
FUNCTION ENTERED: process_binary
USER ID: 222572
========================================

========================================
[BINARY DEBUG]
TIME: 2026-09-03 02:22:55
USER ID: 222572
FUNCTION: process_binary
========================================

MEMBER INFORMATION:
Member ID: 222572
Member Name: t1
Status: Active
Rank: Member
Topup: 1.00
Package: 1

TREE / PV INFORMATION:
Total Left PV: 3
Paid Left PV: 2
Available Left PV: 1

Total Right PV: 2
Paid Right PV: 1
Available Right PV: 1

Lifetime Paid Pairs: 1

DIRECT SPONSOR INFORMATION:
Direct Left: 0
Direct Right: 0
(Informational ONLY - Does not block 2:1 / 1:2 PV matching)

PAIR CALCULATION:
BINARY RATIO CHECK:
Left Available: 1
Right Available: 1

Checking 2:1:
Left >= 2? NO (Left = 1 < 2)
Right >= 1? YES (Right = 1 >= 1)

Checking 1:2:
Left >= 1? YES (Left = 1 >= 1)
Right >= 2? NO (Right = 1 < 2)

Selected Ratio:
NONE

Pairs Calculated: 0
Left PV To Consume: 0
Right PV To Consume: 0
FINAL RESULT = NO PAIR FORMED
Pairs Generated = 0
Payout Generated = 0
Left PV Remaining = 1
Right PV Remaining = 1
========================================

========================================
[BINARY DEBUG]
TIME: 2026-09-03 02:22:55
FUNCTION ENTERED: process_binary
USER ID: 487347
========================================

========================================
[BINARY DEBUG]
TIME: 2026-09-03 02:22:55
USER ID: 487347
FUNCTION: process_binary
========================================

MEMBER INFORMATION:
Member ID: 487347
Member Name: t2
Status: Active
Rank: Member
Topup: 1.00
Package: 1

TREE / PV INFORMATION:
Total Left PV: 1
Paid Left PV: 0
Available Left PV: 1

Total Right PV: 1
Paid Right PV: 0
Available Right PV: 1

Lifetime Paid Pairs: 0

DIRECT SPONSOR INFORMATION:
Direct Left: 0
Direct Right: 0
(Informational ONLY - Does not block 2:1 / 1:2 PV matching)

PAIR CALCULATION:
BINARY RATIO CHECK:
Left Available: 1
Right Available: 1

Checking 2:1:
Left >= 2? NO (Left = 1 < 2)
Right >= 1? YES (Right = 1 >= 1)

Checking 1:2:
Left >= 1? YES (Left = 1 >= 1)
Right >= 2? NO (Right = 1 < 2)

Selected Ratio:
NONE

Pairs Calculated: 0
Left PV To Consume: 0
Right PV To Consume: 0
FINAL RESULT = NO PAIR FORMED
Pairs Generated = 0
Payout Generated = 0
Left PV Remaining = 1
Right PV Remaining = 1
========================================

========================================
[BINARY DEBUG]
TIME: 2026-09-03 02:37:37
FUNCTION ENTERED: process_binary
USER ID: 222572
========================================

========================================
[BINARY DEBUG]
TIME: 2026-09-03 02:37:37
USER ID: 222572
FUNCTION: process_binary
========================================

MEMBER INFORMATION:
Member ID: 222572
Member Name: t1
Status: Active
Rank: Member
Topup: 1.00
Package: 1

TREE / PV INFORMATION:
Total Left PV: 3
Paid Left PV: 2
Available Left PV: 1

Total Right PV: 2
Paid Right PV: 1
Available Right PV: 1

Lifetime Paid Pairs: 1

DIRECT SPONSOR INFORMATION:
Direct Left: 0
Direct Right: 0
(Informational ONLY - Does not block 2:1 / 1:2 PV matching)

PAIR CALCULATION:
BINARY RATIO CHECK:
Left Available: 1
Right Available: 1

Checking 2:1:
Left >= 2? NO (Left = 1 < 2)
Right >= 1? YES (Right = 1 >= 1)

Checking 1:2:
Left >= 1? YES (Left = 1 >= 1)
Right >= 2? NO (Right = 1 < 2)

Selected Ratio:
NONE

Pairs Calculated: 0
Left PV To Consume: 0
Right PV To Consume: 0
FINAL RESULT = NO PAIR FORMED
Pairs Generated = 0
Payout Generated = 0
Left PV Remaining = 1
Right PV Remaining = 1
========================================

========================================
[BINARY DEBUG]
TIME: 2026-09-03 10:30:43
FUNCTION ENTERED: process_binary
USER ID: 1001
========================================

========================================
[BINARY DEBUG]
TIME: 2026-09-03 10:30:43
USER ID: 1001
FUNCTION: process_binary
========================================

MEMBER INFORMATION:
Member ID: 1001
Member Name: Green Amrut Herbal Multitrade Private Limited
Status: Active
Rank: Bronze Associate
Topup: 1.00
Package: 1

TREE / PV INFORMATION:
Total Left PV: 6
Paid Left PV: 6
Available Left PV: 0

Total Right PV: 3
Paid Right PV: 3
Available Right PV: 0

Lifetime Paid Pairs: 3

DIRECT SPONSOR INFORMATION:
Direct Left: 6
Direct Right: 3
(Informational ONLY - Does not block 2:1 / 1:2 PV matching)

PAIR CALCULATION:
BINARY RATIO CHECK:
Left Available: 0
Right Available: 0

Checking 2:1:
Left >= 2? NO (Left = 0 < 2)
Right >= 1? NO (Right = 0 < 1)

Checking 1:2:
Left >= 1? NO (Left = 0 < 1)
Right >= 2? NO (Right = 0 < 2)

Selected Ratio:
NONE

Pairs Calculated: 0
Left PV To Consume: 0
Right PV To Consume: 0
FINAL RESULT = NO PAIR FORMED
Pairs Generated = 0
Payout Generated = 0
Left PV Remaining = 0
Right PV Remaining = 0
========================================

========================================
[BINARY DEBUG]
TIME: 2026-09-03 10:30:43
FUNCTION ENTERED: process_binary
USER ID: 164438
========================================

========================================
[BINARY DEBUG]
TIME: 2026-09-03 10:30:43
USER ID: 164438
FUNCTION: process_binary
========================================

MEMBER INFORMATION:
Member ID: 164438
Member Name: t3
Status: Active
Rank: Member
Topup: 1.00
Package: 1

TREE / PV INFORMATION:
Total Left PV: 1
Paid Left PV: 0
Available Left PV: 1

Total Right PV: 1
Paid Right PV: 0
Available Right PV: 1

Lifetime Paid Pairs: 0

DIRECT SPONSOR INFORMATION:
Direct Left: 0
Direct Right: 0
(Informational ONLY - Does not block 2:1 / 1:2 PV matching)

PAIR CALCULATION:
BINARY RATIO CHECK:
Left Available: 1
Right Available: 1

Checking 2:1:
Left >= 2? NO (Left = 1 < 2)
Right >= 1? YES (Right = 1 >= 1)

Checking 1:2:
Left >= 1? YES (Left = 1 >= 1)
Right >= 2? NO (Right = 1 < 2)

Selected Ratio:
NONE

Pairs Calculated: 0
Left PV To Consume: 0
Right PV To Consume: 0
FINAL RESULT = NO PAIR FORMED
Pairs Generated = 0
Payout Generated = 0
Left PV Remaining = 1
Right PV Remaining = 1
========================================

========================================
[BINARY DEBUG]
TIME: 2026-09-03 10:30:43
FUNCTION ENTERED: process_binary
USER ID: 222572
========================================

========================================
[BINARY DEBUG]
TIME: 2026-09-03 10:30:43
USER ID: 222572
FUNCTION: process_binary
========================================

MEMBER INFORMATION:
Member ID: 222572
Member Name: t1
Status: Active
Rank: Member
Topup: 1.00
Package: 1

TREE / PV INFORMATION:
Total Left PV: 3
Paid Left PV: 2
Available Left PV: 1

Total Right PV: 2
Paid Right PV: 1
Available Right PV: 1

Lifetime Paid Pairs: 1

DIRECT SPONSOR INFORMATION:
Direct Left: 0
Direct Right: 0
(Informational ONLY - Does not block 2:1 / 1:2 PV matching)

PAIR CALCULATION:
BINARY RATIO CHECK:
Left Available: 1
Right Available: 1

Checking 2:1:
Left >= 2? NO (Left = 1 < 2)
Right >= 1? YES (Right = 1 >= 1)

Checking 1:2:
Left >= 1? YES (Left = 1 >= 1)
Right >= 2? NO (Right = 1 < 2)

Selected Ratio:
NONE

Pairs Calculated: 0
Left PV To Consume: 0
Right PV To Consume: 0
FINAL RESULT = NO PAIR FORMED
Pairs Generated = 0
Payout Generated = 0
Left PV Remaining = 1
Right PV Remaining = 1
========================================

========================================
[BINARY DEBUG]
TIME: 2026-09-03 10:30:43
FUNCTION ENTERED: process_binary
USER ID: 487347
========================================

========================================
[BINARY DEBUG]
TIME: 2026-09-03 10:30:43
USER ID: 487347
FUNCTION: process_binary
========================================

MEMBER INFORMATION:
Member ID: 487347
Member Name: t2
Status: Active
Rank: Member
Topup: 1.00
Package: 1

TREE / PV INFORMATION:
Total Left PV: 1
Paid Left PV: 0
Available Left PV: 1

Total Right PV: 1
Paid Right PV: 0
Available Right PV: 1

Lifetime Paid Pairs: 0

DIRECT SPONSOR INFORMATION:
Direct Left: 0
Direct Right: 0
(Informational ONLY - Does not block 2:1 / 1:2 PV matching)

PAIR CALCULATION:
BINARY RATIO CHECK:
Left Available: 1
Right Available: 1

Checking 2:1:
Left >= 2? NO (Left = 1 < 2)
Right >= 1? YES (Right = 1 >= 1)

Checking 1:2:
Left >= 1? YES (Left = 1 >= 1)
Right >= 2? NO (Right = 1 < 2)

Selected Ratio:
NONE

Pairs Calculated: 0
Left PV To Consume: 0
Right PV To Consume: 0
FINAL RESULT = NO PAIR FORMED
Pairs Generated = 0
Payout Generated = 0
Left PV Remaining = 1
Right PV Remaining = 1
========================================

========================================
[BINARY DEBUG]
TIME: 2026-09-03 10:32:46
FUNCTION ENTERED: process_binary
USER ID: 1001
========================================

========================================
[BINARY DEBUG]
TIME: 2026-09-03 10:32:46
USER ID: 1001
FUNCTION: process_binary
========================================

MEMBER INFORMATION:
Member ID: 1001
Member Name: Green Amrut Herbal Multitrade Private Limited
Status: Active
Rank: Bronze Associate
Topup: 1.00
Package: 1

TREE / PV INFORMATION:
Total Left PV: 6
Paid Left PV: 6
Available Left PV: 0

Total Right PV: 3
Paid Right PV: 3
Available Right PV: 0

Lifetime Paid Pairs: 3

DIRECT SPONSOR INFORMATION:
Direct Left: 6
Direct Right: 3
(Informational ONLY - Does not block 2:1 / 1:2 PV matching)

PAIR CALCULATION:
BINARY RATIO CHECK:
Left Available: 0
Right Available: 0

Checking 2:1:
Left >= 2? NO (Left = 0 < 2)
Right >= 1? NO (Right = 0 < 1)

Checking 1:2:
Left >= 1? NO (Left = 0 < 1)
Right >= 2? NO (Right = 0 < 2)

Selected Ratio:
NONE

Pairs Calculated: 0
Left PV To Consume: 0
Right PV To Consume: 0
FINAL RESULT = NO PAIR FORMED
Pairs Generated = 0
Payout Generated = 0
Left PV Remaining = 0
Right PV Remaining = 0
========================================

========================================
[BINARY DEBUG]
TIME: 2026-09-03 10:32:46
FUNCTION ENTERED: process_binary
USER ID: 164438
========================================

========================================
[BINARY DEBUG]
TIME: 2026-09-03 10:32:46
USER ID: 164438
FUNCTION: process_binary
========================================

MEMBER INFORMATION:
Member ID: 164438
Member Name: t3
Status: Active
Rank: Member
Topup: 1.00
Package: 1

TREE / PV INFORMATION:
Total Left PV: 1
Paid Left PV: 0
Available Left PV: 1

Total Right PV: 1
Paid Right PV: 0
Available Right PV: 1

Lifetime Paid Pairs: 0

DIRECT SPONSOR INFORMATION:
Direct Left: 0
Direct Right: 0
(Informational ONLY - Does not block 2:1 / 1:2 PV matching)

PAIR CALCULATION:
BINARY RATIO CHECK:
Left Available: 1
Right Available: 1

Checking 2:1:
Left >= 2? NO (Left = 1 < 2)
Right >= 1? YES (Right = 1 >= 1)

Checking 1:2:
Left >= 1? YES (Left = 1 >= 1)
Right >= 2? NO (Right = 1 < 2)

Selected Ratio:
NONE

Pairs Calculated: 0
Left PV To Consume: 0
Right PV To Consume: 0
FINAL RESULT = NO PAIR FORMED
Pairs Generated = 0
Payout Generated = 0
Left PV Remaining = 1
Right PV Remaining = 1
========================================

========================================
[BINARY DEBUG]
TIME: 2026-09-03 10:32:46
FUNCTION ENTERED: process_binary
USER ID: 222572
========================================

========================================
[BINARY DEBUG]
TIME: 2026-09-03 10:32:46
USER ID: 222572
FUNCTION: process_binary
========================================

MEMBER INFORMATION:
Member ID: 222572
Member Name: t1
Status: Active
Rank: Member
Topup: 1.00
Package: 1

TREE / PV INFORMATION:
Total Left PV: 3
Paid Left PV: 2
Available Left PV: 1

Total Right PV: 2
Paid Right PV: 1
Available Right PV: 1

Lifetime Paid Pairs: 1

DIRECT SPONSOR INFORMATION:
Direct Left: 0
Direct Right: 0
(Informational ONLY - Does not block 2:1 / 1:2 PV matching)

PAIR CALCULATION:
BINARY RATIO CHECK:
Left Available: 1
Right Available: 1

Checking 2:1:
Left >= 2? NO (Left = 1 < 2)
Right >= 1? YES (Right = 1 >= 1)

Checking 1:2:
Left >= 1? YES (Left = 1 >= 1)
Right >= 2? NO (Right = 1 < 2)

Selected Ratio:
NONE

Pairs Calculated: 0
Left PV To Consume: 0
Right PV To Consume: 0
FINAL RESULT = NO PAIR FORMED
Pairs Generated = 0
Payout Generated = 0
Left PV Remaining = 1
Right PV Remaining = 1
========================================

========================================
[BINARY DEBUG]
TIME: 2026-09-03 10:32:46
FUNCTION ENTERED: process_binary
USER ID: 487347
========================================

========================================
[BINARY DEBUG]
TIME: 2026-09-03 10:32:46
USER ID: 487347
FUNCTION: process_binary
========================================

MEMBER INFORMATION:
Member ID: 487347
Member Name: t2
Status: Active
Rank: Member
Topup: 1.00
Package: 1

TREE / PV INFORMATION:
Total Left PV: 1
Paid Left PV: 0
Available Left PV: 1

Total Right PV: 1
Paid Right PV: 0
Available Right PV: 1

Lifetime Paid Pairs: 0

DIRECT SPONSOR INFORMATION:
Direct Left: 0
Direct Right: 0
(Informational ONLY - Does not block 2:1 / 1:2 PV matching)

PAIR CALCULATION:
BINARY RATIO CHECK:
Left Available: 1
Right Available: 1

Checking 2:1:
Left >= 2? NO (Left = 1 < 2)
Right >= 1? YES (Right = 1 >= 1)

Checking 1:2:
Left >= 1? YES (Left = 1 >= 1)
Right >= 2? NO (Right = 1 < 2)

Selected Ratio:
NONE

Pairs Calculated: 0
Left PV To Consume: 0
Right PV To Consume: 0
FINAL RESULT = NO PAIR FORMED
Pairs Generated = 0
Payout Generated = 0
Left PV Remaining = 1
Right PV Remaining = 1
========================================

========================================
[BINARY DEBUG]
TIME: 2026-09-03 10:48:10
FUNCTION ENTERED: process_binary
USER ID: 1001
========================================

========================================
[BINARY DEBUG]
TIME: 2026-09-03 10:48:10
USER ID: 1001
FUNCTION: process_binary
========================================

MEMBER INFORMATION:
Member ID: 1001
Member Name: Green Amrut Herbal Multitrade Private Limited
Status: Active
Rank: Member
Topup: 0.00
Package: N/A

TREE / PV INFORMATION:
Total Left PV: 2
Paid Left PV: 0
Available Left PV: 2

Total Right PV: 1
Paid Right PV: 0
Available Right PV: 1

Lifetime Paid Pairs: 0

DIRECT SPONSOR INFORMATION:
Direct Left: 2
Direct Right: 1
(Informational ONLY - Does not block 2:1 / 1:2 PV matching)

PAIR CALCULATION:
BINARY RATIO CHECK:
Left Available: 2
Right Available: 1

Checking 2:1:
Left >= 2? YES (Left = 2 >= 2)
Right >= 1? YES (Right = 1 >= 1)

Checking 1:2:
Left >= 1? YES (Left = 2 >= 1)
Right >= 2? NO (Right = 1 < 2)

Selected Ratio:
2:1

Pairs Calculated: 1
Left PV To Consume: 2
Right PV To Consume: 1
PAYOUT CALCULATION:
BINARY PAYOUT CALCULATION:
Package ID: N/A
Matching Income Configuration: 890.00
Payout Per Pair: 890
Daily Cap: 14240
Pairs Calculated: 1
Pairs Allowed By Cap: 16
Payable Pairs: 1
Total Payout: 890

DATABASE TRANSACTION:
[BINARY TRANSACTION]
BEGIN

1. EARNING INSERT
BINARY EARNING INSERT:
SUCCESS
Insert ID: 1
User ID: 1001
Amount: 890
Type: Matching Income
Pair Count: 1
Transaction Reference: BIN-1001-20260903104810-8883

2. WALLET CREDIT
WALLET CREDIT:
SUCCESS
User ID: 1001
Previous Balance: 0
Credit Amount: 890
New Balance: 890

3. PV CONSUMPTION
PV UPDATE:
Before Paid Left: 0
Before Paid Right: 0
Left PV Consumed: 2
Right PV Consumed: 1
After Paid Left: 2
After Paid Right: 1

4. LIFETIME PAIR UPDATE
LIFETIME PAIR UPDATE:
Before: 0
Added: 1
After: 1

5. TRANSACTION
BINARY TRANSACTION:
COMMITTED

FINAL RESULT = PAYOUT GENERATED
Pairs Generated = 1
Payout Generated = 890
Left PV Remaining = 0
Right PV Remaining = 0
========================================

========================================
[BINARY DEBUG]
TIME: 2026-09-03 11:03:06
FUNCTION ENTERED: process_binary
USER ID: 1001
========================================

========================================
[BINARY DEBUG]
TIME: 2026-09-03 11:03:06
USER ID: 1001
FUNCTION: process_binary
========================================

MEMBER INFORMATION:
Member ID: 1001
Member Name: Green Amrut Herbal Multitrade Private Limited
Status: Active
Rank: Member
Topup: 0.00
Package: N/A

TREE / PV INFORMATION:
Total Left PV: 2
Paid Left PV: 0
Available Left PV: 2

Total Right PV: 1
Paid Right PV: 0
Available Right PV: 1

Lifetime Paid Pairs: 0

DIRECT SPONSOR INFORMATION:
Direct Left: 2
Direct Right: 1
(Informational ONLY - Does not block 2:1 / 1:2 PV matching)

PAIR CALCULATION:
BINARY RATIO CHECK:
Left Available: 2
Right Available: 1

Checking 2:1:
Left >= 2? YES (Left = 2 >= 2)
Right >= 1? YES (Right = 1 >= 1)

Checking 1:2:
Left >= 1? YES (Left = 2 >= 1)
Right >= 2? NO (Right = 1 < 2)

Selected Ratio:
2:1

Pairs Calculated: 1
Left PV To Consume: 2
Right PV To Consume: 1
PAYOUT CALCULATION:
BINARY PAYOUT CALCULATION:
Package ID: N/A
Matching Income Configuration: 890.00
Payout Per Pair: 890
Daily Cap: 14240
Pairs Calculated: 1
Pairs Allowed By Cap: 16
Payable Pairs: 1
Total Payout: 890

DATABASE TRANSACTION:
[BINARY TRANSACTION]
BEGIN

1. EARNING INSERT
BINARY EARNING INSERT:
SUCCESS
Insert ID: 1
User ID: 1001
Amount: 890
Type: Matching Income
Pair Count: 1
Transaction Reference: BIN-1001-20260903110306-8669

2. WALLET CREDIT
WALLET CREDIT:
SUCCESS
User ID: 1001
Previous Balance: 0
Credit Amount: 890
New Balance: 890

3. PV CONSUMPTION
PV UPDATE:
Before Paid Left: 0
Before Paid Right: 0
Left PV Consumed: 2
Right PV Consumed: 1
After Paid Left: 2
After Paid Right: 1

4. LIFETIME PAIR UPDATE
LIFETIME PAIR UPDATE:
Before: 0
Added: 1
After: 1

5. TRANSACTION
BINARY TRANSACTION:
COMMITTED

FINAL RESULT = PAYOUT GENERATED
Pairs Generated = 1
Payout Generated = 890
Left PV Remaining = 0
Right PV Remaining = 0
========================================

========================================
[DIRECT SPONSOR INCOME DEBUG]
TIME: 2026-09-25 14:56:54
New Member ID: 424402
Direct Sponsor ID: 1001
Package ID: 1
Member PV: 1, Package Ratio: 1, Qty: 1
Existing Direct Sponsor Records: 0
Direct Rate: ₹890.00
Calculated Direct Sponsor Amount: ₹890.00
ACTION: Forwarding to pay_earning for Sponsor #1001
========================================

----------------------------------------
[PAY EARNING GATEWAY]
TIME: 2026-09-25 14:56:54
Receiver User ID: 1001
From User (Ref ID): 424402
Income Type: Direct Sponsor Income
Amount: ₹890.00
Level: 0
Receiver Status: Active
Receiver Topup: ₹8,900.00
ACTION: SUCCESS -> Earning record inserted (ID: 1, Secret: DIR-1001-20260925145654-553, Amount: ₹890.00, Status: Credited to Wallet immediately)
----------------------------------------

========================================
[DIRECT SPONSOR INCOME DEBUG]
TIME: 2026-09-25 14:57:00
New Member ID: 809527
Direct Sponsor ID: 424402
Package ID: 1
Member PV: 1, Package Ratio: 1, Qty: 1
Existing Direct Sponsor Records: 0
Direct Rate: ₹890.00
Calculated Direct Sponsor Amount: ₹890.00
ACTION: Forwarding to pay_earning for Sponsor #424402
========================================

----------------------------------------
[PAY EARNING GATEWAY]
TIME: 2026-09-25 14:57:00
Receiver User ID: 424402
From User (Ref ID): 809527
Income Type: Direct Sponsor Income
Amount: ₹890.00
Level: 0
Receiver Status: Active
Receiver Topup: ₹8,900.00
ACTION: SUCCESS -> Earning record inserted (ID: 2, Secret: DIR-424402-20260925145700-916, Amount: ₹890.00, Status: Credited to Wallet immediately)
----------------------------------------

========================================
[DIRECT SPONSOR INCOME DEBUG]
TIME: 2026-09-25 14:57:06
New Member ID: 556167
Direct Sponsor ID: 809527
Package ID: 1
Member PV: 1, Package Ratio: 1, Qty: 1
Existing Direct Sponsor Records: 0
Direct Rate: ₹890.00
Calculated Direct Sponsor Amount: ₹890.00
ACTION: Forwarding to pay_earning for Sponsor #809527
========================================

----------------------------------------
[PAY EARNING GATEWAY]
TIME: 2026-09-25 14:57:06
Receiver User ID: 809527
From User (Ref ID): 556167
Income Type: Direct Sponsor Income
Amount: ₹890.00
Level: 0
Receiver Status: Active
Receiver Topup: ₹8,900.00
ACTION: SUCCESS -> Earning record inserted (ID: 3, Secret: DIR-809527-20260925145706-440, Amount: ₹890.00, Status: Credited to Wallet immediately)
----------------------------------------

========================================
[DIRECT SPONSOR INCOME DEBUG]
TIME: 2026-09-25 14:59:27
New Member ID: 564460
Direct Sponsor ID: 1001
Package ID: 1
Member PV: 1, Package Ratio: 1, Qty: 1
Existing Direct Sponsor Records: 0
Direct Rate: ₹890.00
Calculated Direct Sponsor Amount: ₹890.00
ACTION: Forwarding to pay_earning for Sponsor #1001
========================================

----------------------------------------
[PAY EARNING GATEWAY]
TIME: 2026-09-25 14:59:27
Receiver User ID: 1001
From User (Ref ID): 564460
Income Type: Direct Sponsor Income
Amount: ₹890.00
Level: 0
Receiver Status: Active
Receiver Topup: ₹8,900.00
ACTION: SUCCESS -> Earning record inserted (ID: 4, Secret: DIR-1001-20260925145927-211, Amount: ₹890.00, Status: Credited to Wallet immediately)
----------------------------------------

========================================
[BINARY DEBUG]
TIME: 2026-09-25 14:59:57
FUNCTION ENTERED: process_binary
USER ID: 1001
========================================

========================================
[DRB / LEVEL INCOME DEBUG]
TIME: 2026-09-25 14:59:58
DOWNLINE EARNER ID: 1001
PACKAGE ID: 1
PARSED LEVEL 1 %: 30%
PARSED LEVEL 2 %: 20%

--- LEVEL 1 DRB CALCULATION (30%) ---
Direct Sponsor ID: 1000
Calculated Level 1 Amount: ₹267.00
ACTION: SKIPPED (No valid direct sponsor found / Sponsor is 1000)

--- LEVEL 2 DRB CALCULATION (20%) ---
Level 2 Sponsor ID: None
Calculated Level 2 Amount: ₹178.00
ACTION: SKIPPED (No valid Level 2 sponsor found / Level 2 Sponsor is 1000)
========================================

========================================
[BINARY DEBUG]
TIME: 2026-09-25 14:59:57
USER ID: 1001
FUNCTION: process_binary
========================================

MEMBER INFORMATION:
Member ID: 1001
Member Name: Green Amrut Herbal Multitrade Private Limited
Status: Active
Rank: Member
Topup: 8900.00
Package: 1

TREE / PV INFORMATION:
Total Left PV: 3
Paid Left PV: 0
Available Left PV: 3

Total Right PV: 1
Paid Right PV: 0
Available Right PV: 1

Lifetime Paid Pairs: 0

DIRECT SPONSOR INFORMATION:
Direct Left: 1
Direct Right: 1
(Informational ONLY - Does not block 2:1 / 1:2 PV matching)

PAIR CALCULATION:
BINARY RATIO CHECK:
Left Available: 3
Right Available: 1
Lifetime Previous Pairs: 0

Checking 2:1:
Left >= 2? YES (Left = 3 >= 2)
Right >= 1? YES (Right = 1 >= 1)

Checking 1:2:
Left >= 1? YES (Left = 3 >= 1)
Right >= 2? NO (Right = 1 < 2)

Selected Ratio: 2:1
Pairs Calculated: 1
Left PV To Consume: 2
Right PV To Consume: 1
PAYOUT CALCULATION:
BINARY PAYOUT CALCULATION:
Package ID: 1
Matching Income Configuration: 
Payout Per Pair: 890
Daily Cap: 14240
Pairs Calculated: 1
Pairs Allowed By Cap: 16
Payable Pairs: 1
Total Payout: 890

DATABASE TRANSACTION:
[BINARY TRANSACTION]
BEGIN

1. EARNING INSERT
BINARY EARNING INSERT:
SUCCESS
Insert ID: 
User ID: 1001
Amount: 890
Type: Matching Income
Pair Count: 1
Transaction Reference: BIN-1001-20260925145957-9259

2. WALLET CREDIT
WALLET CREDIT:
SUCCESS
User ID: 1001
Previous Balance: 0
Credit Amount: 890
New Balance: 0

3. PV CONSUMPTION
PV UPDATE:
Before Paid Left: 0
Before Paid Right: 0
Left PV Consumed: 2
Right PV Consumed: 1
After Paid Left: 2
After Paid Right: 1

4. LIFETIME PAIR UPDATE
LIFETIME PAIR UPDATE:
Before: 0
Added: 1
After: 1

5. TRANSACTION
BINARY TRANSACTION:
COMMITTED

FINAL RESULT = PAYOUT GENERATED
Pairs Generated = 1
Payout Generated = 890
Left PV Remaining = 1
Right PV Remaining = 0
========================================

========================================
[DRB / LEVEL INCOME DEBUG]
TIME: 2026-09-25 14:59:58
DOWNLINE EARNER ID: 1001
PACKAGE ID: 1
PARSED LEVEL 1 %: 30%
PARSED LEVEL 2 %: 20%

--- LEVEL 1 DRB CALCULATION (30%) ---
Direct Sponsor ID: 1000
Calculated Level 1 Amount: ₹267.00
ACTION: SKIPPED (No valid direct sponsor found / Sponsor is 1000)

--- LEVEL 2 DRB CALCULATION (20%) ---
Level 2 Sponsor ID: None
Calculated Level 2 Amount: ₹178.00
ACTION: SKIPPED (No valid Level 2 sponsor found / Level 2 Sponsor is 1000)
========================================

========================================
[DIRECT SPONSOR INCOME DEBUG]
TIME: 2026-09-25 15:04:12
New Member ID: 276574
Direct Sponsor ID: 424402
Package ID: 1
Member PV: 1, Package Ratio: 1, Qty: 1
Existing Direct Sponsor Records: 0
Direct Rate: ₹890.00
Calculated Direct Sponsor Amount: ₹890.00
ACTION: Forwarding to pay_earning for Sponsor #424402
========================================

----------------------------------------
[PAY EARNING GATEWAY]
TIME: 2026-09-25 15:04:12
Receiver User ID: 424402
From User (Ref ID): 276574
Income Type: Direct Sponsor Income
Amount: ₹890.00
Level: 0
Receiver Status: Active
Receiver Topup: ₹8,900.00
ACTION: SUCCESS -> Earning record inserted (ID: 6, Secret: DIR-424402-20260925150412-719, Amount: ₹890.00, Status: Credited to Wallet IMMEDIATELY - Direct Sponsor Income)
----------------------------------------

========================================
[BINARY DEBUG]
TIME: 2026-09-25 15:04:49
FUNCTION ENTERED: process_binary
USER ID: 1001
========================================

========================================
[BINARY DEBUG]
TIME: 2026-09-25 15:04:49
USER ID: 1001
FUNCTION: process_binary
========================================

MEMBER INFORMATION:
Member ID: 1001
Member Name: Green Amrut Herbal Multitrade Private Limited
Status: Active
Rank: Member
Topup: 8900.00
Package: 1

TREE / PV INFORMATION:
Total Left PV: 4
Paid Left PV: 2
Available Left PV: 2

Total Right PV: 1
Paid Right PV: 1
Available Right PV: 0

Lifetime Paid Pairs: 1

DIRECT SPONSOR INFORMATION:
Direct Left: 1
Direct Right: 1
(Informational ONLY - Does not block 2:1 / 1:2 PV matching)

PAIR CALCULATION:
BINARY RATIO CHECK:
Left Available: 2
Right Available: 0
Lifetime Previous Pairs: 1

Checking 2:1:
Left >= 2? YES (Left = 2 >= 2)
Right >= 1? NO (Right = 0 < 1)

Checking 1:2:
Left >= 1? YES (Left = 2 >= 1)
Right >= 2? NO (Right = 0 < 2)

Selected Ratio: NONE
Pairs Calculated: 0
Left PV To Consume: 0
Right PV To Consume: 0
FINAL RESULT = NO PAIR FORMED
Pairs Generated = 0
Payout Generated = 0
Left PV Remaining = 2
Right PV Remaining = 0
========================================

========================================
[BINARY DEBUG]
TIME: 2026-09-25 15:04:49
FUNCTION ENTERED: process_binary
USER ID: 424402
========================================

----------------------------------------
[PAY EARNING GATEWAY]
TIME: 2026-09-25 15:04:49
Receiver User ID: 1001
From User (Ref ID): 424402
Income Type: Direct Referral Bonus Level 1
Amount: ₹267.00
Level: 1
Receiver Status: Active
Receiver Topup: ₹8,900.00
ACTION: SUCCESS -> Earning record inserted (ID: 8, Secret: DRB1-7, Amount: ₹267.00, Status: Pending - Will be credited to Wallet when Midnight Cron runs)
----------------------------------------

========================================
[DRB / LEVEL INCOME DEBUG]
TIME: 2026-09-25 15:04:49
DOWNLINE EARNER ID: 424402
PACKAGE ID: 1
PARSED LEVEL 1 %: 30%
PARSED LEVEL 2 %: 20%

--- LEVEL 1 DRB CALCULATION (30%) ---
Direct Sponsor ID: 1001
Calculated Level 1 Amount: ₹267.00
ACTION: CREDITED -> User #1001 received ₹267.00 as Direct Referral Bonus Level 1 (30%)

--- LEVEL 2 DRB CALCULATION (20%) ---
Level 2 Sponsor ID: 1000
Calculated Level 2 Amount: ₹178.00
ACTION: SKIPPED (No valid Level 2 sponsor found / Level 2 Sponsor is 1000)
========================================

========================================
[BINARY DEBUG]
TIME: 2026-09-25 15:04:49
USER ID: 424402
FUNCTION: process_binary
========================================

MEMBER INFORMATION:
Member ID: 424402
Member Name: Kirk Donaldson
Status: Active
Rank: Member
Topup: 8900.00
Package: 1

TREE / PV INFORMATION:
Total Left PV: 2
Paid Left PV: 0
Available Left PV: 2

Total Right PV: 1
Paid Right PV: 0
Available Right PV: 1

Lifetime Paid Pairs: 0

DIRECT SPONSOR INFORMATION:
Direct Left: 1
Direct Right: 1
(Informational ONLY - Does not block 2:1 / 1:2 PV matching)

PAIR CALCULATION:
BINARY RATIO CHECK:
Left Available: 2
Right Available: 1
Lifetime Previous Pairs: 0

Checking 2:1:
Left >= 2? YES (Left = 2 >= 2)
Right >= 1? YES (Right = 1 >= 1)

Checking 1:2:
Left >= 1? YES (Left = 2 >= 1)
Right >= 2? NO (Right = 1 < 2)

Selected Ratio: 2:1
Pairs Calculated: 1
Left PV To Consume: 2
Right PV To Consume: 1
PAYOUT CALCULATION:
BINARY PAYOUT CALCULATION:
Package ID: 1
Matching Income Configuration: 
Payout Per Pair: 890
Daily Cap: 14240
Pairs Calculated: 1
Pairs Allowed By Cap: 16
Payable Pairs: 1
Total Payout: 890

DATABASE TRANSACTION:
[BINARY TRANSACTION]
BEGIN

1. EARNING INSERT
BINARY EARNING INSERT:
SUCCESS
Insert ID: 
User ID: 424402
Amount: 890
Type: Matching Income
Pair Count: 1
Transaction Reference: BIN-424402-20260925150449-5414

2. WALLET CREDIT
WALLET CREDIT:
SUCCESS
User ID: 424402
Previous Balance: 0
Credit Amount: 890
New Balance: 0

3. PV CONSUMPTION
PV UPDATE:
Before Paid Left: 0
Before Paid Right: 0
Left PV Consumed: 2
Right PV Consumed: 1
After Paid Left: 2
After Paid Right: 1

4. LIFETIME PAIR UPDATE
LIFETIME PAIR UPDATE:
Before: 0
Added: 1
After: 1

5. TRANSACTION
BINARY TRANSACTION:
COMMITTED

FINAL RESULT = PAYOUT GENERATED
Pairs Generated = 1
Payout Generated = 890
Left PV Remaining = 0
Right PV Remaining = 0
========================================

========================================
[DRB / LEVEL INCOME DEBUG]
TIME: 2026-09-25 15:04:49
DOWNLINE EARNER ID: 1001
PACKAGE ID: 1
PARSED LEVEL 1 %: 30%
PARSED LEVEL 2 %: 20%

--- LEVEL 1 DRB CALCULATION (30%) ---
Direct Sponsor ID: 1000
Calculated Level 1 Amount: ₹267.00
ACTION: SKIPPED (No valid direct sponsor found / Sponsor is 1000)

--- LEVEL 2 DRB CALCULATION (20%) ---
Level 2 Sponsor ID: None
Calculated Level 2 Amount: ₹178.00
ACTION: SKIPPED (No valid Level 2 sponsor found / Level 2 Sponsor is 1000)
========================================

========================================
[DRB / LEVEL INCOME DEBUG]
TIME: 2026-09-25 15:04:49
DOWNLINE EARNER ID: 424402
PACKAGE ID: 1
PARSED LEVEL 1 %: 30%
PARSED LEVEL 2 %: 20%

--- LEVEL 1 DRB CALCULATION (30%) ---
Direct Sponsor ID: 1001
Calculated Level 1 Amount: ₹267.00
ACTION: SKIPPED (Duplicate prevention: DRB Level 1 already generated for this matching event)

--- LEVEL 2 DRB CALCULATION (20%) ---
Level 2 Sponsor ID: 1000
Calculated Level 2 Amount: ₹178.00
ACTION: SKIPPED (No valid Level 2 sponsor found / Level 2 Sponsor is 1000)
========================================

========================================
[DIRECT SPONSOR INCOME DEBUG]
TIME: 2026-09-25 15:13:08
New Member ID: 384810
Direct Sponsor ID: 826773
Package ID: 1
Member PV: 1, Package Ratio: 1, Qty: 1
Existing Direct Sponsor Records: 0
Direct Rate: ₹890.00
Calculated Direct Sponsor Amount: ₹890.00
ACTION: Forwarding to pay_earning for Sponsor #826773
========================================

----------------------------------------
[PAY EARNING GATEWAY]
TIME: 2026-09-25 15:13:08
Receiver User ID: 826773
From User (Ref ID): 384810
Income Type: Direct Sponsor Income
Amount: ₹890.00
Level: 0
Receiver Status: 
Receiver Topup: ₹0.00
ACTION: LAPSED (Receiver account is Inactive / Deactive - Status: , Topup: 0.00)
----------------------------------------

========================================
[DIRECT SPONSOR INCOME DEBUG]
TIME: 2026-09-25 15:13:14
New Member ID: 826773
Direct Sponsor ID: 809527
Package ID: 1
Member PV: 1, Package Ratio: 1, Qty: 1
Existing Direct Sponsor Records: 0
Direct Rate: ₹890.00
Calculated Direct Sponsor Amount: ₹890.00
ACTION: Forwarding to pay_earning for Sponsor #809527
========================================

----------------------------------------
[PAY EARNING GATEWAY]
TIME: 2026-09-25 15:13:14
Receiver User ID: 809527
From User (Ref ID): 826773
Income Type: Direct Sponsor Income
Amount: ₹890.00
Level: 0
Receiver Status: Active
Receiver Topup: ₹8,900.00
ACTION: SUCCESS -> Earning record inserted (ID: 9, Secret: DIR-809527-20260925151314-908, Amount: ₹890.00, Status: Credited to Wallet IMMEDIATELY - Direct Sponsor Income)
----------------------------------------

----------------------------------------
[PAY EARNING GATEWAY]
TIME: 2026-09-25 15:13:55
Receiver User ID: 826773
From User (Ref ID): 384810
Income Type: Direct Sponsor Income
Amount: ₹890.00
Level: 0
Receiver Status: Active
Receiver Topup: ₹8,900.00
ACTION: SUCCESS -> Earning record inserted (ID: 10, Secret: DIR-826773-20260925151355-672, Amount: ₹890.00, Status: Credited to Wallet IMMEDIATELY - Direct Sponsor Income)
----------------------------------------

========================================
[BINARY DEBUG]
TIME: 2026-09-25 15:13:55
FUNCTION ENTERED: process_binary
USER ID: 1001
========================================

========================================
[BINARY DEBUG]
TIME: 2026-09-25 15:13:55
USER ID: 1001
FUNCTION: process_binary
========================================

MEMBER INFORMATION:
Member ID: 1001
Member Name: Green Amrut Herbal Multitrade Private Limited
Status: Active
Rank: Member
Topup: 8900.00
Package: 1

TREE / PV INFORMATION:
Total Left PV: 6
Paid Left PV: 2
Available Left PV: 4

Total Right PV: 1
Paid Right PV: 1
Available Right PV: 0

Lifetime Paid Pairs: 1

DIRECT SPONSOR INFORMATION:
Direct Left: 1
Direct Right: 1
(Informational ONLY - Does not block 2:1 / 1:2 PV matching)

PAIR CALCULATION:
BINARY RATIO CHECK:
Left Available: 4
Right Available: 0
Lifetime Previous Pairs: 1

Checking 2:1:
Left >= 2? YES (Left = 4 >= 2)
Right >= 1? NO (Right = 0 < 1)

Checking 1:2:
Left >= 1? YES (Left = 4 >= 1)
Right >= 2? NO (Right = 0 < 2)

Selected Ratio: NONE
Pairs Calculated: 0
Left PV To Consume: 0
Right PV To Consume: 0
FINAL RESULT = NO PAIR FORMED
Pairs Generated = 0
Payout Generated = 0
Left PV Remaining = 4
Right PV Remaining = 0
========================================

========================================
[BINARY DEBUG]
TIME: 2026-09-25 15:13:55
FUNCTION ENTERED: process_binary
USER ID: 424402
========================================

========================================
[BINARY DEBUG]
TIME: 2026-09-25 15:13:55
USER ID: 424402
FUNCTION: process_binary
========================================

MEMBER INFORMATION:
Member ID: 424402
Member Name: Kirk Donaldson
Status: Active
Rank: Member
Topup: 8900.00
Package: 1

TREE / PV INFORMATION:
Total Left PV: 4
Paid Left PV: 2
Available Left PV: 2

Total Right PV: 1
Paid Right PV: 1
Available Right PV: 0

Lifetime Paid Pairs: 1

DIRECT SPONSOR INFORMATION:
Direct Left: 1
Direct Right: 1
(Informational ONLY - Does not block 2:1 / 1:2 PV matching)

PAIR CALCULATION:
BINARY RATIO CHECK:
Left Available: 2
Right Available: 0
Lifetime Previous Pairs: 1

Checking 2:1:
Left >= 2? YES (Left = 2 >= 2)
Right >= 1? NO (Right = 0 < 1)

Checking 1:2:
Left >= 1? YES (Left = 2 >= 1)
Right >= 2? NO (Right = 0 < 2)

Selected Ratio: NONE
Pairs Calculated: 0
Left PV To Consume: 0
Right PV To Consume: 0
FINAL RESULT = NO PAIR FORMED
Pairs Generated = 0
Payout Generated = 0
Left PV Remaining = 2
Right PV Remaining = 0
========================================

========================================
[BINARY DEBUG]
TIME: 2026-09-25 15:13:55
FUNCTION ENTERED: process_binary
USER ID: 809527
========================================

----------------------------------------
[PAY EARNING GATEWAY]
TIME: 2026-09-25 15:13:55
Receiver User ID: 424402
From User (Ref ID): 809527
Income Type: Direct Referral Bonus Level 1
Amount: ₹267.00
Level: 1
Receiver Status: Active
Receiver Topup: ₹8,900.00
ACTION: SUCCESS -> Earning record inserted (ID: 12, Secret: DRB1-11, Amount: ₹267.00, Status: Pending - Will be credited to Wallet when Midnight Cron runs)
----------------------------------------

----------------------------------------
[PAY EARNING GATEWAY]
TIME: 2026-09-25 15:13:55
Receiver User ID: 1001
From User (Ref ID): 809527
Income Type: Direct Referral Bonus Level 2
Amount: ₹178.00
Level: 2
Receiver Status: Active
Receiver Topup: ₹8,900.00
ACTION: SUCCESS -> Earning record inserted (ID: 13, Secret: DRB2-11, Amount: ₹178.00, Status: Pending - Will be credited to Wallet when Midnight Cron runs)
----------------------------------------

========================================
[DRB / LEVEL INCOME DEBUG]
TIME: 2026-09-25 15:13:55
DOWNLINE EARNER ID: 809527
PACKAGE ID: 1
PARSED LEVEL 1 %: 30%
PARSED LEVEL 2 %: 20%

--- LEVEL 1 DRB CALCULATION (30%) ---
Direct Sponsor ID: 424402
Calculated Level 1 Amount: ₹267.00
ACTION: CREDITED -> User #424402 received ₹267.00 as Direct Referral Bonus Level 1 (30%)

--- LEVEL 2 DRB CALCULATION (20%) ---
Level 2 Sponsor ID: 1001
Calculated Level 2 Amount: ₹178.00
ACTION: CREDITED -> User #1001 received ₹178.00 as Direct Referral Bonus Level 2 (20%)
========================================

========================================
[BINARY DEBUG]
TIME: 2026-09-25 15:13:55
USER ID: 809527
FUNCTION: process_binary
========================================

MEMBER INFORMATION:
Member ID: 809527
Member Name: Kirk Donaldson
Status: Active
Rank: Member
Topup: 8900.00
Package: 1

TREE / PV INFORMATION:
Total Left PV: 1
Paid Left PV: 0
Available Left PV: 1

Total Right PV: 2
Paid Right PV: 0
Available Right PV: 2

Lifetime Paid Pairs: 0

DIRECT SPONSOR INFORMATION:
Direct Left: 1
Direct Right: 1
(Informational ONLY - Does not block 2:1 / 1:2 PV matching)

PAIR CALCULATION:
BINARY RATIO CHECK:
Left Available: 1
Right Available: 2
Lifetime Previous Pairs: 0

Checking 2:1:
Left >= 2? NO (Left = 1 < 2)
Right >= 1? YES (Right = 2 >= 1)

Checking 1:2:
Left >= 1? YES (Left = 1 >= 1)
Right >= 2? YES (Right = 2 >= 2)

Selected Ratio: 1:2
Pairs Calculated: 1
Left PV To Consume: 1
Right PV To Consume: 2
PAYOUT CALCULATION:
BINARY PAYOUT CALCULATION:
Package ID: 1
Matching Income Configuration: 
Payout Per Pair: 890
Daily Cap: 14240
Pairs Calculated: 1
Pairs Allowed By Cap: 16
Payable Pairs: 1
Total Payout: 890

DATABASE TRANSACTION:
[BINARY TRANSACTION]
BEGIN

1. EARNING INSERT
BINARY EARNING INSERT:
SUCCESS
Insert ID: 
User ID: 809527
Amount: 890
Type: Matching Income
Pair Count: 1
Transaction Reference: BIN-809527-20260925151355-3380

2. WALLET CREDIT
WALLET CREDIT:
SUCCESS
User ID: 809527
Previous Balance: 0
Credit Amount: 890
New Balance: 0

3. PV CONSUMPTION
PV UPDATE:
Before Paid Left: 0
Before Paid Right: 0
Left PV Consumed: 1
Right PV Consumed: 2
After Paid Left: 1
After Paid Right: 2

4. LIFETIME PAIR UPDATE
LIFETIME PAIR UPDATE:
Before: 0
Added: 1
After: 1

5. TRANSACTION
BINARY TRANSACTION:
COMMITTED

FINAL RESULT = PAYOUT GENERATED
Pairs Generated = 1
Payout Generated = 890
Left PV Remaining = 0
Right PV Remaining = 0
========================================

========================================
[DRB / LEVEL INCOME DEBUG]
TIME: 2026-09-25 15:13:55
DOWNLINE EARNER ID: 1001
PACKAGE ID: 1
PARSED LEVEL 1 %: 30%
PARSED LEVEL 2 %: 20%

--- LEVEL 1 DRB CALCULATION (30%) ---
Direct Sponsor ID: 1000
Calculated Level 1 Amount: ₹267.00
ACTION: SKIPPED (No valid direct sponsor found / Sponsor is 1000)

--- LEVEL 2 DRB CALCULATION (20%) ---
Level 2 Sponsor ID: None
Calculated Level 2 Amount: ₹178.00
ACTION: SKIPPED (No valid Level 2 sponsor found / Level 2 Sponsor is 1000)
========================================

========================================
[DRB / LEVEL INCOME DEBUG]
TIME: 2026-09-25 15:13:55
DOWNLINE EARNER ID: 424402
PACKAGE ID: 1
PARSED LEVEL 1 %: 30%
PARSED LEVEL 2 %: 20%

--- LEVEL 1 DRB CALCULATION (30%) ---
Direct Sponsor ID: 1001
Calculated Level 1 Amount: ₹267.00
ACTION: SKIPPED (Duplicate prevention: DRB Level 1 already generated for this matching event)

--- LEVEL 2 DRB CALCULATION (20%) ---
Level 2 Sponsor ID: 1000
Calculated Level 2 Amount: ₹178.00
ACTION: SKIPPED (No valid Level 2 sponsor found / Level 2 Sponsor is 1000)
========================================

========================================
[DRB / LEVEL INCOME DEBUG]
TIME: 2026-09-25 15:13:55
DOWNLINE EARNER ID: 809527
PACKAGE ID: 1
PARSED LEVEL 1 %: 30%
PARSED LEVEL 2 %: 20%

--- LEVEL 1 DRB CALCULATION (30%) ---
Direct Sponsor ID: 424402
Calculated Level 1 Amount: ₹267.00
ACTION: SKIPPED (Duplicate prevention: DRB Level 1 already generated for this matching event)

--- LEVEL 2 DRB CALCULATION (20%) ---
Level 2 Sponsor ID: 1001
Calculated Level 2 Amount: ₹178.00
ACTION: SKIPPED (Duplicate prevention: DRB Level 2 already generated for this matching event)
========================================

========================================
[DIRECT SPONSOR INCOME DEBUG]
TIME: 2026-09-25 15:22:31
New Member ID: 301953
Direct Sponsor ID: 826773
Package ID: 1
Member PV: 1, Package Ratio: 1, Qty: 1
Existing Direct Sponsor Records: 0
Direct Rate: ₹890.00
Calculated Direct Sponsor Amount: ₹890.00
ACTION: Forwarding to pay_earning for Sponsor #826773
========================================

----------------------------------------
[PAY EARNING GATEWAY]
TIME: 2026-09-25 15:22:31
Receiver User ID: 826773
From User (Ref ID): 301953
Income Type: Direct Sponsor Income
Amount: ₹890.00
Level: 0
Receiver Status: Active
Receiver Topup: ₹8,900.00
ACTION: SUCCESS -> Earning record inserted (ID: 14, Secret: DIR-826773-20260925152231-350, Amount: ₹890.00, Status: Credited to Wallet IMMEDIATELY - Direct Sponsor Income)
----------------------------------------

========================================
[DIRECT SPONSOR INCOME DEBUG]
TIME: 2026-09-25 15:22:37
New Member ID: 743536
Direct Sponsor ID: 301953
Package ID: 1
Member PV: 1, Package Ratio: 1, Qty: 1
Existing Direct Sponsor Records: 0
Direct Rate: ₹890.00
Calculated Direct Sponsor Amount: ₹890.00
ACTION: Forwarding to pay_earning for Sponsor #301953
========================================

----------------------------------------
[PAY EARNING GATEWAY]
TIME: 2026-09-25 15:22:37
Receiver User ID: 301953
From User (Ref ID): 743536
Income Type: Direct Sponsor Income
Amount: ₹890.00
Level: 0
Receiver Status: Active
Receiver Topup: ₹8,900.00
ACTION: SUCCESS -> Earning record inserted (ID: 15, Secret: DIR-301953-20260925152237-922, Amount: ₹890.00, Status: Credited to Wallet IMMEDIATELY - Direct Sponsor Income)
----------------------------------------

========================================
[BINARY DEBUG]
TIME: 2026-09-25 15:23:06
FUNCTION ENTERED: process_binary
USER ID: 1001
========================================

========================================
[BINARY DEBUG]
TIME: 2026-09-25 15:23:06
USER ID: 1001
FUNCTION: process_binary
========================================

MEMBER INFORMATION:
Member ID: 1001
Member Name: Green Amrut Herbal Multitrade Private Limited
Status: Active
Rank: Member
Topup: 8900.00
Package: 1

TREE / PV INFORMATION:
Total Left PV: 8
Paid Left PV: 2
Available Left PV: 6

Total Right PV: 1
Paid Right PV: 1
Available Right PV: 0

Lifetime Paid Pairs: 1

DIRECT SPONSOR INFORMATION:
Direct Left: 1
Direct Right: 1
(Informational ONLY - Does not block 2:1 / 1:2 PV matching)

PAIR CALCULATION:
BINARY RATIO CHECK:
Left Available: 6
Right Available: 0
Lifetime Previous Pairs: 1

Checking 2:1:
Left >= 2? YES (Left = 6 >= 2)
Right >= 1? NO (Right = 0 < 1)

Checking 1:2:
Left >= 1? YES (Left = 6 >= 1)
Right >= 2? NO (Right = 0 < 2)

Selected Ratio: NONE
Pairs Calculated: 0
Left PV To Consume: 0
Right PV To Consume: 0
FINAL RESULT = NO PAIR FORMED
Pairs Generated = 0
Payout Generated = 0
Left PV Remaining = 6
Right PV Remaining = 0
========================================

========================================
[BINARY DEBUG]
TIME: 2026-09-25 15:23:06
FUNCTION ENTERED: process_binary
USER ID: 424402
========================================

========================================
[BINARY DEBUG]
TIME: 2026-09-25 15:23:06
USER ID: 424402
FUNCTION: process_binary
========================================

MEMBER INFORMATION:
Member ID: 424402
Member Name: Kirk Donaldson
Status: Active
Rank: Member
Topup: 8900.00
Package: 1

TREE / PV INFORMATION:
Total Left PV: 6
Paid Left PV: 2
Available Left PV: 4

Total Right PV: 1
Paid Right PV: 1
Available Right PV: 0

Lifetime Paid Pairs: 1

DIRECT SPONSOR INFORMATION:
Direct Left: 1
Direct Right: 1
(Informational ONLY - Does not block 2:1 / 1:2 PV matching)

PAIR CALCULATION:
BINARY RATIO CHECK:
Left Available: 4
Right Available: 0
Lifetime Previous Pairs: 1

Checking 2:1:
Left >= 2? YES (Left = 4 >= 2)
Right >= 1? NO (Right = 0 < 1)

Checking 1:2:
Left >= 1? YES (Left = 4 >= 1)
Right >= 2? NO (Right = 0 < 2)

Selected Ratio: NONE
Pairs Calculated: 0
Left PV To Consume: 0
Right PV To Consume: 0
FINAL RESULT = NO PAIR FORMED
Pairs Generated = 0
Payout Generated = 0
Left PV Remaining = 4
Right PV Remaining = 0
========================================

========================================
[BINARY DEBUG]
TIME: 2026-09-25 15:23:06
FUNCTION ENTERED: process_binary
USER ID: 809527
========================================

========================================
[BINARY DEBUG]
TIME: 2026-09-25 15:23:06
USER ID: 809527
FUNCTION: process_binary
========================================

MEMBER INFORMATION:
Member ID: 809527
Member Name: Kirk Donaldson
Status: Active
Rank: Member
Topup: 8900.00
Package: 1

TREE / PV INFORMATION:
Total Left PV: 1
Paid Left PV: 1
Available Left PV: 0

Total Right PV: 4
Paid Right PV: 2
Available Right PV: 2

Lifetime Paid Pairs: 1

DIRECT SPONSOR INFORMATION:
Direct Left: 1
Direct Right: 1
(Informational ONLY - Does not block 2:1 / 1:2 PV matching)

PAIR CALCULATION:
BINARY RATIO CHECK:
Left Available: 0
Right Available: 2
Lifetime Previous Pairs: 1

Checking 2:1:
Left >= 2? NO (Left = 0 < 2)
Right >= 1? YES (Right = 2 >= 1)

Checking 1:2:
Left >= 1? NO (Left = 0 < 1)
Right >= 2? YES (Right = 2 >= 2)

Selected Ratio: NONE
Pairs Calculated: 0
Left PV To Consume: 0
Right PV To Consume: 0
FINAL RESULT = NO PAIR FORMED
Pairs Generated = 0
Payout Generated = 0
Left PV Remaining = 0
Right PV Remaining = 2
========================================

========================================
[BINARY DEBUG]
TIME: 2026-09-25 15:23:06
FUNCTION ENTERED: process_binary
USER ID: 826773
========================================

----------------------------------------
[PAY EARNING GATEWAY]
TIME: 2026-09-25 15:23:06
Receiver User ID: 809527
From User (Ref ID): 826773
Income Type: Direct Referral Bonus Level 1
Amount: ₹267.00
Level: 1
Receiver Status: Active
Receiver Topup: ₹8,900.00
ACTION: SUCCESS -> Earning record inserted (ID: 17, Secret: DRB1-16, Amount: ₹267.00, Status: Pending - Will be credited to Wallet when Midnight Cron runs)
----------------------------------------

----------------------------------------
[PAY EARNING GATEWAY]
TIME: 2026-09-25 15:23:06
Receiver User ID: 424402
From User (Ref ID): 826773
Income Type: Direct Referral Bonus Level 2
Amount: ₹178.00
Level: 2
Receiver Status: Active
Receiver Topup: ₹8,900.00
ACTION: SUCCESS -> Earning record inserted (ID: 18, Secret: DRB2-16, Amount: ₹178.00, Status: Pending - Will be credited to Wallet when Midnight Cron runs)
----------------------------------------

========================================
[DRB / LEVEL INCOME DEBUG]
TIME: 2026-09-25 15:23:06
DOWNLINE EARNER ID: 826773
PACKAGE ID: 1
PARSED LEVEL 1 %: 30%
PARSED LEVEL 2 %: 20%

--- LEVEL 1 DRB CALCULATION (30%) ---
Direct Sponsor ID: 809527
Calculated Level 1 Amount: ₹267.00
ACTION: CREDITED -> User #809527 received ₹267.00 as Direct Referral Bonus Level 1 (30%)

--- LEVEL 2 DRB CALCULATION (20%) ---
Level 2 Sponsor ID: 424402
Calculated Level 2 Amount: ₹178.00
ACTION: CREDITED -> User #424402 received ₹178.00 as Direct Referral Bonus Level 2 (20%)
========================================

========================================
[BINARY DEBUG]
TIME: 2026-09-25 15:23:06
USER ID: 826773
FUNCTION: process_binary
========================================

MEMBER INFORMATION:
Member ID: 826773
Member Name: Dillon Arnold
Status: Active
Rank: Member
Topup: 8900.00
Package: 1

TREE / PV INFORMATION:
Total Left PV: 1
Paid Left PV: 0
Available Left PV: 1

Total Right PV: 2
Paid Right PV: 0
Available Right PV: 2

Lifetime Paid Pairs: 0

DIRECT SPONSOR INFORMATION:
Direct Left: 1
Direct Right: 1
(Informational ONLY - Does not block 2:1 / 1:2 PV matching)

PAIR CALCULATION:
BINARY RATIO CHECK:
Left Available: 1
Right Available: 2
Lifetime Previous Pairs: 0

Checking 2:1:
Left >= 2? NO (Left = 1 < 2)
Right >= 1? YES (Right = 2 >= 1)

Checking 1:2:
Left >= 1? YES (Left = 1 >= 1)
Right >= 2? YES (Right = 2 >= 2)

Selected Ratio: 1:2
Pairs Calculated: 1
Left PV To Consume: 1
Right PV To Consume: 2
PAYOUT CALCULATION:
BINARY PAYOUT CALCULATION:
Package ID: 1
Matching Income Configuration: 
Payout Per Pair: 890
Daily Cap: 14240
Pairs Calculated: 1
Pairs Allowed By Cap: 16
Payable Pairs: 1
Total Payout: 890

DATABASE TRANSACTION:
[BINARY TRANSACTION]
BEGIN

1. EARNING INSERT
BINARY EARNING INSERT:
SUCCESS
Insert ID: 
User ID: 826773
Amount: 890
Type: Matching Income
Pair Count: 1
Transaction Reference: BIN-826773-20260925152306-3966

2. WALLET CREDIT
WALLET CREDIT:
SUCCESS
User ID: 826773
Previous Balance: 0
Credit Amount: 890
New Balance: 0

3. PV CONSUMPTION
PV UPDATE:
Before Paid Left: 0
Before Paid Right: 0
Left PV Consumed: 1
Right PV Consumed: 2
After Paid Left: 1
After Paid Right: 2

4. LIFETIME PAIR UPDATE
LIFETIME PAIR UPDATE:
Before: 0
Added: 1
After: 1

5. TRANSACTION
BINARY TRANSACTION:
COMMITTED

FINAL RESULT = PAYOUT GENERATED
Pairs Generated = 1
Payout Generated = 890
Left PV Remaining = 0
Right PV Remaining = 0
========================================

========================================
[DRB / LEVEL INCOME DEBUG]
TIME: 2026-09-25 15:23:06
DOWNLINE EARNER ID: 1001
PACKAGE ID: 1
PARSED LEVEL 1 %: 30%
PARSED LEVEL 2 %: 20%

--- LEVEL 1 DRB CALCULATION (30%) ---
Direct Sponsor ID: 1000
Calculated Level 1 Amount: ₹267.00
ACTION: SKIPPED (No valid direct sponsor found / Sponsor is 1000)

--- LEVEL 2 DRB CALCULATION (20%) ---
Level 2 Sponsor ID: None
Calculated Level 2 Amount: ₹178.00
ACTION: SKIPPED (No valid Level 2 sponsor found / Level 2 Sponsor is 1000)
========================================

========================================
[DRB / LEVEL INCOME DEBUG]
TIME: 2026-09-25 15:23:06
DOWNLINE EARNER ID: 424402
PACKAGE ID: 1
PARSED LEVEL 1 %: 30%
PARSED LEVEL 2 %: 20%

--- LEVEL 1 DRB CALCULATION (30%) ---
Direct Sponsor ID: 1001
Calculated Level 1 Amount: ₹267.00
ACTION: SKIPPED (Duplicate prevention: DRB Level 1 already generated for this matching event)

--- LEVEL 2 DRB CALCULATION (20%) ---
Level 2 Sponsor ID: 1000
Calculated Level 2 Amount: ₹178.00
ACTION: SKIPPED (No valid Level 2 sponsor found / Level 2 Sponsor is 1000)
========================================

========================================
[DRB / LEVEL INCOME DEBUG]
TIME: 2026-09-25 15:23:06
DOWNLINE EARNER ID: 809527
PACKAGE ID: 1
PARSED LEVEL 1 %: 30%
PARSED LEVEL 2 %: 20%

--- LEVEL 1 DRB CALCULATION (30%) ---
Direct Sponsor ID: 424402
Calculated Level 1 Amount: ₹267.00
ACTION: SKIPPED (Duplicate prevention: DRB Level 1 already generated for this matching event)

--- LEVEL 2 DRB CALCULATION (20%) ---
Level 2 Sponsor ID: 1001
Calculated Level 2 Amount: ₹178.00
ACTION: SKIPPED (Duplicate prevention: DRB Level 2 already generated for this matching event)
========================================

========================================
[DRB / LEVEL INCOME DEBUG]
TIME: 2026-09-25 15:23:06
DOWNLINE EARNER ID: 826773
PACKAGE ID: 1
PARSED LEVEL 1 %: 30%
PARSED LEVEL 2 %: 20%

--- LEVEL 1 DRB CALCULATION (30%) ---
Direct Sponsor ID: 809527
Calculated Level 1 Amount: ₹267.00
ACTION: SKIPPED (Duplicate prevention: DRB Level 1 already generated for this matching event)

--- LEVEL 2 DRB CALCULATION (20%) ---
Level 2 Sponsor ID: 424402
Calculated Level 2 Amount: ₹178.00
ACTION: SKIPPED (Duplicate prevention: DRB Level 2 already generated for this matching event)
========================================

----------------------------------------
[PAY EARNING GATEWAY]
TIME: 2026-09-25 15:25:28
Receiver User ID: 424402
From User (Ref ID): 276574
Income Type: Direct Sponsor Income
Amount: ₹890.00
Level: 0
Receiver Status: Active
Receiver Topup: ₹8,900.00
ACTION: SUCCESS -> Earning record inserted (ID: 1, Secret: DIR-424402-20260925152528-836, Amount: ₹890.00, Status: Credited to Wallet IMMEDIATELY - Direct Sponsor Income)
----------------------------------------

----------------------------------------
[PAY EARNING GATEWAY]
TIME: 2026-09-25 15:25:28
Receiver User ID: 826773
From User (Ref ID): 301953
Income Type: Direct Sponsor Income
Amount: ₹890.00
Level: 0
Receiver Status: Active
Receiver Topup: ₹8,900.00
ACTION: SUCCESS -> Earning record inserted (ID: 2, Secret: DIR-826773-20260925152528-408, Amount: ₹890.00, Status: Credited to Wallet IMMEDIATELY - Direct Sponsor Income)
----------------------------------------

----------------------------------------
[PAY EARNING GATEWAY]
TIME: 2026-09-25 15:25:28
Receiver User ID: 826773
From User (Ref ID): 384810
Income Type: Direct Sponsor Income
Amount: ₹890.00
Level: 0
Receiver Status: Active
Receiver Topup: ₹8,900.00
ACTION: SUCCESS -> Earning record inserted (ID: 3, Secret: DIR-826773-20260925152528-609, Amount: ₹890.00, Status: Credited to Wallet IMMEDIATELY - Direct Sponsor Income)
----------------------------------------

----------------------------------------
[PAY EARNING GATEWAY]
TIME: 2026-09-25 15:25:28
Receiver User ID: 1001
From User (Ref ID): 424402
Income Type: Direct Sponsor Income
Amount: ₹890.00
Level: 0
Receiver Status: Active
Receiver Topup: ₹8,900.00
ACTION: SUCCESS -> Earning record inserted (ID: 4, Secret: DIR-1001-20260925152528-160, Amount: ₹890.00, Status: Credited to Wallet IMMEDIATELY - Direct Sponsor Income)
----------------------------------------

----------------------------------------
[PAY EARNING GATEWAY]
TIME: 2026-09-25 15:25:28
Receiver User ID: 809527
From User (Ref ID): 556167
Income Type: Direct Sponsor Income
Amount: ₹890.00
Level: 0
Receiver Status: Active
Receiver Topup: ₹8,900.00
ACTION: SUCCESS -> Earning record inserted (ID: 5, Secret: DIR-809527-20260925152528-170, Amount: ₹890.00, Status: Credited to Wallet IMMEDIATELY - Direct Sponsor Income)
----------------------------------------

----------------------------------------
[PAY EARNING GATEWAY]
TIME: 2026-09-25 15:25:28
Receiver User ID: 1001
From User (Ref ID): 564460
Income Type: Direct Sponsor Income
Amount: ₹890.00
Level: 0
Receiver Status: Active
Receiver Topup: ₹8,900.00
ACTION: SUCCESS -> Earning record inserted (ID: 6, Secret: DIR-1001-20260925152528-333, Amount: ₹890.00, Status: Credited to Wallet IMMEDIATELY - Direct Sponsor Income)
----------------------------------------

----------------------------------------
[PAY EARNING GATEWAY]
TIME: 2026-09-25 15:25:28
Receiver User ID: 301953
From User (Ref ID): 743536
Income Type: Direct Sponsor Income
Amount: ₹890.00
Level: 0
Receiver Status: Active
Receiver Topup: ₹8,900.00
ACTION: SUCCESS -> Earning record inserted (ID: 7, Secret: DIR-301953-20260925152528-910, Amount: ₹890.00, Status: Credited to Wallet IMMEDIATELY - Direct Sponsor Income)
----------------------------------------

----------------------------------------
[PAY EARNING GATEWAY]
TIME: 2026-09-25 15:25:28
Receiver User ID: 424402
From User (Ref ID): 809527
Income Type: Direct Sponsor Income
Amount: ₹890.00
Level: 0
Receiver Status: Active
Receiver Topup: ₹8,900.00
ACTION: SUCCESS -> Earning record inserted (ID: 8, Secret: DIR-424402-20260925152528-107, Amount: ₹890.00, Status: Credited to Wallet IMMEDIATELY - Direct Sponsor Income)
----------------------------------------

----------------------------------------
[PAY EARNING GATEWAY]
TIME: 2026-09-25 15:25:28
Receiver User ID: 809527
From User (Ref ID): 826773
Income Type: Direct Sponsor Income
Amount: ₹890.00
Level: 0
Receiver Status: Active
Receiver Topup: ₹8,900.00
ACTION: SUCCESS -> Earning record inserted (ID: 9, Secret: DIR-809527-20260925152528-948, Amount: ₹890.00, Status: Credited to Wallet IMMEDIATELY - Direct Sponsor Income)
----------------------------------------

========================================
[BINARY DEBUG]
TIME: 2026-09-25 15:25:28
FUNCTION ENTERED: process_binary
USER ID: 1001
========================================

========================================
[DRB / LEVEL INCOME DEBUG]
TIME: 2026-09-25 15:25:28
DOWNLINE EARNER ID: 1001
PACKAGE ID: 1
PARSED LEVEL 1 %: 30%
PARSED LEVEL 2 %: 20%

--- LEVEL 1 DRB CALCULATION (30%) ---
Direct Sponsor ID: 1000
Calculated Level 1 Amount: ₹267.00
ACTION: SKIPPED (No valid direct sponsor found / Sponsor is 1000)

--- LEVEL 2 DRB CALCULATION (20%) ---
Level 2 Sponsor ID: None
Calculated Level 2 Amount: ₹178.00
ACTION: SKIPPED (No valid Level 2 sponsor found / Level 2 Sponsor is 1000)
========================================

========================================
[BINARY DEBUG]
TIME: 2026-09-25 15:25:28
USER ID: 1001
FUNCTION: process_binary
========================================

MEMBER INFORMATION:
Member ID: 1001
Member Name: Green Amrut Herbal Multitrade Private Limited
Status: Active
Rank: Member
Topup: 8900.00
Package: 1

TREE / PV INFORMATION:
Total Left PV: 8
Paid Left PV: 0
Available Left PV: 8

Total Right PV: 1
Paid Right PV: 0
Available Right PV: 1

Lifetime Paid Pairs: 0

DIRECT SPONSOR INFORMATION:
Direct Left: 1
Direct Right: 1
(Informational ONLY - Does not block 2:1 / 1:2 PV matching)

PAIR CALCULATION:
BINARY RATIO CHECK:
Left Available: 8
Right Available: 1
Lifetime Previous Pairs: 0

Checking 2:1:
Left >= 2? YES (Left = 8 >= 2)
Right >= 1? YES (Right = 1 >= 1)

Checking 1:2:
Left >= 1? YES (Left = 8 >= 1)
Right >= 2? NO (Right = 1 < 2)

Selected Ratio: 2:1
Pairs Calculated: 1
Left PV To Consume: 2
Right PV To Consume: 1
PAYOUT CALCULATION:
BINARY PAYOUT CALCULATION:
Package ID: 1
Matching Income Configuration: 
Payout Per Pair: 890
Daily Cap: 14240
Pairs Calculated: 1
Pairs Allowed By Cap: 16
Payable Pairs: 1
Total Payout: 890

DATABASE TRANSACTION:
[BINARY TRANSACTION]
BEGIN

1. EARNING INSERT
BINARY EARNING INSERT:
SUCCESS
Insert ID: 
User ID: 1001
Amount: 890
Type: Matching Income
Pair Count: 1
Transaction Reference: BIN-1001-20260925152528-5309

2. WALLET CREDIT
WALLET CREDIT:
SUCCESS
User ID: 1001
Previous Balance: 0
Credit Amount: 890
New Balance: 0

3. PV CONSUMPTION
PV UPDATE:
Before Paid Left: 0
Before Paid Right: 0
Left PV Consumed: 2
Right PV Consumed: 1
After Paid Left: 2
After Paid Right: 1

4. LIFETIME PAIR UPDATE
LIFETIME PAIR UPDATE:
Before: 0
Added: 1
After: 1

5. TRANSACTION
BINARY TRANSACTION:
COMMITTED

FINAL RESULT = PAYOUT GENERATED
Pairs Generated = 1
Payout Generated = 890
Left PV Remaining = 6
Right PV Remaining = 0
========================================

========================================
[BINARY DEBUG]
TIME: 2026-09-25 15:25:28
FUNCTION ENTERED: process_binary
USER ID: 424402
========================================

----------------------------------------
[PAY EARNING GATEWAY]
TIME: 2026-09-25 15:25:28
Receiver User ID: 1001
From User (Ref ID): 424402
Income Type: Direct Referral Bonus Level 1
Amount: ₹267.00
Level: 1
Receiver Status: Active
Receiver Topup: ₹8,900.00
ACTION: SUCCESS -> Earning record inserted (ID: 12, Secret: DRB1-11, Amount: ₹267.00, Status: Pending - Will be credited to Wallet when Midnight Cron runs)
----------------------------------------

========================================
[DRB / LEVEL INCOME DEBUG]
TIME: 2026-09-25 15:25:28
DOWNLINE EARNER ID: 424402
PACKAGE ID: 1
PARSED LEVEL 1 %: 30%
PARSED LEVEL 2 %: 20%

--- LEVEL 1 DRB CALCULATION (30%) ---
Direct Sponsor ID: 1001
Calculated Level 1 Amount: ₹267.00
ACTION: CREDITED -> User #1001 received ₹267.00 as Direct Referral Bonus Level 1 (30%)

--- LEVEL 2 DRB CALCULATION (20%) ---
Level 2 Sponsor ID: 1000
Calculated Level 2 Amount: ₹178.00
ACTION: SKIPPED (No valid Level 2 sponsor found / Level 2 Sponsor is 1000)
========================================

========================================
[BINARY DEBUG]
TIME: 2026-09-25 15:25:28
USER ID: 424402
FUNCTION: process_binary
========================================

MEMBER INFORMATION:
Member ID: 424402
Member Name: Kirk Donaldson
Status: Active
Rank: Member
Topup: 8900.00
Package: 1

TREE / PV INFORMATION:
Total Left PV: 6
Paid Left PV: 0
Available Left PV: 6

Total Right PV: 1
Paid Right PV: 0
Available Right PV: 1

Lifetime Paid Pairs: 0

DIRECT SPONSOR INFORMATION:
Direct Left: 1
Direct Right: 1
(Informational ONLY - Does not block 2:1 / 1:2 PV matching)

PAIR CALCULATION:
BINARY RATIO CHECK:
Left Available: 6
Right Available: 1
Lifetime Previous Pairs: 0

Checking 2:1:
Left >= 2? YES (Left = 6 >= 2)
Right >= 1? YES (Right = 1 >= 1)

Checking 1:2:
Left >= 1? YES (Left = 6 >= 1)
Right >= 2? NO (Right = 1 < 2)

Selected Ratio: 2:1
Pairs Calculated: 1
Left PV To Consume: 2
Right PV To Consume: 1
PAYOUT CALCULATION:
BINARY PAYOUT CALCULATION:
Package ID: 1
Matching Income Configuration: 
Payout Per Pair: 890
Daily Cap: 14240
Pairs Calculated: 1
Pairs Allowed By Cap: 16
Payable Pairs: 1
Total Payout: 890

DATABASE TRANSACTION:
[BINARY TRANSACTION]
BEGIN

1. EARNING INSERT
BINARY EARNING INSERT:
SUCCESS
Insert ID: 
User ID: 424402
Amount: 890
Type: Matching Income
Pair Count: 1
Transaction Reference: BIN-424402-20260925152528-4003

2. WALLET CREDIT
WALLET CREDIT:
SUCCESS
User ID: 424402
Previous Balance: 0
Credit Amount: 890
New Balance: 0

3. PV CONSUMPTION
PV UPDATE:
Before Paid Left: 0
Before Paid Right: 0
Left PV Consumed: 2
Right PV Consumed: 1
After Paid Left: 2
After Paid Right: 1

4. LIFETIME PAIR UPDATE
LIFETIME PAIR UPDATE:
Before: 0
Added: 1
After: 1

5. TRANSACTION
BINARY TRANSACTION:
COMMITTED

FINAL RESULT = PAYOUT GENERATED
Pairs Generated = 1
Payout Generated = 890
Left PV Remaining = 4
Right PV Remaining = 0
========================================

========================================
[BINARY DEBUG]
TIME: 2026-09-25 15:25:28
FUNCTION ENTERED: process_binary
USER ID: 809527
========================================

----------------------------------------
[PAY EARNING GATEWAY]
TIME: 2026-09-25 15:25:28
Receiver User ID: 424402
From User (Ref ID): 809527
Income Type: Direct Referral Bonus Level 1
Amount: ₹267.00
Level: 1
Receiver Status: Active
Receiver Topup: ₹8,900.00
ACTION: SUCCESS -> Earning record inserted (ID: 14, Secret: DRB1-13, Amount: ₹267.00, Status: Pending - Will be credited to Wallet when Midnight Cron runs)
----------------------------------------

----------------------------------------
[PAY EARNING GATEWAY]
TIME: 2026-09-25 15:25:28
Receiver User ID: 1001
From User (Ref ID): 809527
Income Type: Direct Referral Bonus Level 2
Amount: ₹178.00
Level: 2
Receiver Status: Active
Receiver Topup: ₹8,900.00
ACTION: SUCCESS -> Earning record inserted (ID: 15, Secret: DRB2-13, Amount: ₹178.00, Status: Pending - Will be credited to Wallet when Midnight Cron runs)
----------------------------------------

========================================
[DRB / LEVEL INCOME DEBUG]
TIME: 2026-09-25 15:25:28
DOWNLINE EARNER ID: 809527
PACKAGE ID: 1
PARSED LEVEL 1 %: 30%
PARSED LEVEL 2 %: 20%

--- LEVEL 1 DRB CALCULATION (30%) ---
Direct Sponsor ID: 424402
Calculated Level 1 Amount: ₹267.00
ACTION: CREDITED -> User #424402 received ₹267.00 as Direct Referral Bonus Level 1 (30%)

--- LEVEL 2 DRB CALCULATION (20%) ---
Level 2 Sponsor ID: 1001
Calculated Level 2 Amount: ₹178.00
ACTION: CREDITED -> User #1001 received ₹178.00 as Direct Referral Bonus Level 2 (20%)
========================================

========================================
[BINARY DEBUG]
TIME: 2026-09-25 15:25:28
USER ID: 809527
FUNCTION: process_binary
========================================

MEMBER INFORMATION:
Member ID: 809527
Member Name: Kirk Donaldson
Status: Active
Rank: Member
Topup: 8900.00
Package: 1

TREE / PV INFORMATION:
Total Left PV: 1
Paid Left PV: 0
Available Left PV: 1

Total Right PV: 4
Paid Right PV: 0
Available Right PV: 4

Lifetime Paid Pairs: 0

DIRECT SPONSOR INFORMATION:
Direct Left: 1
Direct Right: 1
(Informational ONLY - Does not block 2:1 / 1:2 PV matching)

PAIR CALCULATION:
BINARY RATIO CHECK:
Left Available: 1
Right Available: 4
Lifetime Previous Pairs: 0

Checking 2:1:
Left >= 2? NO (Left = 1 < 2)
Right >= 1? YES (Right = 4 >= 1)

Checking 1:2:
Left >= 1? YES (Left = 1 >= 1)
Right >= 2? YES (Right = 4 >= 2)

Selected Ratio: 1:2
Pairs Calculated: 1
Left PV To Consume: 1
Right PV To Consume: 2
PAYOUT CALCULATION:
BINARY PAYOUT CALCULATION:
Package ID: 1
Matching Income Configuration: 
Payout Per Pair: 890
Daily Cap: 14240
Pairs Calculated: 1
Pairs Allowed By Cap: 16
Payable Pairs: 1
Total Payout: 890

DATABASE TRANSACTION:
[BINARY TRANSACTION]
BEGIN

1. EARNING INSERT
BINARY EARNING INSERT:
SUCCESS
Insert ID: 
User ID: 809527
Amount: 890
Type: Matching Income
Pair Count: 1
Transaction Reference: BIN-809527-20260925152528-3578

2. WALLET CREDIT
WALLET CREDIT:
SUCCESS
User ID: 809527
Previous Balance: 0
Credit Amount: 890
New Balance: 0

3. PV CONSUMPTION
PV UPDATE:
Before Paid Left: 0
Before Paid Right: 0
Left PV Consumed: 1
Right PV Consumed: 2
After Paid Left: 1
After Paid Right: 2

4. LIFETIME PAIR UPDATE
LIFETIME PAIR UPDATE:
Before: 0
Added: 1
After: 1

5. TRANSACTION
BINARY TRANSACTION:
COMMITTED

FINAL RESULT = PAYOUT GENERATED
Pairs Generated = 1
Payout Generated = 890
Left PV Remaining = 0
Right PV Remaining = 2
========================================

========================================
[BINARY DEBUG]
TIME: 2026-09-25 15:25:28
FUNCTION ENTERED: process_binary
USER ID: 826773
========================================

----------------------------------------
[PAY EARNING GATEWAY]
TIME: 2026-09-25 15:25:28
Receiver User ID: 809527
From User (Ref ID): 826773
Income Type: Direct Referral Bonus Level 1
Amount: ₹267.00
Level: 1
Receiver Status: Active
Receiver Topup: ₹8,900.00
ACTION: SUCCESS -> Earning record inserted (ID: 17, Secret: DRB1-16, Amount: ₹267.00, Status: Pending - Will be credited to Wallet when Midnight Cron runs)
----------------------------------------

----------------------------------------
[PAY EARNING GATEWAY]
TIME: 2026-09-25 15:25:28
Receiver User ID: 424402
From User (Ref ID): 826773
Income Type: Direct Referral Bonus Level 2
Amount: ₹178.00
Level: 2
Receiver Status: Active
Receiver Topup: ₹8,900.00
ACTION: SUCCESS -> Earning record inserted (ID: 18, Secret: DRB2-16, Amount: ₹178.00, Status: Pending - Will be credited to Wallet when Midnight Cron runs)
----------------------------------------

========================================
[DRB / LEVEL INCOME DEBUG]
TIME: 2026-09-25 15:25:28
DOWNLINE EARNER ID: 826773
PACKAGE ID: 1
PARSED LEVEL 1 %: 30%
PARSED LEVEL 2 %: 20%

--- LEVEL 1 DRB CALCULATION (30%) ---
Direct Sponsor ID: 809527
Calculated Level 1 Amount: ₹267.00
ACTION: CREDITED -> User #809527 received ₹267.00 as Direct Referral Bonus Level 1 (30%)

--- LEVEL 2 DRB CALCULATION (20%) ---
Level 2 Sponsor ID: 424402
Calculated Level 2 Amount: ₹178.00
ACTION: CREDITED -> User #424402 received ₹178.00 as Direct Referral Bonus Level 2 (20%)
========================================

========================================
[BINARY DEBUG]
TIME: 2026-09-25 15:25:28
USER ID: 826773
FUNCTION: process_binary
========================================

MEMBER INFORMATION:
Member ID: 826773
Member Name: Dillon Arnold
Status: Active
Rank: Member
Topup: 8900.00
Package: 1

TREE / PV INFORMATION:
Total Left PV: 1
Paid Left PV: 0
Available Left PV: 1

Total Right PV: 2
Paid Right PV: 0
Available Right PV: 2

Lifetime Paid Pairs: 0

DIRECT SPONSOR INFORMATION:
Direct Left: 1
Direct Right: 1
(Informational ONLY - Does not block 2:1 / 1:2 PV matching)

PAIR CALCULATION:
BINARY RATIO CHECK:
Left Available: 1
Right Available: 2
Lifetime Previous Pairs: 0

Checking 2:1:
Left >= 2? NO (Left = 1 < 2)
Right >= 1? YES (Right = 2 >= 1)

Checking 1:2:
Left >= 1? YES (Left = 1 >= 1)
Right >= 2? YES (Right = 2 >= 2)

Selected Ratio: 1:2
Pairs Calculated: 1
Left PV To Consume: 1
Right PV To Consume: 2
PAYOUT CALCULATION:
BINARY PAYOUT CALCULATION:
Package ID: 1
Matching Income Configuration: 
Payout Per Pair: 890
Daily Cap: 14240
Pairs Calculated: 1
Pairs Allowed By Cap: 16
Payable Pairs: 1
Total Payout: 890

DATABASE TRANSACTION:
[BINARY TRANSACTION]
BEGIN

1. EARNING INSERT
BINARY EARNING INSERT:
SUCCESS
Insert ID: 
User ID: 826773
Amount: 890
Type: Matching Income
Pair Count: 1
Transaction Reference: BIN-826773-20260925152528-2161

2. WALLET CREDIT
WALLET CREDIT:
SUCCESS
User ID: 826773
Previous Balance: 0
Credit Amount: 890
New Balance: 0

3. PV CONSUMPTION
PV UPDATE:
Before Paid Left: 0
Before Paid Right: 0
Left PV Consumed: 1
Right PV Consumed: 2
After Paid Left: 1
After Paid Right: 2

4. LIFETIME PAIR UPDATE
LIFETIME PAIR UPDATE:
Before: 0
Added: 1
After: 1

5. TRANSACTION
BINARY TRANSACTION:
COMMITTED

FINAL RESULT = PAYOUT GENERATED
Pairs Generated = 1
Payout Generated = 890
Left PV Remaining = 0
Right PV Remaining = 0
========================================

========================================
[DRB / LEVEL INCOME DEBUG]
TIME: 2026-09-25 15:25:28
DOWNLINE EARNER ID: 1001
PACKAGE ID: 1
PARSED LEVEL 1 %: 30%
PARSED LEVEL 2 %: 20%

--- LEVEL 1 DRB CALCULATION (30%) ---
Direct Sponsor ID: 1000
Calculated Level 1 Amount: ₹267.00
ACTION: SKIPPED (No valid direct sponsor found / Sponsor is 1000)

--- LEVEL 2 DRB CALCULATION (20%) ---
Level 2 Sponsor ID: None
Calculated Level 2 Amount: ₹178.00
ACTION: SKIPPED (No valid Level 2 sponsor found / Level 2 Sponsor is 1000)
========================================

========================================
[DRB / LEVEL INCOME DEBUG]
TIME: 2026-09-25 15:25:28
DOWNLINE EARNER ID: 424402
PACKAGE ID: 1
PARSED LEVEL 1 %: 30%
PARSED LEVEL 2 %: 20%

--- LEVEL 1 DRB CALCULATION (30%) ---
Direct Sponsor ID: 1001
Calculated Level 1 Amount: ₹267.00
ACTION: SKIPPED (Duplicate prevention: DRB Level 1 already generated for this matching event)

--- LEVEL 2 DRB CALCULATION (20%) ---
Level 2 Sponsor ID: 1000
Calculated Level 2 Amount: ₹178.00
ACTION: SKIPPED (No valid Level 2 sponsor found / Level 2 Sponsor is 1000)
========================================

========================================
[DRB / LEVEL INCOME DEBUG]
TIME: 2026-09-25 15:25:28
DOWNLINE EARNER ID: 809527
PACKAGE ID: 1
PARSED LEVEL 1 %: 30%
PARSED LEVEL 2 %: 20%

--- LEVEL 1 DRB CALCULATION (30%) ---
Direct Sponsor ID: 424402
Calculated Level 1 Amount: ₹267.00
ACTION: SKIPPED (Duplicate prevention: DRB Level 1 already generated for this matching event)

--- LEVEL 2 DRB CALCULATION (20%) ---
Level 2 Sponsor ID: 1001
Calculated Level 2 Amount: ₹178.00
ACTION: SKIPPED (Duplicate prevention: DRB Level 2 already generated for this matching event)
========================================

========================================
[DRB / LEVEL INCOME DEBUG]
TIME: 2026-09-25 15:25:28
DOWNLINE EARNER ID: 826773
PACKAGE ID: 1
PARSED LEVEL 1 %: 30%
PARSED LEVEL 2 %: 20%

--- LEVEL 1 DRB CALCULATION (30%) ---
Direct Sponsor ID: 809527
Calculated Level 1 Amount: ₹267.00
ACTION: SKIPPED (Duplicate prevention: DRB Level 1 already generated for this matching event)

--- LEVEL 2 DRB CALCULATION (20%) ---
Level 2 Sponsor ID: 424402
Calculated Level 2 Amount: ₹178.00
ACTION: SKIPPED (Duplicate prevention: DRB Level 2 already generated for this matching event)
========================================

========================================
[BINARY DEBUG]
TIME: 2026-09-25 15:25:35
FUNCTION ENTERED: process_binary
USER ID: 1001
========================================

========================================
[BINARY DEBUG]
TIME: 2026-09-25 15:25:35
USER ID: 1001
FUNCTION: process_binary
========================================

MEMBER INFORMATION:
Member ID: 1001
Member Name: Green Amrut Herbal Multitrade Private Limited
Status: Active
Rank: Member
Topup: 8900.00
Package: 1

TREE / PV INFORMATION:
Total Left PV: 8
Paid Left PV: 2
Available Left PV: 6

Total Right PV: 1
Paid Right PV: 1
Available Right PV: 0

Lifetime Paid Pairs: 1

DIRECT SPONSOR INFORMATION:
Direct Left: 1
Direct Right: 1
(Informational ONLY - Does not block 2:1 / 1:2 PV matching)

PAIR CALCULATION:
BINARY RATIO CHECK:
Left Available: 6
Right Available: 0
Lifetime Previous Pairs: 1

Checking 2:1:
Left >= 2? YES (Left = 6 >= 2)
Right >= 1? NO (Right = 0 < 1)

Checking 1:2:
Left >= 1? YES (Left = 6 >= 1)
Right >= 2? NO (Right = 0 < 2)

Selected Ratio: NONE
Pairs Calculated: 0
Left PV To Consume: 0
Right PV To Consume: 0
FINAL RESULT = NO PAIR FORMED
Pairs Generated = 0
Payout Generated = 0
Left PV Remaining = 6
Right PV Remaining = 0
========================================

========================================
[BINARY DEBUG]
TIME: 2026-09-25 15:25:35
FUNCTION ENTERED: process_binary
USER ID: 424402
========================================

========================================
[BINARY DEBUG]
TIME: 2026-09-25 15:25:35
USER ID: 424402
FUNCTION: process_binary
========================================

MEMBER INFORMATION:
Member ID: 424402
Member Name: Kirk Donaldson
Status: Active
Rank: Member
Topup: 8900.00
Package: 1

TREE / PV INFORMATION:
Total Left PV: 6
Paid Left PV: 2
Available Left PV: 4

Total Right PV: 1
Paid Right PV: 1
Available Right PV: 0

Lifetime Paid Pairs: 1

DIRECT SPONSOR INFORMATION:
Direct Left: 1
Direct Right: 1
(Informational ONLY - Does not block 2:1 / 1:2 PV matching)

PAIR CALCULATION:
BINARY RATIO CHECK:
Left Available: 4
Right Available: 0
Lifetime Previous Pairs: 1

Checking 2:1:
Left >= 2? YES (Left = 4 >= 2)
Right >= 1? NO (Right = 0 < 1)

Checking 1:2:
Left >= 1? YES (Left = 4 >= 1)
Right >= 2? NO (Right = 0 < 2)

Selected Ratio: NONE
Pairs Calculated: 0
Left PV To Consume: 0
Right PV To Consume: 0
FINAL RESULT = NO PAIR FORMED
Pairs Generated = 0
Payout Generated = 0
Left PV Remaining = 4
Right PV Remaining = 0
========================================

========================================
[BINARY DEBUG]
TIME: 2026-09-25 15:25:35
FUNCTION ENTERED: process_binary
USER ID: 809527
========================================

========================================
[BINARY DEBUG]
TIME: 2026-09-25 15:25:35
USER ID: 809527
FUNCTION: process_binary
========================================

MEMBER INFORMATION:
Member ID: 809527
Member Name: Kirk Donaldson
Status: Active
Rank: Member
Topup: 8900.00
Package: 1

TREE / PV INFORMATION:
Total Left PV: 1
Paid Left PV: 1
Available Left PV: 0

Total Right PV: 4
Paid Right PV: 2
Available Right PV: 2

Lifetime Paid Pairs: 1

DIRECT SPONSOR INFORMATION:
Direct Left: 1
Direct Right: 1
(Informational ONLY - Does not block 2:1 / 1:2 PV matching)

PAIR CALCULATION:
BINARY RATIO CHECK:
Left Available: 0
Right Available: 2
Lifetime Previous Pairs: 1

Checking 2:1:
Left >= 2? NO (Left = 0 < 2)
Right >= 1? YES (Right = 2 >= 1)

Checking 1:2:
Left >= 1? NO (Left = 0 < 1)
Right >= 2? YES (Right = 2 >= 2)

Selected Ratio: NONE
Pairs Calculated: 0
Left PV To Consume: 0
Right PV To Consume: 0
FINAL RESULT = NO PAIR FORMED
Pairs Generated = 0
Payout Generated = 0
Left PV Remaining = 0
Right PV Remaining = 2
========================================

========================================
[BINARY DEBUG]
TIME: 2026-09-25 15:25:35
FUNCTION ENTERED: process_binary
USER ID: 826773
========================================

========================================
[BINARY DEBUG]
TIME: 2026-09-25 15:25:35
USER ID: 826773
FUNCTION: process_binary
========================================

MEMBER INFORMATION:
Member ID: 826773
Member Name: Dillon Arnold
Status: Active
Rank: Member
Topup: 8900.00
Package: 1

TREE / PV INFORMATION:
Total Left PV: 1
Paid Left PV: 1
Available Left PV: 0

Total Right PV: 2
Paid Right PV: 2
Available Right PV: 0

Lifetime Paid Pairs: 1

DIRECT SPONSOR INFORMATION:
Direct Left: 1
Direct Right: 1
(Informational ONLY - Does not block 2:1 / 1:2 PV matching)

PAIR CALCULATION:
BINARY RATIO CHECK:
Left Available: 0
Right Available: 0
Lifetime Previous Pairs: 1

Checking 2:1:
Left >= 2? NO (Left = 0 < 2)
Right >= 1? NO (Right = 0 < 1)

Checking 1:2:
Left >= 1? NO (Left = 0 < 1)
Right >= 2? NO (Right = 0 < 2)

Selected Ratio: NONE
Pairs Calculated: 0
Left PV To Consume: 0
Right PV To Consume: 0
FINAL RESULT = NO PAIR FORMED
Pairs Generated = 0
Payout Generated = 0
Left PV Remaining = 0
Right PV Remaining = 0
========================================

========================================
[DRB / LEVEL INCOME DEBUG]
TIME: 2026-09-25 15:25:35
DOWNLINE EARNER ID: 1001
PACKAGE ID: 1
PARSED LEVEL 1 %: 30%
PARSED LEVEL 2 %: 20%

--- LEVEL 1 DRB CALCULATION (30%) ---
Direct Sponsor ID: 1000
Calculated Level 1 Amount: ₹267.00
ACTION: SKIPPED (No valid direct sponsor found / Sponsor is 1000)

--- LEVEL 2 DRB CALCULATION (20%) ---
Level 2 Sponsor ID: None
Calculated Level 2 Amount: ₹178.00
ACTION: SKIPPED (No valid Level 2 sponsor found / Level 2 Sponsor is 1000)
========================================

========================================
[DRB / LEVEL INCOME DEBUG]
TIME: 2026-09-25 15:25:35
DOWNLINE EARNER ID: 424402
PACKAGE ID: 1
PARSED LEVEL 1 %: 30%
PARSED LEVEL 2 %: 20%

--- LEVEL 1 DRB CALCULATION (30%) ---
Direct Sponsor ID: 1001
Calculated Level 1 Amount: ₹267.00
ACTION: SKIPPED (Duplicate prevention: DRB Level 1 already generated for this matching event)

--- LEVEL 2 DRB CALCULATION (20%) ---
Level 2 Sponsor ID: 1000
Calculated Level 2 Amount: ₹178.00
ACTION: SKIPPED (No valid Level 2 sponsor found / Level 2 Sponsor is 1000)
========================================

========================================
[DRB / LEVEL INCOME DEBUG]
TIME: 2026-09-25 15:25:35
DOWNLINE EARNER ID: 809527
PACKAGE ID: 1
PARSED LEVEL 1 %: 30%
PARSED LEVEL 2 %: 20%

--- LEVEL 1 DRB CALCULATION (30%) ---
Direct Sponsor ID: 424402
Calculated Level 1 Amount: ₹267.00
ACTION: SKIPPED (Duplicate prevention: DRB Level 1 already generated for this matching event)

--- LEVEL 2 DRB CALCULATION (20%) ---
Level 2 Sponsor ID: 1001
Calculated Level 2 Amount: ₹178.00
ACTION: SKIPPED (Duplicate prevention: DRB Level 2 already generated for this matching event)
========================================

========================================
[DRB / LEVEL INCOME DEBUG]
TIME: 2026-09-25 15:25:35
DOWNLINE EARNER ID: 826773
PACKAGE ID: 1
PARSED LEVEL 1 %: 30%
PARSED LEVEL 2 %: 20%

--- LEVEL 1 DRB CALCULATION (30%) ---
Direct Sponsor ID: 809527
Calculated Level 1 Amount: ₹267.00
ACTION: SKIPPED (Duplicate prevention: DRB Level 1 already generated for this matching event)

--- LEVEL 2 DRB CALCULATION (20%) ---
Level 2 Sponsor ID: 424402
Calculated Level 2 Amount: ₹178.00
ACTION: SKIPPED (Duplicate prevention: DRB Level 2 already generated for this matching event)
========================================

========================================
[DIRECT SPONSOR INCOME DEBUG]
TIME: 2026-09-25 15:30:19
New Member ID: 865824
Direct Sponsor ID: 1001
Package ID: 1
Member PV: 1, Package Ratio: 1, Qty: 1
Existing Direct Sponsor Records: 0
Direct Rate: ₹890.00
Calculated Direct Sponsor Amount: ₹890.00
ACTION: Forwarding to pay_earning for Sponsor #1001
========================================

----------------------------------------
[PAY EARNING GATEWAY]
TIME: 2026-09-25 15:30:19
Receiver User ID: 1001
From User (Ref ID): 865824
Income Type: Direct Sponsor Income
Amount: ₹890.00
Level: 0
Receiver Status: Active
Receiver Topup: ₹8,900.00
ACTION: SUCCESS -> Earning record inserted (ID: 19, Secret: DIR-1001-20260925153019-487, Amount: ₹890.00, Status: Credited to Wallet IMMEDIATELY - Direct Sponsor Income)
----------------------------------------

========================================
[DIRECT SPONSOR INCOME DEBUG]
TIME: 2026-09-26 23:47:03
New Member ID: 676047
Direct Sponsor ID: 1001
Package ID: 1
Member PV: 1, Package Ratio: 1, Qty: 1
Existing Direct Sponsor Records: 0
Direct Rate: ₹890.00
Calculated Direct Sponsor Amount: ₹890.00
ACTION: Forwarding to pay_earning for Sponsor #1001
========================================

----------------------------------------
[PAY EARNING GATEWAY]
TIME: 2026-09-26 23:47:03
Receiver User ID: 1001
From User (Ref ID): 676047
Income Type: Direct Sponsor Income
Amount: ₹890.00
Level: 0
Receiver Status: Active
Receiver Topup: ₹8,900.00
ACTION: SUCCESS -> Earning record inserted (ID: 1, Secret: DIR-1001-20260926234703-976, Amount: ₹890.00, Status: Credited to Wallet IMMEDIATELY - Direct Sponsor Income)
----------------------------------------

========================================
[DIRECT SPONSOR INCOME DEBUG]
TIME: 2026-09-26 23:53:24
New Member ID: 537738
Direct Sponsor ID: 1001
Package ID: 1
Member PV: 1, Package Ratio: 1, Qty: 1
Existing Direct Sponsor Records: 0
Direct Rate: ₹890.00
Calculated Direct Sponsor Amount: ₹890.00
ACTION: Forwarding to pay_earning for Sponsor #1001
========================================

----------------------------------------
[PAY EARNING GATEWAY]
TIME: 2026-09-26 23:53:24
Receiver User ID: 1001
From User (Ref ID): 537738
Income Type: Direct Sponsor Income
Amount: ₹890.00
Level: 0
Receiver Status: Active
Receiver Topup: ₹8,900.00
ACTION: SUCCESS -> Earning record inserted (ID: 2, Secret: DIR-1001-20260926235324-627, Amount: ₹890.00, Status: Credited to Wallet IMMEDIATELY - Direct Sponsor Income)
----------------------------------------

========================================
[BINARY DEBUG]
TIME: 2026-09-27 00:00:02
FUNCTION ENTERED: process_binary
USER ID: 1001
========================================

========================================
[BINARY DEBUG]
TIME: 2026-09-27 00:00:02
USER ID: 1001
FUNCTION: process_binary
========================================

MEMBER INFORMATION:
Member ID: 1001
Member Name: Green Amrut Herbal Multitrade Private Limited
Status: Active
Rank: Member
Topup: 8900.00
Package: 1

TREE / PV INFORMATION:
Total Left PV: 1
Paid Left PV: 0
Available Left PV: 1

Total Right PV: 1
Paid Right PV: 0
Available Right PV: 1

Lifetime Paid Pairs: 0

DIRECT SPONSOR INFORMATION:
Direct Left: 1
Direct Right: 1
(Informational ONLY - Does not block 2:1 / 1:2 PV matching)

PAIR CALCULATION:
BINARY RATIO CHECK:
Left Available: 1
Right Available: 1
Lifetime Previous Pairs: 0

Checking 2:1:
Left >= 2? NO (Left = 1 < 2)
Right >= 1? YES (Right = 1 >= 1)

Checking 1:2:
Left >= 1? YES (Left = 1 >= 1)
Right >= 2? NO (Right = 1 < 2)

Selected Ratio: NONE
Pairs Calculated: 0
Left PV To Consume: 0
Right PV To Consume: 0
FINAL RESULT = NO PAIR FORMED
Pairs Generated = 0
Payout Generated = 0
Left PV Remaining = 1
Right PV Remaining = 1
========================================

========================================
[DIRECT SPONSOR INCOME DEBUG]
TIME: 2026-09-27 13:26:37
New Member ID: 329246
Direct Sponsor ID: 676047
Package ID: 1
Member PV: 1, Package Ratio: 1, Qty: 1
Existing Direct Sponsor Records: 0
Direct Rate: ₹890.00
Calculated Direct Sponsor Amount: ₹890.00
ACTION: Forwarding to pay_earning for Sponsor #676047
========================================

----------------------------------------
[PAY EARNING GATEWAY]
TIME: 2026-09-27 13:26:37
Receiver User ID: 676047
From User (Ref ID): 329246
Income Type: Direct Sponsor Income
Amount: ₹890.00
Level: 0
Receiver Status: Active
Receiver Topup: ₹8,900.00
ACTION: SUCCESS -> Earning record inserted (ID: 3, Secret: DIR-676047-20260927132637-759, Amount: ₹890.00, Status: Credited to Wallet IMMEDIATELY - Direct Sponsor Income)
----------------------------------------

========================================
[BINARY DEBUG]
TIME: 2026-09-28 00:00:02
FUNCTION ENTERED: process_binary
USER ID: 1001
========================================

========================================
[DRB / LEVEL INCOME DEBUG]
TIME: 2026-09-28 00:00:02
DOWNLINE EARNER ID: 1001
PACKAGE ID: 1
PARSED LEVEL 1 %: 30%
PARSED LEVEL 2 %: 20%

--- LEVEL 1 DRB CALCULATION (30%) ---
Direct Sponsor ID: 1000
Calculated Level 1 Amount: ₹267.00
ACTION: SKIPPED (No valid direct sponsor found / Sponsor is 1000)

--- LEVEL 2 DRB CALCULATION (20%) ---
Level 2 Sponsor ID: None
Calculated Level 2 Amount: ₹178.00
ACTION: SKIPPED (No valid Level 2 sponsor found / Level 2 Sponsor is 1000)
========================================

========================================
[BINARY DEBUG]
TIME: 2026-09-28 00:00:02
USER ID: 1001
FUNCTION: process_binary
========================================

MEMBER INFORMATION:
Member ID: 1001
Member Name: Green Amrut Herbal Multitrade Private Limited
Status: Active
Rank: Member
Topup: 8900.00
Package: 1

TREE / PV INFORMATION:
Total Left PV: 2
Paid Left PV: 0
Available Left PV: 2

Total Right PV: 1
Paid Right PV: 0
Available Right PV: 1

Lifetime Paid Pairs: 0

DIRECT SPONSOR INFORMATION:
Direct Left: 1
Direct Right: 1
(Informational ONLY - Does not block 2:1 / 1:2 PV matching)

PAIR CALCULATION:
BINARY RATIO CHECK:
Left Available: 2
Right Available: 1
Lifetime Previous Pairs: 0

Checking 2:1:
Left >= 2? YES (Left = 2 >= 2)
Right >= 1? YES (Right = 1 >= 1)

Checking 1:2:
Left >= 1? YES (Left = 2 >= 1)
Right >= 2? NO (Right = 1 < 2)

Selected Ratio: 2:1
Pairs Calculated: 1
Left PV To Consume: 2
Right PV To Consume: 1
PAYOUT CALCULATION:
BINARY PAYOUT CALCULATION:
Package ID: 1
Matching Income Configuration: 
Payout Per Pair: 890
Daily Cap: 14240
Pairs Calculated: 1
Pairs Allowed By Cap: 16
Payable Pairs: 1
Total Payout: 890

DATABASE TRANSACTION:
[BINARY TRANSACTION]
BEGIN

1. EARNING INSERT
BINARY EARNING INSERT:
SUCCESS
Insert ID: 
User ID: 1001
Amount: 890
Type: Matching Income
Pair Count: 1
Transaction Reference: BIN-1001-20260928000002-4000

2. WALLET CREDIT
WALLET CREDIT:
SUCCESS
User ID: 1001
Previous Balance: 0
Credit Amount: 890
New Balance: 0

3. PV CONSUMPTION
PV UPDATE:
Before Paid Left: 0
Before Paid Right: 0
Left PV Consumed: 2
Right PV Consumed: 1
After Paid Left: 2
After Paid Right: 1

4. LIFETIME PAIR UPDATE
LIFETIME PAIR UPDATE:
Before: 0
Added: 1
After: 1

5. TRANSACTION
BINARY TRANSACTION:
COMMITTED

FINAL RESULT = PAYOUT GENERATED
Pairs Generated = 1
Payout Generated = 890
Left PV Remaining = 0
Right PV Remaining = 0
========================================

========================================
[DRB / LEVEL INCOME DEBUG]
TIME: 2026-09-28 00:00:02
DOWNLINE EARNER ID: 1001
PACKAGE ID: 1
PARSED LEVEL 1 %: 30%
PARSED LEVEL 2 %: 20%

--- LEVEL 1 DRB CALCULATION (30%) ---
Direct Sponsor ID: 1000
Calculated Level 1 Amount: ₹267.00
ACTION: SKIPPED (No valid direct sponsor found / Sponsor is 1000)

--- LEVEL 2 DRB CALCULATION (20%) ---
Level 2 Sponsor ID: None
Calculated Level 2 Amount: ₹178.00
ACTION: SKIPPED (No valid Level 2 sponsor found / Level 2 Sponsor is 1000)
========================================

========================================
[BINARY DEBUG]
TIME: 2026-09-29 00:00:03
FUNCTION ENTERED: process_binary
USER ID: 1001
========================================

========================================
[BINARY DEBUG]
TIME: 2026-09-29 00:00:03
USER ID: 1001
FUNCTION: process_binary
========================================

MEMBER INFORMATION:
Member ID: 1001
Member Name: Green Amrut Herbal Multitrade Private Limited
Status: Active
Rank: Member
Topup: 8900.00
Package: 1

TREE / PV INFORMATION:
Total Left PV: 2
Paid Left PV: 2
Available Left PV: 0

Total Right PV: 1
Paid Right PV: 1
Available Right PV: 0

Lifetime Paid Pairs: 1

DIRECT SPONSOR INFORMATION:
Direct Left: 1
Direct Right: 1
(Informational ONLY - Does not block 2:1 / 1:2 PV matching)

PAIR CALCULATION:
BINARY RATIO CHECK:
Left Available: 0
Right Available: 0
Lifetime Previous Pairs: 1

Checking 2:1:
Left >= 2? NO (Left = 0 < 2)
Right >= 1? NO (Right = 0 < 1)

Checking 1:2:
Left >= 1? NO (Left = 0 < 1)
Right >= 2? NO (Right = 0 < 2)

Selected Ratio: NONE
Pairs Calculated: 0
Left PV To Consume: 0
Right PV To Consume: 0
FINAL RESULT = NO PAIR FORMED
Pairs Generated = 0
Payout Generated = 0
Left PV Remaining = 0
Right PV Remaining = 0
========================================

========================================
[DRB / LEVEL INCOME DEBUG]
TIME: 2026-09-29 00:00:03
DOWNLINE EARNER ID: 1001
PACKAGE ID: 1
PARSED LEVEL 1 %: 30%
PARSED LEVEL 2 %: 20%

--- LEVEL 1 DRB CALCULATION (30%) ---
Direct Sponsor ID: 1000
Calculated Level 1 Amount: ₹267.00
ACTION: SKIPPED (No valid direct sponsor found / Sponsor is 1000)

--- LEVEL 2 DRB CALCULATION (20%) ---
Level 2 Sponsor ID: None
Calculated Level 2 Amount: ₹178.00
ACTION: SKIPPED (No valid Level 2 sponsor found / Level 2 Sponsor is 1000)
========================================

========================================
[DIRECT SPONSOR INCOME DEBUG]
TIME: 2026-09-29 12:57:38
New Member ID: 125171
Direct Sponsor ID: 705615
Package ID: 1
Member PV: 1, Package Ratio: 1, Qty: 1
Existing Direct Sponsor Records: 0
Direct Rate: ₹890.00
Calculated Direct Sponsor Amount: ₹890.00
ACTION: Forwarding to pay_earning for Sponsor #705615
========================================

----------------------------------------
[PAY EARNING GATEWAY]
TIME: 2026-09-29 12:57:38
Receiver User ID: 705615
From User (Ref ID): 125171
Income Type: Direct Sponsor Income
Amount: ₹890.00
Level: 0
Receiver Status: 
Receiver Topup: ₹0.00
ACTION: LAPSED (Receiver account is Inactive / Deactive - Status: , Topup: 0.00)
----------------------------------------

========================================
[DIRECT SPONSOR INCOME DEBUG]
TIME: 2026-09-29 19:36:42
New Member ID: 572928
Direct Sponsor ID: 676047
Package ID: 1
Member PV: 1, Package Ratio: 1, Qty: 1
Existing Direct Sponsor Records: 0
Direct Rate: ₹890.00
Calculated Direct Sponsor Amount: ₹890.00
ACTION: Forwarding to pay_earning for Sponsor #676047
========================================

----------------------------------------
[PAY EARNING GATEWAY]
TIME: 2026-09-29 19:36:42
Receiver User ID: 676047
From User (Ref ID): 572928
Income Type: Direct Sponsor Income
Amount: ₹890.00
Level: 0
Receiver Status: Active
Receiver Topup: ₹8,900.00
ACTION: SUCCESS -> Earning record inserted (ID: 5, Secret: DIR-676047-20260929193642-500, Amount: ₹890.00, Status: Credited to Wallet IMMEDIATELY - Direct Sponsor Income)
----------------------------------------

========================================
[DIRECT SPONSOR INCOME DEBUG]
TIME: 2026-09-29 19:38:51
New Member ID: 660503
Direct Sponsor ID: 572928
Package ID: 1
Member PV: 1, Package Ratio: 1, Qty: 1
Existing Direct Sponsor Records: 0
Direct Rate: ₹890.00
Calculated Direct Sponsor Amount: ₹890.00
ACTION: Forwarding to pay_earning for Sponsor #572928
========================================

----------------------------------------
[PAY EARNING GATEWAY]
TIME: 2026-09-29 19:38:51
Receiver User ID: 572928
From User (Ref ID): 660503
Income Type: Direct Sponsor Income
Amount: ₹890.00
Level: 0
Receiver Status: Active
Receiver Topup: ₹8,900.00
ACTION: SUCCESS -> Earning record inserted (ID: 6, Secret: DIR-572928-20260929193851-524, Amount: ₹890.00, Status: Credited to Wallet IMMEDIATELY - Direct Sponsor Income)
----------------------------------------

========================================
[DIRECT SPONSOR INCOME DEBUG]
TIME: 2026-09-29 19:40:44
New Member ID: 738833
Direct Sponsor ID: 572928
Package ID: 1
Member PV: 1, Package Ratio: 1, Qty: 1
Existing Direct Sponsor Records: 0
Direct Rate: ₹890.00
Calculated Direct Sponsor Amount: ₹890.00
ACTION: Forwarding to pay_earning for Sponsor #572928
========================================

----------------------------------------
[PAY EARNING GATEWAY]
TIME: 2026-09-29 19:40:44
Receiver User ID: 572928
From User (Ref ID): 738833
Income Type: Direct Sponsor Income
Amount: ₹890.00
Level: 0
Receiver Status: Active
Receiver Topup: ₹8,900.00
ACTION: SUCCESS -> Earning record inserted (ID: 7, Secret: DIR-572928-20260929194044-937, Amount: ₹890.00, Status: Credited to Wallet IMMEDIATELY - Direct Sponsor Income)
----------------------------------------

========================================
[DIRECT SPONSOR INCOME DEBUG]
TIME: 2026-09-29 19:42:48
New Member ID: 812940
Direct Sponsor ID: 572928
Package ID: 1
Member PV: 1, Package Ratio: 1, Qty: 1
Existing Direct Sponsor Records: 0
Direct Rate: ₹890.00
Calculated Direct Sponsor Amount: ₹890.00
ACTION: Forwarding to pay_earning for Sponsor #572928
========================================

----------------------------------------
[PAY EARNING GATEWAY]
TIME: 2026-09-29 19:42:48
Receiver User ID: 572928
From User (Ref ID): 812940
Income Type: Direct Sponsor Income
Amount: ₹890.00
Level: 0
Receiver Status: Active
Receiver Topup: ₹8,900.00
ACTION: SUCCESS -> Earning record inserted (ID: 8, Secret: DIR-572928-20260929194248-662, Amount: ₹890.00, Status: Credited to Wallet IMMEDIATELY - Direct Sponsor Income)
----------------------------------------

----------------------------------------
[PAY EARNING GATEWAY]
TIME: 2026-09-30 00:00:05
Receiver User ID: 705615
From User (Ref ID): 125171
Income Type: Direct Sponsor Income
Amount: ₹890.00
Level: 0
Receiver Status: 
Receiver Topup: ₹0.00
ACTION: LAPSED (Receiver account is Inactive / Deactive - Status: , Topup: 0.00)
----------------------------------------

========================================
[BINARY DEBUG]
TIME: 2026-09-30 00:00:05
FUNCTION ENTERED: process_binary
USER ID: 1001
========================================

========================================
[DRB / LEVEL INCOME DEBUG]
TIME: 2026-09-30 00:00:05
DOWNLINE EARNER ID: 1001
PACKAGE ID: 1
PARSED LEVEL 1 %: 30%
PARSED LEVEL 2 %: 20%

--- LEVEL 1 DRB CALCULATION (30%) ---
Direct Sponsor ID: 1000
Calculated Level 1 Amount: ₹267.00
ACTION: SKIPPED (No valid direct sponsor found / Sponsor is 1000)

--- LEVEL 2 DRB CALCULATION (20%) ---
Level 2 Sponsor ID: None
Calculated Level 2 Amount: ₹178.00
ACTION: SKIPPED (No valid Level 2 sponsor found / Level 2 Sponsor is 1000)
========================================

========================================
[BINARY DEBUG]
TIME: 2026-09-30 00:00:05
USER ID: 1001
FUNCTION: process_binary
========================================

MEMBER INFORMATION:
Member ID: 1001
Member Name: Green Amrut Herbal Multitrade Private Limited
Status: Active
Rank: Member
Topup: 8900.00
Package: 1

TREE / PV INFORMATION:
Total Left PV: 6
Paid Left PV: 2
Available Left PV: 4

Total Right PV: 2
Paid Right PV: 1
Available Right PV: 1

Lifetime Paid Pairs: 1

DIRECT SPONSOR INFORMATION:
Direct Left: 1
Direct Right: 1
(Informational ONLY - Does not block 2:1 / 1:2 PV matching)

PAIR CALCULATION:
BINARY RATIO CHECK:
Left Available: 4
Right Available: 1
Lifetime Previous Pairs: 1

Checking 2:1:
Left >= 2? YES (Left = 4 >= 2)
Right >= 1? YES (Right = 1 >= 1)

Checking 1:2:
Left >= 1? YES (Left = 4 >= 1)
Right >= 2? NO (Right = 1 < 2)

Selected Ratio: 1:1
Pairs Calculated: 1
Left PV To Consume: 1
Right PV To Consume: 1
PAYOUT CALCULATION:
BINARY PAYOUT CALCULATION:
Package ID: 1
Matching Income Configuration: 
Payout Per Pair: 890
Daily Cap: 14240
Pairs Calculated: 1
Pairs Allowed By Cap: 16
Payable Pairs: 1
Total Payout: 890

DATABASE TRANSACTION:
[BINARY TRANSACTION]
BEGIN

1. EARNING INSERT
BINARY EARNING INSERT:
SUCCESS
Insert ID: 
User ID: 1001
Amount: 890
Type: Matching Income
Pair Count: 1
Transaction Reference: BIN-1001-20260930000005-6686

2. WALLET CREDIT
WALLET CREDIT:
SUCCESS
User ID: 1001
Previous Balance: 0
Credit Amount: 890
New Balance: 0

3. PV CONSUMPTION
PV UPDATE:
Before Paid Left: 2
Before Paid Right: 1
Left PV Consumed: 1
Right PV Consumed: 1
After Paid Left: 3
After Paid Right: 2

4. LIFETIME PAIR UPDATE
LIFETIME PAIR UPDATE:
Before: 1
Added: 1
After: 2

5. TRANSACTION
BINARY TRANSACTION:
COMMITTED

FINAL RESULT = PAYOUT GENERATED
Pairs Generated = 1
Payout Generated = 890
Left PV Remaining = 3
Right PV Remaining = 0
========================================

========================================
[BINARY DEBUG]
TIME: 2026-09-30 00:00:05
FUNCTION ENTERED: process_binary
USER ID: 572928
========================================

----------------------------------------
[PAY EARNING GATEWAY]
TIME: 2026-09-30 00:00:05
Receiver User ID: 1001
From User (Ref ID): 572928
Income Type: Direct Referral Bonus Level 2
Amount: ₹178.00
Level: 2
Receiver Status: Active
Receiver Topup: ₹8,900.00
ACTION: SUCCESS -> Earning record inserted (ID: 11, Secret: DRB2-10, Amount: ₹178.00, Status: Pending - Will be credited to Wallet when Midnight Cron runs)
----------------------------------------

========================================
[DRB / LEVEL INCOME DEBUG]
TIME: 2026-09-30 00:00:05
DOWNLINE EARNER ID: 572928
PACKAGE ID: 1
PARSED LEVEL 1 %: 30%
PARSED LEVEL 2 %: 20%

--- LEVEL 1 DRB CALCULATION (30%) ---
Direct Sponsor ID: 676047
Calculated Level 1 Amount: ₹267.00
ACTION: SKIPPED (Sponsor #676047 is either Inactive or tail is not complete: total_pairs = 0)

--- LEVEL 2 DRB CALCULATION (20%) ---
Level 2 Sponsor ID: 1001
Calculated Level 2 Amount: ₹178.00
ACTION: CREDITED -> User #1001 received ₹178.00 as Direct Referral Bonus Level 2 (20%)
========================================

========================================
[BINARY DEBUG]
TIME: 2026-09-30 00:00:05
USER ID: 572928
FUNCTION: process_binary
========================================

MEMBER INFORMATION:
Member ID: 572928
Member Name: Santosh dhondu jadhav
Status: Active
Rank: Member
Topup: 8900.00
Package: 1

TREE / PV INFORMATION:
Total Left PV: 2
Paid Left PV: 0
Available Left PV: 2

Total Right PV: 1
Paid Right PV: 0
Available Right PV: 1

Lifetime Paid Pairs: 0

DIRECT SPONSOR INFORMATION:
Direct Left: 2
Direct Right: 1
(Informational ONLY - Does not block 2:1 / 1:2 PV matching)

PAIR CALCULATION:
BINARY RATIO CHECK:
Left Available: 2
Right Available: 1
Lifetime Previous Pairs: 0

Checking 2:1:
Left >= 2? YES (Left = 2 >= 2)
Right >= 1? YES (Right = 1 >= 1)

Checking 1:2:
Left >= 1? YES (Left = 2 >= 1)
Right >= 2? NO (Right = 1 < 2)

Selected Ratio: 2:1
Pairs Calculated: 1
Left PV To Consume: 2
Right PV To Consume: 1
PAYOUT CALCULATION:
BINARY PAYOUT CALCULATION:
Package ID: 1
Matching Income Configuration: 
Payout Per Pair: 890
Daily Cap: 14240
Pairs Calculated: 1
Pairs Allowed By Cap: 16
Payable Pairs: 1
Total Payout: 890

DATABASE TRANSACTION:
[BINARY TRANSACTION]
BEGIN

1. EARNING INSERT
BINARY EARNING INSERT:
SUCCESS
Insert ID: 
User ID: 572928
Amount: 890
Type: Matching Income
Pair Count: 1
Transaction Reference: BIN-572928-20260930000005-9267

2. WALLET CREDIT
WALLET CREDIT:
SUCCESS
User ID: 572928
Previous Balance: 0
Credit Amount: 890
New Balance: 0

3. PV CONSUMPTION
PV UPDATE:
Before Paid Left: 0
Before Paid Right: 0
Left PV Consumed: 2
Right PV Consumed: 1
After Paid Left: 2
After Paid Right: 1

4. LIFETIME PAIR UPDATE
LIFETIME PAIR UPDATE:
Before: 0
Added: 1
After: 1

5. TRANSACTION
BINARY TRANSACTION:
COMMITTED

FINAL RESULT = PAYOUT GENERATED
Pairs Generated = 1
Payout Generated = 890
Left PV Remaining = 0
Right PV Remaining = 0
========================================

========================================
[DRB / LEVEL INCOME DEBUG]
TIME: 2026-09-30 00:00:05
DOWNLINE EARNER ID: 1001
PACKAGE ID: 1
PARSED LEVEL 1 %: 30%
PARSED LEVEL 2 %: 20%

--- LEVEL 1 DRB CALCULATION (30%) ---
Direct Sponsor ID: 1000
Calculated Level 1 Amount: ₹267.00
ACTION: SKIPPED (No valid direct sponsor found / Sponsor is 1000)

--- LEVEL 2 DRB CALCULATION (20%) ---
Level 2 Sponsor ID: None
Calculated Level 2 Amount: ₹178.00
ACTION: SKIPPED (No valid Level 2 sponsor found / Level 2 Sponsor is 1000)
========================================

========================================
[DRB / LEVEL INCOME DEBUG]
TIME: 2026-09-30 00:00:05
DOWNLINE EARNER ID: 1001
PACKAGE ID: 1
PARSED LEVEL 1 %: 30%
PARSED LEVEL 2 %: 20%

--- LEVEL 1 DRB CALCULATION (30%) ---
Direct Sponsor ID: 1000
Calculated Level 1 Amount: ₹267.00
ACTION: SKIPPED (No valid direct sponsor found / Sponsor is 1000)

--- LEVEL 2 DRB CALCULATION (20%) ---
Level 2 Sponsor ID: None
Calculated Level 2 Amount: ₹178.00
ACTION: SKIPPED (No valid Level 2 sponsor found / Level 2 Sponsor is 1000)
========================================

========================================
[DRB / LEVEL INCOME DEBUG]
TIME: 2026-09-30 00:00:05
DOWNLINE EARNER ID: 572928
PACKAGE ID: 1
PARSED LEVEL 1 %: 30%
PARSED LEVEL 2 %: 20%

--- LEVEL 1 DRB CALCULATION (30%) ---
Direct Sponsor ID: 676047
Calculated Level 1 Amount: ₹267.00
ACTION: SKIPPED (Sponsor #676047 is either Inactive or tail is not complete: total_pairs = 0)

--- LEVEL 2 DRB CALCULATION (20%) ---
Level 2 Sponsor ID: 1001
Calculated Level 2 Amount: ₹178.00
ACTION: SKIPPED (Duplicate prevention: DRB Level 2 already generated for this matching event)
========================================

========================================
[DIRECT SPONSOR INCOME DEBUG]
TIME: 2026-09-30 15:27:15
New Member ID: 661678
Direct Sponsor ID: 572928
Package ID: 1
Member PV: 1, Package Ratio: 1, Qty: 1
Existing Direct Sponsor Records: 0
Direct Rate: ₹890.00
Calculated Direct Sponsor Amount: ₹890.00
ACTION: Forwarding to pay_earning for Sponsor #572928
========================================

----------------------------------------
[PAY EARNING GATEWAY]
TIME: 2026-09-30 15:27:15
Receiver User ID: 572928
From User (Ref ID): 661678
Income Type: Direct Sponsor Income
Amount: ₹890.00
Level: 0
Receiver Status: Active
Receiver Topup: ₹8,900.00
ACTION: SUCCESS -> Earning record inserted (ID: 12, Secret: DIR-572928-20260930152715-247, Amount: ₹890.00, Status: Credited to Wallet IMMEDIATELY - Direct Sponsor Income)
----------------------------------------

========================================
[DIRECT SPONSOR INCOME DEBUG]
TIME: 2026-09-30 16:09:31
New Member ID: 648234
Direct Sponsor ID: 572928
Package ID: 1
Member PV: 1, Package Ratio: 1, Qty: 1
Existing Direct Sponsor Records: 0
Direct Rate: ₹890.00
Calculated Direct Sponsor Amount: ₹890.00
ACTION: Forwarding to pay_earning for Sponsor #572928
========================================

----------------------------------------
[PAY EARNING GATEWAY]
TIME: 2026-09-30 16:09:31
Receiver User ID: 572928
From User (Ref ID): 648234
Income Type: Direct Sponsor Income
Amount: ₹890.00
Level: 0
Receiver Status: Active
Receiver Topup: ₹8,900.00
ACTION: SUCCESS -> Earning record inserted (ID: 13, Secret: DIR-572928-20260930160931-938, Amount: ₹890.00, Status: Credited to Wallet IMMEDIATELY - Direct Sponsor Income)
----------------------------------------

----------------------------------------
[PAY EARNING GATEWAY]
TIME: 2026-10-01 00:00:06
Receiver User ID: 705615
From User (Ref ID): 125171
Income Type: Direct Sponsor Income
Amount: ₹890.00
Level: 0
Receiver Status: 
Receiver Topup: ₹0.00
ACTION: LAPSED (Receiver account is Inactive / Deactive - Status: , Topup: 0.00)
----------------------------------------

========================================
[BINARY DEBUG]
TIME: 2026-10-01 00:00:06
FUNCTION ENTERED: process_binary
USER ID: 1001
========================================

========================================
[BINARY DEBUG]
TIME: 2026-10-01 00:00:06
USER ID: 1001
FUNCTION: process_binary
========================================

MEMBER INFORMATION:
Member ID: 1001
Member Name: Green Amrut Herbal Multitrade Private Limited
Status: Active
Rank: Member
Topup: 8900.00
Package: 1

TREE / PV INFORMATION:
Total Left PV: 8
Paid Left PV: 3
Available Left PV: 5

Total Right PV: 2
Paid Right PV: 2
Available Right PV: 0

Lifetime Paid Pairs: 2

DIRECT SPONSOR INFORMATION:
Direct Left: 1
Direct Right: 1
(Informational ONLY - Does not block 2:1 / 1:2 PV matching)

PAIR CALCULATION:
BINARY RATIO CHECK:
Left Available: 5
Right Available: 0
Lifetime Previous Pairs: 2

Checking 2:1:
Left >= 2? YES (Left = 5 >= 2)
Right >= 1? NO (Right = 0 < 1)

Checking 1:2:
Left >= 1? YES (Left = 5 >= 1)
Right >= 2? NO (Right = 0 < 2)

Selected Ratio: NONE
Pairs Calculated: 0
Left PV To Consume: 0
Right PV To Consume: 0
FINAL RESULT = NO PAIR FORMED
Pairs Generated = 0
Payout Generated = 0
Left PV Remaining = 5
Right PV Remaining = 0
========================================

========================================
[BINARY DEBUG]
TIME: 2026-10-01 00:00:06
FUNCTION ENTERED: process_binary
USER ID: 572928
========================================

----------------------------------------
[PAY EARNING GATEWAY]
TIME: 2026-10-01 00:00:06
Receiver User ID: 1001
From User (Ref ID): 572928
Income Type: Direct Referral Bonus Level 2
Amount: ₹178.00
Level: 2
Receiver Status: Active
Receiver Topup: ₹8,900.00
ACTION: SUCCESS -> Earning record inserted (ID: 15, Secret: DRB2-14, Amount: ₹178.00, Status: Pending - Will be credited to Wallet when Midnight Cron runs)
----------------------------------------

========================================
[DRB / LEVEL INCOME DEBUG]
TIME: 2026-10-01 00:00:06
DOWNLINE EARNER ID: 572928
PACKAGE ID: 1
PARSED LEVEL 1 %: 30%
PARSED LEVEL 2 %: 20%

--- LEVEL 1 DRB CALCULATION (30%) ---
Direct Sponsor ID: 676047
Calculated Level 1 Amount: ₹267.00
ACTION: SKIPPED (Sponsor #676047 is either Inactive or tail is not complete: total_pairs = 0)

--- LEVEL 2 DRB CALCULATION (20%) ---
Level 2 Sponsor ID: 1001
Calculated Level 2 Amount: ₹178.00
ACTION: CREDITED -> User #1001 received ₹178.00 as Direct Referral Bonus Level 2 (20%)
========================================

========================================
[BINARY DEBUG]
TIME: 2026-10-01 00:00:06
USER ID: 572928
FUNCTION: process_binary
========================================

MEMBER INFORMATION:
Member ID: 572928
Member Name: Santosh dhondu jadhav
Status: Active
Rank: Member
Topup: 8900.00
Package: 1

TREE / PV INFORMATION:
Total Left PV: 3
Paid Left PV: 2
Available Left PV: 1

Total Right PV: 2
Paid Right PV: 1
Available Right PV: 1

Lifetime Paid Pairs: 1

DIRECT SPONSOR INFORMATION:
Direct Left: 3
Direct Right: 2
(Informational ONLY - Does not block 2:1 / 1:2 PV matching)

PAIR CALCULATION:
BINARY RATIO CHECK:
Left Available: 1
Right Available: 1
Lifetime Previous Pairs: 1

Checking 2:1:
Left >= 2? NO (Left = 1 < 2)
Right >= 1? YES (Right = 1 >= 1)

Checking 1:2:
Left >= 1? YES (Left = 1 >= 1)
Right >= 2? NO (Right = 1 < 2)

Selected Ratio: 1:1
Pairs Calculated: 1
Left PV To Consume: 1
Right PV To Consume: 1
PAYOUT CALCULATION:
BINARY PAYOUT CALCULATION:
Package ID: 1
Matching Income Configuration: 
Payout Per Pair: 890
Daily Cap: 14240
Pairs Calculated: 1
Pairs Allowed By Cap: 16
Payable Pairs: 1
Total Payout: 890

DATABASE TRANSACTION:
[BINARY TRANSACTION]
BEGIN

1. EARNING INSERT
BINARY EARNING INSERT:
SUCCESS
Insert ID: 
User ID: 572928
Amount: 890
Type: Matching Income
Pair Count: 1
Transaction Reference: BIN-572928-20261001000006-5926

2. WALLET CREDIT
WALLET CREDIT:
SUCCESS
User ID: 572928
Previous Balance: 0
Credit Amount: 890
New Balance: 0

3. PV CONSUMPTION
PV UPDATE:
Before Paid Left: 2
Before Paid Right: 1
Left PV Consumed: 1
Right PV Consumed: 1
After Paid Left: 3
After Paid Right: 2

4. LIFETIME PAIR UPDATE
LIFETIME PAIR UPDATE:
Before: 1
Added: 1
After: 2

5. TRANSACTION
BINARY TRANSACTION:
COMMITTED

FINAL RESULT = PAYOUT GENERATED
Pairs Generated = 1
Payout Generated = 890
Left PV Remaining = 0
Right PV Remaining = 0
========================================

========================================
[DRB / LEVEL INCOME DEBUG]
TIME: 2026-10-01 00:00:06
DOWNLINE EARNER ID: 1001
PACKAGE ID: 1
PARSED LEVEL 1 %: 30%
PARSED LEVEL 2 %: 20%

--- LEVEL 1 DRB CALCULATION (30%) ---
Direct Sponsor ID: 1000
Calculated Level 1 Amount: ₹267.00
ACTION: SKIPPED (No valid direct sponsor found / Sponsor is 1000)

--- LEVEL 2 DRB CALCULATION (20%) ---
Level 2 Sponsor ID: None
Calculated Level 2 Amount: ₹178.00
ACTION: SKIPPED (No valid Level 2 sponsor found / Level 2 Sponsor is 1000)
========================================

========================================
[DRB / LEVEL INCOME DEBUG]
TIME: 2026-10-01 00:00:06
DOWNLINE EARNER ID: 1001
PACKAGE ID: 1
PARSED LEVEL 1 %: 30%
PARSED LEVEL 2 %: 20%

--- LEVEL 1 DRB CALCULATION (30%) ---
Direct Sponsor ID: 1000
Calculated Level 1 Amount: ₹267.00
ACTION: SKIPPED (No valid direct sponsor found / Sponsor is 1000)

--- LEVEL 2 DRB CALCULATION (20%) ---
Level 2 Sponsor ID: None
Calculated Level 2 Amount: ₹178.00
ACTION: SKIPPED (No valid Level 2 sponsor found / Level 2 Sponsor is 1000)
========================================

========================================
[DRB / LEVEL INCOME DEBUG]
TIME: 2026-10-01 00:00:06
DOWNLINE EARNER ID: 572928
PACKAGE ID: 1
PARSED LEVEL 1 %: 30%
PARSED LEVEL 2 %: 20%

--- LEVEL 1 DRB CALCULATION (30%) ---
Direct Sponsor ID: 676047
Calculated Level 1 Amount: ₹267.00
ACTION: SKIPPED (Sponsor #676047 is either Inactive or tail is not complete: total_pairs = 0)

--- LEVEL 2 DRB CALCULATION (20%) ---
Level 2 Sponsor ID: 1001
Calculated Level 2 Amount: ₹178.00
ACTION: SKIPPED (Duplicate prevention: DRB Level 2 already generated for this matching event)
========================================

========================================
[DRB / LEVEL INCOME DEBUG]
TIME: 2026-10-01 00:00:06
DOWNLINE EARNER ID: 572928
PACKAGE ID: 1
PARSED LEVEL 1 %: 30%
PARSED LEVEL 2 %: 20%

--- LEVEL 1 DRB CALCULATION (30%) ---
Direct Sponsor ID: 676047
Calculated Level 1 Amount: ₹267.00
ACTION: SKIPPED (Sponsor #676047 is either Inactive or tail is not complete: total_pairs = 0)

--- LEVEL 2 DRB CALCULATION (20%) ---
Level 2 Sponsor ID: 1001
Calculated Level 2 Amount: ₹178.00
ACTION: SKIPPED (Duplicate prevention: DRB Level 2 already generated for this matching event)
========================================

========================================
[DIRECT SPONSOR INCOME DEBUG]
TIME: 2026-10-01 11:11:04
New Member ID: 247117
Direct Sponsor ID: 572928
Package ID: 1
Member PV: 1, Package Ratio: 1, Qty: 1
Existing Direct Sponsor Records: 0
Direct Rate: ₹890.00
Calculated Direct Sponsor Amount: ₹890.00
ACTION: Forwarding to pay_earning for Sponsor #572928
========================================

----------------------------------------
[PAY EARNING GATEWAY]
TIME: 2026-10-01 11:11:04
Receiver User ID: 572928
From User (Ref ID): 247117
Income Type: Direct Sponsor Income
Amount: ₹890.00
Level: 0
Receiver Status: Active
Receiver Topup: ₹8,900.00
ACTION: SUCCESS -> Earning record inserted (ID: 16, Secret: DIR-572928-20261001111104-502, Amount: ₹890.00, Status: Credited to Wallet IMMEDIATELY - Direct Sponsor Income)
----------------------------------------

========================================
[DIRECT SPONSOR INCOME DEBUG]
TIME: 2026-10-01 11:12:31
New Member ID: 806549
Direct Sponsor ID: 648234
Package ID: 1
Member PV: 1, Package Ratio: 1, Qty: 1
Existing Direct Sponsor Records: 0
Direct Rate: ₹890.00
Calculated Direct Sponsor Amount: ₹890.00
ACTION: Forwarding to pay_earning for Sponsor #648234
========================================

----------------------------------------
[PAY EARNING GATEWAY]
TIME: 2026-10-01 11:12:31
Receiver User ID: 648234
From User (Ref ID): 806549
Income Type: Direct Sponsor Income
Amount: ₹890.00
Level: 0
Receiver Status: Active
Receiver Topup: ₹8,900.00
ACTION: SUCCESS -> Earning record inserted (ID: 17, Secret: DIR-648234-20261001111231-388, Amount: ₹890.00, Status: Credited to Wallet IMMEDIATELY - Direct Sponsor Income)
----------------------------------------

========================================
[DIRECT SPONSOR INCOME DEBUG]
TIME: 2026-10-01 11:13:41
New Member ID: 542226
Direct Sponsor ID: 806549
Package ID: 1
Member PV: 1, Package Ratio: 1, Qty: 1
Existing Direct Sponsor Records: 0
Direct Rate: ₹890.00
Calculated Direct Sponsor Amount: ₹890.00
ACTION: Forwarding to pay_earning for Sponsor #806549
========================================

----------------------------------------
[PAY EARNING GATEWAY]
TIME: 2026-10-01 11:13:41
Receiver User ID: 806549
From User (Ref ID): 542226
Income Type: Direct Sponsor Income
Amount: ₹890.00
Level: 0
Receiver Status: Active
Receiver Topup: ₹8,900.00
ACTION: SUCCESS -> Earning record inserted (ID: 18, Secret: DIR-806549-20261001111341-633, Amount: ₹890.00, Status: Credited to Wallet IMMEDIATELY - Direct Sponsor Income)
----------------------------------------

========================================
[DIRECT SPONSOR INCOME DEBUG]
TIME: 2026-10-01 11:14:43
New Member ID: 243579
Direct Sponsor ID: 542226
Package ID: 1
Member PV: 1, Package Ratio: 1, Qty: 1
Existing Direct Sponsor Records: 0
Direct Rate: ₹890.00
Calculated Direct Sponsor Amount: ₹890.00
ACTION: Forwarding to pay_earning for Sponsor #542226
========================================

----------------------------------------
[PAY EARNING GATEWAY]
TIME: 2026-10-01 11:14:43
Receiver User ID: 542226
From User (Ref ID): 243579
Income Type: Direct Sponsor Income
Amount: ₹890.00
Level: 0
Receiver Status: Active
Receiver Topup: ₹8,900.00
ACTION: SUCCESS -> Earning record inserted (ID: 19, Secret: DIR-542226-20261001111443-967, Amount: ₹890.00, Status: Credited to Wallet IMMEDIATELY - Direct Sponsor Income)
----------------------------------------

========================================
[DIRECT SPONSOR INCOME DEBUG]
TIME: 2026-10-01 11:15:30
New Member ID: 458902
Direct Sponsor ID: 542226
Package ID: 1
Member PV: 1, Package Ratio: 1, Qty: 1
Existing Direct Sponsor Records: 0
Direct Rate: ₹890.00
Calculated Direct Sponsor Amount: ₹890.00
ACTION: Forwarding to pay_earning for Sponsor #542226
========================================

----------------------------------------
[PAY EARNING GATEWAY]
TIME: 2026-10-01 11:15:30
Receiver User ID: 542226
From User (Ref ID): 458902
Income Type: Direct Sponsor Income
Amount: ₹890.00
Level: 0
Receiver Status: Active
Receiver Topup: ₹8,900.00
ACTION: SUCCESS -> Earning record inserted (ID: 20, Secret: DIR-542226-20261001111530-138, Amount: ₹890.00, Status: Credited to Wallet IMMEDIATELY - Direct Sponsor Income)
----------------------------------------

========================================
[DIRECT SPONSOR INCOME DEBUG]
TIME: 2026-10-01 11:27:51
New Member ID: 871990
Direct Sponsor ID: 812940
Package ID: 1
Member PV: 1, Package Ratio: 1, Qty: 1
Existing Direct Sponsor Records: 0
Direct Rate: ₹890.00
Calculated Direct Sponsor Amount: ₹890.00
ACTION: Forwarding to pay_earning for Sponsor #812940
========================================

----------------------------------------
[PAY EARNING GATEWAY]
TIME: 2026-10-01 11:27:51
Receiver User ID: 812940
From User (Ref ID): 871990
Income Type: Direct Sponsor Income
Amount: ₹890.00
Level: 0
Receiver Status: Active
Receiver Topup: ₹8,900.00
ACTION: SUCCESS -> Earning record inserted (ID: 21, Secret: DIR-812940-20261001112751-373, Amount: ₹890.00, Status: Credited to Wallet IMMEDIATELY - Direct Sponsor Income)
----------------------------------------

========================================
[DIRECT SPONSOR INCOME DEBUG]
TIME: 2026-10-01 11:34:01
New Member ID: 584474
Direct Sponsor ID: 572928
Package ID: 1
Member PV: 1, Package Ratio: 1, Qty: 1
Existing Direct Sponsor Records: 0
Direct Rate: ₹890.00
Calculated Direct Sponsor Amount: ₹890.00
ACTION: Forwarding to pay_earning for Sponsor #572928
========================================

----------------------------------------
[PAY EARNING GATEWAY]
TIME: 2026-10-01 11:34:01
Receiver User ID: 572928
From User (Ref ID): 584474
Income Type: Direct Sponsor Income
Amount: ₹890.00
Level: 0
Receiver Status: Active
Receiver Topup: ₹8,900.00
ACTION: SUCCESS -> Earning record inserted (ID: 22, Secret: DIR-572928-20261001113401-680, Amount: ₹890.00, Status: Credited to Wallet IMMEDIATELY - Direct Sponsor Income)
----------------------------------------

========================================
[DIRECT SPONSOR INCOME DEBUG]
TIME: 2026-10-01 11:35:03
New Member ID: 473462
Direct Sponsor ID: 572928
Package ID: 1
Member PV: 1, Package Ratio: 1, Qty: 1
Existing Direct Sponsor Records: 0
Direct Rate: ₹890.00
Calculated Direct Sponsor Amount: ₹890.00
ACTION: Forwarding to pay_earning for Sponsor #572928
========================================

----------------------------------------
[PAY EARNING GATEWAY]
TIME: 2026-10-01 11:35:03
Receiver User ID: 572928
From User (Ref ID): 473462
Income Type: Direct Sponsor Income
Amount: ₹890.00
Level: 0
Receiver Status: Active
Receiver Topup: ₹8,900.00
ACTION: SUCCESS -> Earning record inserted (ID: 23, Secret: DIR-572928-20261001113503-305, Amount: ₹890.00, Status: Credited to Wallet IMMEDIATELY - Direct Sponsor Income)
----------------------------------------

========================================
[BINARY DEBUG]
TIME: 2026-10-01 12:00:46
FUNCTION ENTERED: process_binary
USER ID: 1001
========================================

========================================
[BINARY DEBUG]
TIME: 2026-10-01 12:00:46
USER ID: 1001
FUNCTION: process_binary
========================================

MEMBER INFORMATION:
Member ID: 1001
Member Name: Green Amrut Herbal Multitrade Private Limited
Status: Active
Rank: Member
Topup: 8900.00
Package: 1

TREE / PV INFORMATION:
Total Left PV: 16
Paid Left PV: 3
Available Left PV: 13

Total Right PV: 2
Paid Right PV: 2
Available Right PV: 0

Lifetime Paid Pairs: 2

DIRECT SPONSOR INFORMATION:
Direct Left: 1
Direct Right: 1
(Informational ONLY - Does not block 2:1 / 1:2 PV matching)

PAIR CALCULATION:
BINARY RATIO CHECK:
Left Available: 13
Right Available: 0
Lifetime Previous Pairs: 2

Checking 2:1:
Left >= 2? YES (Left = 13 >= 2)
Right >= 1? NO (Right = 0 < 1)

Checking 1:2:
Left >= 1? YES (Left = 13 >= 1)
Right >= 2? NO (Right = 0 < 2)

Selected Ratio: NONE
Pairs Calculated: 0
Left PV To Consume: 0
Right PV To Consume: 0
FINAL RESULT = NO PAIR FORMED
Pairs Generated = 0
Payout Generated = 0
Left PV Remaining = 13
Right PV Remaining = 0
========================================

========================================
[BINARY DEBUG]
TIME: 2026-10-01 12:00:46
FUNCTION ENTERED: process_binary
USER ID: 102433
========================================

========================================
[BINARY DEBUG]
TIME: 2026-10-01 12:00:46
USER ID: 102433
FUNCTION: process_binary
========================================

MEMBER INFORMATION:
Member ID: 102433
Member Name: S6
Status: 
Rank: Member
Topup: 0.00
Package: 1

FAIL: Member ID 102433 is Inactive / Deactive (Status: , Topup: 0.00). Matching Income skipped.
========================================

========================================
[BINARY DEBUG]
TIME: 2026-10-01 12:00:46
FUNCTION ENTERED: process_binary
USER ID: 105729
========================================

========================================
[BINARY DEBUG]
TIME: 2026-10-01 12:00:46
USER ID: 105729
FUNCTION: process_binary
========================================

MEMBER INFORMATION:
Member ID: 105729
Member Name: S10
Status: 
Rank: Member
Topup: 0.00
Package: 1

FAIL: Member ID 105729 is Inactive / Deactive (Status: , Topup: 0.00). Matching Income skipped.
========================================

========================================
[BINARY DEBUG]
TIME: 2026-10-01 12:00:46
FUNCTION ENTERED: process_binary
USER ID: 125171
========================================

========================================
[BINARY DEBUG]
TIME: 2026-10-01 12:00:46
USER ID: 125171
FUNCTION: process_binary
========================================

MEMBER INFORMATION:
Member ID: 125171
Member Name: Ganesh  sharma
Status: Active
Rank: Member
Topup: 8900.00
Package: 1

TREE / PV INFORMATION:
Total Left PV: 0
Paid Left PV: 0
Available Left PV: 0

Total Right PV: 0
Paid Right PV: 0
Available Right PV: 0

Lifetime Paid Pairs: 0

DIRECT SPONSOR INFORMATION:
Direct Left: 0
Direct Right: 0
(Informational ONLY - Does not block 2:1 / 1:2 PV matching)

PAIR CALCULATION:
BINARY RATIO CHECK:
Left Available: 0
Right Available: 0
Lifetime Previous Pairs: 0

Checking 2:1:
Left >= 2? NO (Left = 0 < 2)
Right >= 1? NO (Right = 0 < 1)

Checking 1:2:
Left >= 1? NO (Left = 0 < 1)
Right >= 2? NO (Right = 0 < 2)

Selected Ratio: NONE
Pairs Calculated: 0
Left PV To Consume: 0
Right PV To Consume: 0
FINAL RESULT = NO PAIR FORMED
Pairs Generated = 0
Payout Generated = 0
Left PV Remaining = 0
Right PV Remaining = 0
========================================

========================================
[BINARY DEBUG]
TIME: 2026-10-01 12:00:46
FUNCTION ENTERED: process_binary
USER ID: 137988
========================================

========================================
[BINARY DEBUG]
TIME: 2026-10-01 12:00:46
USER ID: 137988
FUNCTION: process_binary
========================================

MEMBER INFORMATION:
Member ID: 137988
Member Name: XYZ5
Status: 
Rank: Member
Topup: 0.00
Package: 1

FAIL: Member ID 137988 is Inactive / Deactive (Status: , Topup: 0.00). Matching Income skipped.
========================================

========================================
[BINARY DEBUG]
TIME: 2026-10-01 12:00:46
FUNCTION ENTERED: process_binary
USER ID: 144756
========================================

========================================
[BINARY DEBUG]
TIME: 2026-10-01 12:00:46
USER ID: 144756
FUNCTION: process_binary
========================================

MEMBER INFORMATION:
Member ID: 144756
Member Name: Dr Abhishek jagatap
Status: 
Rank: Member
Topup: 0.00
Package: 1

FAIL: Member ID 144756 is Inactive / Deactive (Status: , Topup: 0.00). Matching Income skipped.
========================================

========================================
[BINARY DEBUG]
TIME: 2026-10-01 12:00:46
FUNCTION ENTERED: process_binary
USER ID: 162703
========================================

========================================
[BINARY DEBUG]
TIME: 2026-10-01 12:00:46
USER ID: 162703
FUNCTION: process_binary
========================================

MEMBER INFORMATION:
Member ID: 162703
Member Name: Ab12
Status: 
Rank: Member
Topup: 0.00
Package: 1

FAIL: Member ID 162703 is Inactive / Deactive (Status: , Topup: 0.00). Matching Income skipped.
========================================

========================================
[BINARY DEBUG]
TIME: 2026-10-01 12:00:46
FUNCTION ENTERED: process_binary
USER ID: 165442
========================================

========================================
[BINARY DEBUG]
TIME: 2026-10-01 12:00:46
USER ID: 165442
FUNCTION: process_binary
========================================

MEMBER INFORMATION:
Member ID: 165442
Member Name: S9
Status: 
Rank: Member
Topup: 0.00
Package: 1

FAIL: Member ID 165442 is Inactive / Deactive (Status: , Topup: 0.00). Matching Income skipped.
========================================

========================================
[BINARY DEBUG]
TIME: 2026-10-01 12:00:46
FUNCTION ENTERED: process_binary
USER ID: 169726
========================================

========================================
[BINARY DEBUG]
TIME: 2026-10-01 12:00:46
USER ID: 169726
FUNCTION: process_binary
========================================

MEMBER INFORMATION:
Member ID: 169726
Member Name: xyz3
Status: 
Rank: Member
Topup: 0.00
Package: 1

FAIL: Member ID 169726 is Inactive / Deactive (Status: , Topup: 0.00). Matching Income skipped.
========================================

========================================
[BINARY DEBUG]
TIME: 2026-10-01 12:00:46
FUNCTION ENTERED: process_binary
USER ID: 170795
========================================

========================================
[BINARY DEBUG]
TIME: 2026-10-01 12:00:46
USER ID: 170795
FUNCTION: process_binary
========================================

MEMBER INFORMATION:
Member ID: 170795
Member Name: SJ7
Status: 
Rank: Member
Topup: 0.00
Package: 1

FAIL: Member ID 170795 is Inactive / Deactive (Status: , Topup: 0.00). Matching Income skipped.
========================================

========================================
[BINARY DEBUG]
TIME: 2026-10-01 12:00:46
FUNCTION ENTERED: process_binary
USER ID: 181192
========================================

========================================
[BINARY DEBUG]
TIME: 2026-10-01 12:00:46
USER ID: 181192
FUNCTION: process_binary
========================================

MEMBER INFORMATION:
Member ID: 181192
Member Name: Ab14
Status: 
Rank: Member
Topup: 0.00
Package: 1

FAIL: Member ID 181192 is Inactive / Deactive (Status: , Topup: 0.00). Matching Income skipped.
========================================

========================================
[BINARY DEBUG]
TIME: 2026-10-01 12:00:46
FUNCTION ENTERED: process_binary
USER ID: 182145
========================================

========================================
[BINARY DEBUG]
TIME: 2026-10-01 12:00:46
USER ID: 182145
FUNCTION: process_binary
========================================

MEMBER INFORMATION:
Member ID: 182145
Member Name: Ab13
Status: 
Rank: Member
Topup: 0.00
Package: 1

FAIL: Member ID 182145 is Inactive / Deactive (Status: , Topup: 0.00). Matching Income skipped.
========================================

========================================
[BINARY DEBUG]
TIME: 2026-10-01 12:00:46
FUNCTION ENTERED: process_binary
USER ID: 190613
========================================

========================================
[BINARY DEBUG]
TIME: 2026-10-01 12:00:46
USER ID: 190613
FUNCTION: process_binary
========================================

MEMBER INFORMATION:
Member ID: 190613
Member Name: S3
Status: 
Rank: Member
Topup: 0.00
Package: 1

FAIL: Member ID 190613 is Inactive / Deactive (Status: , Topup: 0.00). Matching Income skipped.
========================================

========================================
[BINARY DEBUG]
TIME: 2026-10-01 12:00:46
FUNCTION ENTERED: process_binary
USER ID: 217105
========================================

========================================
[BINARY DEBUG]
TIME: 2026-10-01 12:00:46
USER ID: 217105
FUNCTION: process_binary
========================================

MEMBER INFORMATION:
Member ID: 217105
Member Name: Abj1
Status: 
Rank: Member
Topup: 0.00
Package: 1

FAIL: Member ID 217105 is Inactive / Deactive (Status: , Topup: 0.00). Matching Income skipped.
========================================

========================================
[BINARY DEBUG]
TIME: 2026-10-01 12:00:46
FUNCTION ENTERED: process_binary
USER ID: 225419
========================================

========================================
[BINARY DEBUG]
TIME: 2026-10-01 12:00:46
USER ID: 225419
FUNCTION: process_binary
========================================

MEMBER INFORMATION:
Member ID: 225419
Member Name: x10
Status: 
Rank: Member
Topup: 0.00
Package: 1

FAIL: Member ID 225419 is Inactive / Deactive (Status: , Topup: 0.00). Matching Income skipped.
========================================

========================================
[BINARY DEBUG]
TIME: 2026-10-01 12:00:46
FUNCTION ENTERED: process_binary
USER ID: 228742
========================================

========================================
[BINARY DEBUG]
TIME: 2026-10-01 12:00:46
USER ID: 228742
FUNCTION: process_binary
========================================

MEMBER INFORMATION:
Member ID: 228742
Member Name: x2
Status: Suspend
Rank: Member
Topup: 0.00
Package: 1

FAIL: Member ID 228742 is Inactive / Deactive (Status: Suspend, Topup: 0.00). Matching Income skipped.
========================================

========================================
[BINARY DEBUG]
TIME: 2026-10-01 12:00:46
FUNCTION ENTERED: process_binary
USER ID: 233793
========================================

========================================
[BINARY DEBUG]
TIME: 2026-10-01 12:00:46
USER ID: 233793
FUNCTION: process_binary
========================================

MEMBER INFORMATION:
Member ID: 233793
Member Name: S7
Status: 
Rank: Member
Topup: 0.00
Package: 1

FAIL: Member ID 233793 is Inactive / Deactive (Status: , Topup: 0.00). Matching Income skipped.
========================================

========================================
[BINARY DEBUG]
TIME: 2026-10-01 12:00:46
FUNCTION ENTERED: process_binary
USER ID: 237651
========================================

========================================
[BINARY DEBUG]
TIME: 2026-10-01 12:00:46
USER ID: 237651
FUNCTION: process_binary
========================================

MEMBER INFORMATION:
Member ID: 237651
Member Name: S2
Status: 
Rank: Member
Topup: 0.00
Package: 1

FAIL: Member ID 237651 is Inactive / Deactive (Status: , Topup: 0.00). Matching Income skipped.
========================================

========================================
[BINARY DEBUG]
TIME: 2026-10-01 12:00:46
FUNCTION ENTERED: process_binary
USER ID: 243579
========================================

========================================
[BINARY DEBUG]
TIME: 2026-10-01 12:00:46
USER ID: 243579
FUNCTION: process_binary
========================================

MEMBER INFORMATION:
Member ID: 243579
Member Name: Avani mapuskar
Status: Active
Rank: Member
Topup: 8900.00
Package: 1

TREE / PV INFORMATION:
Total Left PV: 0
Paid Left PV: 0
Available Left PV: 0

Total Right PV: 0
Paid Right PV: 0
Available Right PV: 0

Lifetime Paid Pairs: 0

DIRECT SPONSOR INFORMATION:
Direct Left: 0
Direct Right: 0
(Informational ONLY - Does not block 2:1 / 1:2 PV matching)

PAIR CALCULATION:
BINARY RATIO CHECK:
Left Available: 0
Right Available: 0
Lifetime Previous Pairs: 0

Checking 2:1:
Left >= 2? NO (Left = 0 < 2)
Right >= 1? NO (Right = 0 < 1)

Checking 1:2:
Left >= 1? NO (Left = 0 < 1)
Right >= 2? NO (Right = 0 < 2)

Selected Ratio: NONE
Pairs Calculated: 0
Left PV To Consume: 0
Right PV To Consume: 0
FINAL RESULT = NO PAIR FORMED
Pairs Generated = 0
Payout Generated = 0
Left PV Remaining = 0
Right PV Remaining = 0
========================================

========================================
[BINARY DEBUG]
TIME: 2026-10-01 12:00:46
FUNCTION ENTERED: process_binary
USER ID: 245622
========================================

========================================
[BINARY DEBUG]
TIME: 2026-10-01 12:00:46
USER ID: 245622
FUNCTION: process_binary
========================================

MEMBER INFORMATION:
Member ID: 245622
Member Name: SJ5
Status: 
Rank: Member
Topup: 0.00
Package: 1

FAIL: Member ID 245622 is Inactive / Deactive (Status: , Topup: 0.00). Matching Income skipped.
========================================

========================================
[BINARY DEBUG]
TIME: 2026-10-01 12:00:46
FUNCTION ENTERED: process_binary
USER ID: 247117
========================================

========================================
[BINARY DEBUG]
TIME: 2026-10-01 12:00:46
USER ID: 247117
FUNCTION: process_binary
========================================

MEMBER INFORMATION:
Member ID: 247117
Member Name: Rajedra  jadhav
Status: Active
Rank: Member
Topup: 8900.00
Package: 1

TREE / PV INFORMATION:
Total Left PV: 0
Paid Left PV: 0
Available Left PV: 0

Total Right PV: 4
Paid Right PV: 0
Available Right PV: 4

Lifetime Paid Pairs: 0

DIRECT SPONSOR INFORMATION:
Direct Left: 0
Direct Right: 0
(Informational ONLY - Does not block 2:1 / 1:2 PV matching)

PAIR CALCULATION:
BINARY RATIO CHECK:
Left Available: 0
Right Available: 4
Lifetime Previous Pairs: 0

Checking 2:1:
Left >= 2? NO (Left = 0 < 2)
Right >= 1? YES (Right = 4 >= 1)

Checking 1:2:
Left >= 1? NO (Left = 0 < 1)
Right >= 2? YES (Right = 4 >= 2)

Selected Ratio: NONE
Pairs Calculated: 0
Left PV To Consume: 0
Right PV To Consume: 0
FINAL RESULT = NO PAIR FORMED
Pairs Generated = 0
Payout Generated = 0
Left PV Remaining = 0
Right PV Remaining = 4
========================================

========================================
[BINARY DEBUG]
TIME: 2026-10-01 12:00:46
FUNCTION ENTERED: process_binary
USER ID: 250086
========================================

========================================
[BINARY DEBUG]
TIME: 2026-10-01 12:00:46
USER ID: 250086
FUNCTION: process_binary
========================================

MEMBER INFORMATION:
Member ID: 250086
Member Name: Ab19
Status: 
Rank: Member
Topup: 0.00
Package: 1

FAIL: Member ID 250086 is Inactive / Deactive (Status: , Topup: 0.00). Matching Income skipped.
========================================

========================================
[BINARY DEBUG]
TIME: 2026-10-01 12:00:46
FUNCTION ENTERED: process_binary
USER ID: 250656
========================================

========================================
[BINARY DEBUG]
TIME: 2026-10-01 12:00:46
USER ID: 250656
FUNCTION: process_binary
========================================

MEMBER INFORMATION:
Member ID: 250656
Member Name: SJ8
Status: 
Rank: Member
Topup: 0.00
Package: 1

FAIL: Member ID 250656 is Inactive / Deactive (Status: , Topup: 0.00). Matching Income skipped.
========================================

========================================
[BINARY DEBUG]
TIME: 2026-10-01 12:00:46
FUNCTION ENTERED: process_binary
USER ID: 288915
========================================

========================================
[BINARY DEBUG]
TIME: 2026-10-01 12:00:46
USER ID: 288915
FUNCTION: process_binary
========================================

MEMBER INFORMATION:
Member ID: 288915
Member Name: V1
Status: 
Rank: Member
Topup: 0.00
Package: 1

FAIL: Member ID 288915 is Inactive / Deactive (Status: , Topup: 0.00). Matching Income skipped.
========================================

========================================
[BINARY DEBUG]
TIME: 2026-10-01 12:00:46
FUNCTION ENTERED: process_binary
USER ID: 304222
========================================

========================================
[BINARY DEBUG]
TIME: 2026-10-01 12:00:46
USER ID: 304222
FUNCTION: process_binary
========================================

MEMBER INFORMATION:
Member ID: 304222
Member Name: Ab8
Status: 
Rank: Member
Topup: 0.00
Package: 1

FAIL: Member ID 304222 is Inactive / Deactive (Status: , Topup: 0.00). Matching Income skipped.
========================================

========================================
[BINARY DEBUG]
TIME: 2026-10-01 12:00:46
FUNCTION ENTERED: process_binary
USER ID: 306183
========================================

========================================
[BINARY DEBUG]
TIME: 2026-10-01 12:00:46
USER ID: 306183
FUNCTION: process_binary
========================================

MEMBER INFORMATION:
Member ID: 306183
Member Name: xyz4
Status: 
Rank: Member
Topup: 0.00
Package: 1

FAIL: Member ID 306183 is Inactive / Deactive (Status: , Topup: 0.00). Matching Income skipped.
========================================

========================================
[BINARY DEBUG]
TIME: 2026-10-01 12:00:46
FUNCTION ENTERED: process_binary
USER ID: 315152
========================================

========================================
[BINARY DEBUG]
TIME: 2026-10-01 12:00:46
USER ID: 315152
FUNCTION: process_binary
========================================

MEMBER INFORMATION:
Member ID: 315152
Member Name: Ab 10
Status: 
Rank: Member
Topup: 0.00
Package: 1

FAIL: Member ID 315152 is Inactive / Deactive (Status: , Topup: 0.00). Matching Income skipped.
========================================

========================================
[BINARY DEBUG]
TIME: 2026-10-01 12:00:46
FUNCTION ENTERED: process_binary
USER ID: 329246
========================================

========================================
[BINARY DEBUG]
TIME: 2026-10-01 12:00:46
USER ID: 329246
FUNCTION: process_binary
========================================

MEMBER INFORMATION:
Member ID: 329246
Member Name: SANDIP PATIL
Status: Active
Rank: Member
Topup: 8900.00
Package: 1

TREE / PV INFORMATION:
Total Left PV: 14
Paid Left PV: 0
Available Left PV: 14

Total Right PV: 0
Paid Right PV: 0
Available Right PV: 0

Lifetime Paid Pairs: 0

DIRECT SPONSOR INFORMATION:
Direct Left: 0
Direct Right: 0
(Informational ONLY - Does not block 2:1 / 1:2 PV matching)

PAIR CALCULATION:
BINARY RATIO CHECK:
Left Available: 14
Right Available: 0
Lifetime Previous Pairs: 0

Checking 2:1:
Left >= 2? YES (Left = 14 >= 2)
Right >= 1? NO (Right = 0 < 1)

Checking 1:2:
Left >= 1? YES (Left = 14 >= 1)
Right >= 2? NO (Right = 0 < 2)

Selected Ratio: NONE
Pairs Calculated: 0
Left PV To Consume: 0
Right PV To Consume: 0
FINAL RESULT = NO PAIR FORMED
Pairs Generated = 0
Payout Generated = 0
Left PV Remaining = 14
Right PV Remaining = 0
========================================

========================================
[BINARY DEBUG]
TIME: 2026-10-01 12:00:46
FUNCTION ENTERED: process_binary
USER ID: 340209
========================================

========================================
[BINARY DEBUG]
TIME: 2026-10-01 12:00:46
USER ID: 340209
FUNCTION: process_binary
========================================

MEMBER INFORMATION:
Member ID: 340209
Member Name: S8
Status: 
Rank: Member
Topup: 0.00
Package: 1

FAIL: Member ID 340209 is Inactive / Deactive (Status: , Topup: 0.00). Matching Income skipped.
========================================

========================================
[BINARY DEBUG]
TIME: 2026-10-01 12:00:46
FUNCTION ENTERED: process_binary
USER ID: 345333
========================================

========================================
[BINARY DEBUG]
TIME: 2026-10-01 12:00:46
USER ID: 345333
FUNCTION: process_binary
========================================

MEMBER INFORMATION:
Member ID: 345333
Member Name: xyz7
Status: 
Rank: Member
Topup: 0.00
Package: 1

FAIL: Member ID 345333 is Inactive / Deactive (Status: , Topup: 0.00). Matching Income skipped.
========================================

========================================
[BINARY DEBUG]
TIME: 2026-10-01 12:00:46
FUNCTION ENTERED: process_binary
USER ID: 352204
========================================

========================================
[BINARY DEBUG]
TIME: 2026-10-01 12:00:46
USER ID: 352204
FUNCTION: process_binary
========================================

MEMBER INFORMATION:
Member ID: 352204
Member Name: xyz
Status: 
Rank: Member
Topup: 0.00
Package: 1

FAIL: Member ID 352204 is Inactive / Deactive (Status: , Topup: 0.00). Matching Income skipped.
========================================

========================================
[BINARY DEBUG]
TIME: 2026-10-01 12:00:46
FUNCTION ENTERED: process_binary
USER ID: 357973
========================================

========================================
[BINARY DEBUG]
TIME: 2026-10-01 12:00:46
USER ID: 357973
FUNCTION: process_binary
========================================

MEMBER INFORMATION:
Member ID: 357973
Member Name: x9
Status: 
Rank: Member
Topup: 0.00
Package: 1

FAIL: Member ID 357973 is Inactive / Deactive (Status: , Topup: 0.00). Matching Income skipped.
========================================

========================================
[BINARY DEBUG]
TIME: 2026-10-01 12:00:46
FUNCTION ENTERED: process_binary
USER ID: 360931
========================================

========================================
[BINARY DEBUG]
TIME: 2026-10-01 12:00:46
USER ID: 360931
FUNCTION: process_binary
========================================

MEMBER INFORMATION:
Member ID: 360931
Member Name: SJ3
Status: 
Rank: Member
Topup: 0.00
Package: 1

FAIL: Member ID 360931 is Inactive / Deactive (Status: , Topup: 0.00). Matching Income skipped.
========================================

========================================
[BINARY DEBUG]
TIME: 2026-10-01 12:00:46
FUNCTION ENTERED: process_binary
USER ID: 365796
========================================

========================================
[BINARY DEBUG]
TIME: 2026-10-01 12:00:46
USER ID: 365796
FUNCTION: process_binary
========================================

MEMBER INFORMATION:
Member ID: 365796
Member Name: yogesh vibhute
Status: 
Rank: Member
Topup: 0.00
Package: 1

FAIL: Member ID 365796 is Inactive / Deactive (Status: , Topup: 0.00). Matching Income skipped.
========================================

========================================
[BINARY DEBUG]
TIME: 2026-10-01 12:00:46
FUNCTION ENTERED: process_binary
USER ID: 379448
========================================

========================================
[BINARY DEBUG]
TIME: 2026-10-01 12:00:46
USER ID: 379448
FUNCTION: process_binary
========================================

MEMBER INFORMATION:
Member ID: 379448
Member Name: xyz6
Status: 
Rank: Member
Topup: 0.00
Package: 1

FAIL: Member ID 379448 is Inactive / Deactive (Status: , Topup: 0.00). Matching Income skipped.
========================================

========================================
[BINARY DEBUG]
TIME: 2026-10-01 12:00:46
FUNCTION ENTERED: process_binary
USER ID: 380222
========================================

========================================
[BINARY DEBUG]
TIME: 2026-10-01 12:00:46
USER ID: 380222
FUNCTION: process_binary
========================================

MEMBER INFORMATION:
Member ID: 380222
Member Name: S5
Status: 
Rank: Member
Topup: 0.00
Package: 1

FAIL: Member ID 380222 is Inactive / Deactive (Status: , Topup: 0.00). Matching Income skipped.
========================================

========================================
[BINARY DEBUG]
TIME: 2026-10-01 12:00:46
FUNCTION ENTERED: process_binary
USER ID: 388566
========================================

========================================
[BINARY DEBUG]
TIME: 2026-10-01 12:00:46
USER ID: 388566
FUNCTION: process_binary
========================================

MEMBER INFORMATION:
Member ID: 388566
Member Name: Ab7
Status: 
Rank: Member
Topup: 0.00
Package: 1

FAIL: Member ID 388566 is Inactive / Deactive (Status: , Topup: 0.00). Matching Income skipped.
========================================

========================================
[BINARY DEBUG]
TIME: 2026-10-01 12:00:46
FUNCTION ENTERED: process_binary
USER ID: 416894
========================================

========================================
[BINARY DEBUG]
TIME: 2026-10-01 12:00:46
USER ID: 416894
FUNCTION: process_binary
========================================

MEMBER INFORMATION:
Member ID: 416894
Member Name: Abhishek jagatap
Status: 
Rank: Member
Topup: 0.00
Package: 1

FAIL: Member ID 416894 is Inactive / Deactive (Status: , Topup: 0.00). Matching Income skipped.
========================================

========================================
[BINARY DEBUG]
TIME: 2026-10-01 12:00:46
FUNCTION ENTERED: process_binary
USER ID: 417881
========================================

========================================
[BINARY DEBUG]
TIME: 2026-10-01 12:00:46
USER ID: 417881
FUNCTION: process_binary
========================================

MEMBER INFORMATION:
Member ID: 417881
Member Name: S9
Status: 
Rank: Member
Topup: 0.00
Package: 1

FAIL: Member ID 417881 is Inactive / Deactive (Status: , Topup: 0.00). Matching Income skipped.
========================================

========================================
[BINARY DEBUG]
TIME: 2026-10-01 12:00:46
FUNCTION ENTERED: process_binary
USER ID: 432965
========================================

========================================
[BINARY DEBUG]
TIME: 2026-10-01 12:00:46
USER ID: 432965
FUNCTION: process_binary
========================================

MEMBER INFORMATION:
Member ID: 432965
Member Name: D6
Status: 
Rank: Member
Topup: 0.00
Package: 1

FAIL: Member ID 432965 is Inactive / Deactive (Status: , Topup: 0.00). Matching Income skipped.
========================================

========================================
[BINARY DEBUG]
TIME: 2026-10-01 12:00:46
FUNCTION ENTERED: process_binary
USER ID: 435306
========================================

========================================
[BINARY DEBUG]
TIME: 2026-10-01 12:00:46
USER ID: 435306
FUNCTION: process_binary
========================================

MEMBER INFORMATION:
Member ID: 435306
Member Name: V7
Status: 
Rank: Member
Topup: 0.00
Package: 1

FAIL: Member ID 435306 is Inactive / Deactive (Status: , Topup: 0.00). Matching Income skipped.
========================================

========================================
[BINARY DEBUG]
TIME: 2026-10-01 12:00:46
FUNCTION ENTERED: process_binary
USER ID: 458902
========================================

========================================
[BINARY DEBUG]
TIME: 2026-10-01 12:00:46
USER ID: 458902
FUNCTION: process_binary
========================================

MEMBER INFORMATION:
Member ID: 458902
Member Name: Sneha nar
Status: Active
Rank: Member
Topup: 8900.00
Package: 1

TREE / PV INFORMATION:
Total Left PV: 0
Paid Left PV: 0
Available Left PV: 0

Total Right PV: 0
Paid Right PV: 0
Available Right PV: 0

Lifetime Paid Pairs: 0

DIRECT SPONSOR INFORMATION:
Direct Left: 0
Direct Right: 0
(Informational ONLY - Does not block 2:1 / 1:2 PV matching)

PAIR CALCULATION:
BINARY RATIO CHECK:
Left Available: 0
Right Available: 0
Lifetime Previous Pairs: 0

Checking 2:1:
Left >= 2? NO (Left = 0 < 2)
Right >= 1? NO (Right = 0 < 1)

Checking 1:2:
Left >= 1? NO (Left = 0 < 1)
Right >= 2? NO (Right = 0 < 2)

Selected Ratio: NONE
Pairs Calculated: 0
Left PV To Consume: 0
Right PV To Consume: 0
FINAL RESULT = NO PAIR FORMED
Pairs Generated = 0
Payout Generated = 0
Left PV Remaining = 0
Right PV Remaining = 0
========================================

========================================
[BINARY DEBUG]
TIME: 2026-10-01 12:00:46
FUNCTION ENTERED: process_binary
USER ID: 465060
========================================

========================================
[BINARY DEBUG]
TIME: 2026-10-01 12:00:46
USER ID: 465060
FUNCTION: process_binary
========================================

MEMBER INFORMATION:
Member ID: 465060
Member Name: SHUBHAM SANTOSH JADHAV
Status: 
Rank: Member
Topup: 0.00
Package: 1

FAIL: Member ID 465060 is Inactive / Deactive (Status: , Topup: 0.00). Matching Income skipped.
========================================

========================================
[BINARY DEBUG]
TIME: 2026-10-01 12:00:46
FUNCTION ENTERED: process_binary
USER ID: 473462
========================================

========================================
[BINARY DEBUG]
TIME: 2026-10-01 12:00:46
USER ID: 473462
FUNCTION: process_binary
========================================

MEMBER INFORMATION:
Member ID: 473462
Member Name: Rupesh waikul
Status: Active
Rank: Member
Topup: 8900.00
Package: 1

TREE / PV INFORMATION:
Total Left PV: 0
Paid Left PV: 0
Available Left PV: 0

Total Right PV: 0
Paid Right PV: 0
Available Right PV: 0

Lifetime Paid Pairs: 0

DIRECT SPONSOR INFORMATION:
Direct Left: 0
Direct Right: 0
(Informational ONLY - Does not block 2:1 / 1:2 PV matching)

PAIR CALCULATION:
BINARY RATIO CHECK:
Left Available: 0
Right Available: 0
Lifetime Previous Pairs: 0

Checking 2:1:
Left >= 2? NO (Left = 0 < 2)
Right >= 1? NO (Right = 0 < 1)

Checking 1:2:
Left >= 1? NO (Left = 0 < 1)
Right >= 2? NO (Right = 0 < 2)

Selected Ratio: NONE
Pairs Calculated: 0
Left PV To Consume: 0
Right PV To Consume: 0
FINAL RESULT = NO PAIR FORMED
Pairs Generated = 0
Payout Generated = 0
Left PV Remaining = 0
Right PV Remaining = 0
========================================

========================================
[BINARY DEBUG]
TIME: 2026-10-01 12:00:46
FUNCTION ENTERED: process_binary
USER ID: 473536
========================================

========================================
[BINARY DEBUG]
TIME: 2026-10-01 12:00:46
USER ID: 473536
FUNCTION: process_binary
========================================

MEMBER INFORMATION:
Member ID: 473536
Member Name: A2
Status: 
Rank: Member
Topup: 0.00
Package: 1

FAIL: Member ID 473536 is Inactive / Deactive (Status: , Topup: 0.00). Matching Income skipped.
========================================

========================================
[BINARY DEBUG]
TIME: 2026-10-01 12:00:46
FUNCTION ENTERED: process_binary
USER ID: 488132
========================================

========================================
[BINARY DEBUG]
TIME: 2026-10-01 12:00:46
USER ID: 488132
FUNCTION: process_binary
========================================

MEMBER INFORMATION:
Member ID: 488132
Member Name: x5
Status: 
Rank: Member
Topup: 0.00
Package: 1

FAIL: Member ID 488132 is Inactive / Deactive (Status: , Topup: 0.00). Matching Income skipped.
========================================

========================================
[BINARY DEBUG]
TIME: 2026-10-01 12:00:46
FUNCTION ENTERED: process_binary
USER ID: 518417
========================================

========================================
[BINARY DEBUG]
TIME: 2026-10-01 12:00:46
USER ID: 518417
FUNCTION: process_binary
========================================

MEMBER INFORMATION:
Member ID: 518417
Member Name: Abj3
Status: 
Rank: Member
Topup: 0.00
Package: 1

FAIL: Member ID 518417 is Inactive / Deactive (Status: , Topup: 0.00). Matching Income skipped.
========================================

========================================
[BINARY DEBUG]
TIME: 2026-10-01 12:00:46
FUNCTION ENTERED: process_binary
USER ID: 525476
========================================

========================================
[BINARY DEBUG]
TIME: 2026-10-01 12:00:46
USER ID: 525476
FUNCTION: process_binary
========================================

MEMBER INFORMATION:
Member ID: 525476
Member Name: Ab2
Status: 
Rank: Member
Topup: 0.00
Package: 1

FAIL: Member ID 525476 is Inactive / Deactive (Status: , Topup: 0.00). Matching Income skipped.
========================================

========================================
[BINARY DEBUG]
TIME: 2026-10-01 12:00:46
FUNCTION ENTERED: process_binary
USER ID: 532054
========================================

========================================
[BINARY DEBUG]
TIME: 2026-10-01 12:00:46
USER ID: 532054
FUNCTION: process_binary
========================================

MEMBER INFORMATION:
Member ID: 532054
Member Name: S4
Status: 
Rank: Member
Topup: 0.00
Package: 1

FAIL: Member ID 532054 is Inactive / Deactive (Status: , Topup: 0.00). Matching Income skipped.
========================================

========================================
[BINARY DEBUG]
TIME: 2026-10-01 12:00:46
FUNCTION ENTERED: process_binary
USER ID: 536193
========================================

========================================
[BINARY DEBUG]
TIME: 2026-10-01 12:00:46
USER ID: 536193
FUNCTION: process_binary
========================================

MEMBER INFORMATION:
Member ID: 536193
Member Name: V9
Status: 
Rank: Member
Topup: 0.00
Package: 1

FAIL: Member ID 536193 is Inactive / Deactive (Status: , Topup: 0.00). Matching Income skipped.
========================================

========================================
[BINARY DEBUG]
TIME: 2026-10-01 12:00:46
FUNCTION ENTERED: process_binary
USER ID: 536314
========================================

========================================
[BINARY DEBUG]
TIME: 2026-10-01 12:00:46
USER ID: 536314
FUNCTION: process_binary
========================================

MEMBER INFORMATION:
Member ID: 536314
Member Name: yogesh vibhute
Status: 
Rank: Member
Topup: 0.00
Package: 1

FAIL: Member ID 536314 is Inactive / Deactive (Status: , Topup: 0.00). Matching Income skipped.
========================================

========================================
[BINARY DEBUG]
TIME: 2026-10-01 12:00:46
FUNCTION ENTERED: process_binary
USER ID: 537738
========================================

========================================
[BINARY DEBUG]
TIME: 2026-10-01 12:00:46
USER ID: 537738
FUNCTION: process_binary
========================================

MEMBER INFORMATION:
Member ID: 537738
Member Name: swati jagtap
Status: Active
Rank: Member
Topup: 8900.00
Package: 1

TREE / PV INFORMATION:
Total Left PV: 0
Paid Left PV: 0
Available Left PV: 0

Total Right PV: 1
Paid Right PV: 0
Available Right PV: 1

Lifetime Paid Pairs: 0

DIRECT SPONSOR INFORMATION:
Direct Left: 0
Direct Right: 0
(Informational ONLY - Does not block 2:1 / 1:2 PV matching)

PAIR CALCULATION:
BINARY RATIO CHECK:
Left Available: 0
Right Available: 1
Lifetime Previous Pairs: 0

Checking 2:1:
Left >= 2? NO (Left = 0 < 2)
Right >= 1? YES (Right = 1 >= 1)

Checking 1:2:
Left >= 1? NO (Left = 0 < 1)
Right >= 2? NO (Right = 1 < 2)

Selected Ratio: NONE
Pairs Calculated: 0
Left PV To Consume: 0
Right PV To Consume: 0
FINAL RESULT = NO PAIR FORMED
Pairs Generated = 0
Payout Generated = 0
Left PV Remaining = 0
Right PV Remaining = 1
========================================

========================================
[BINARY DEBUG]
TIME: 2026-10-01 12:00:46
FUNCTION ENTERED: process_binary
USER ID: 542226
========================================

========================================
[BINARY DEBUG]
TIME: 2026-10-01 12:00:46
USER ID: 542226
FUNCTION: process_binary
========================================

MEMBER INFORMATION:
Member ID: 542226
Member Name: Sneha nar
Status: Active
Rank: Member
Topup: 8900.00
Package: 1

TREE / PV INFORMATION:
Total Left PV: 0
Paid Left PV: 0
Available Left PV: 0

Total Right PV: 1
Paid Right PV: 0
Available Right PV: 1

Lifetime Paid Pairs: 0

DIRECT SPONSOR INFORMATION:
Direct Left: 0
Direct Right: 1
(Informational ONLY - Does not block 2:1 / 1:2 PV matching)

PAIR CALCULATION:
BINARY RATIO CHECK:
Left Available: 0
Right Available: 1
Lifetime Previous Pairs: 0

Checking 2:1:
Left >= 2? NO (Left = 0 < 2)
Right >= 1? YES (Right = 1 >= 1)

Checking 1:2:
Left >= 1? NO (Left = 0 < 1)
Right >= 2? NO (Right = 1 < 2)

Selected Ratio: NONE
Pairs Calculated: 0
Left PV To Consume: 0
Right PV To Consume: 0
FINAL RESULT = NO PAIR FORMED
Pairs Generated = 0
Payout Generated = 0
Left PV Remaining = 0
Right PV Remaining = 1
========================================

========================================
[BINARY DEBUG]
TIME: 2026-10-01 12:00:46
FUNCTION ENTERED: process_binary
USER ID: 543390
========================================

========================================
[BINARY DEBUG]
TIME: 2026-10-01 12:00:46
USER ID: 543390
FUNCTION: process_binary
========================================

MEMBER INFORMATION:
Member ID: 543390
Member Name: xyz9
Status: 
Rank: Member
Topup: 0.00
Package: 1

FAIL: Member ID 543390 is Inactive / Deactive (Status: , Topup: 0.00). Matching Income skipped.
========================================

========================================
[BINARY DEBUG]
TIME: 2026-10-01 12:00:46
FUNCTION ENTERED: process_binary
USER ID: 563633
========================================

========================================
[BINARY DEBUG]
TIME: 2026-10-01 12:00:46
USER ID: 563633
FUNCTION: process_binary
========================================

MEMBER INFORMATION:
Member ID: 563633
Member Name: x7
Status: 
Rank: Member
Topup: 0.00
Package: 1

FAIL: Member ID 563633 is Inactive / Deactive (Status: , Topup: 0.00). Matching Income skipped.
========================================

========================================
[BINARY DEBUG]
TIME: 2026-10-01 12:00:46
FUNCTION ENTERED: process_binary
USER ID: 572928
========================================

----------------------------------------
[PAY EARNING GATEWAY]
TIME: 2026-10-01 12:00:46
Receiver User ID: 1001
From User (Ref ID): 572928
Income Type: Direct Referral Bonus Level 2
Amount: ₹178.00
Level: 2
Receiver Status: Active
Receiver Topup: ₹8,900.00
ACTION: SUCCESS -> Earning record inserted (ID: 27, Secret: DRB2-24, Amount: ₹178.00, Status: Pending - Will be credited to Wallet when Midnight Cron runs)
----------------------------------------

========================================
[DRB / LEVEL INCOME DEBUG]
TIME: 2026-10-01 12:00:46
DOWNLINE EARNER ID: 572928
PACKAGE ID: 1
PARSED LEVEL 1 %: 30%
PARSED LEVEL 2 %: 20%

--- LEVEL 1 DRB CALCULATION (30%) ---
Direct Sponsor ID: 676047
Calculated Level 1 Amount: ₹267.00
ACTION: SKIPPED (Sponsor #676047 is either Inactive or tail is not complete: total_pairs = 0)

--- LEVEL 2 DRB CALCULATION (20%) ---
Level 2 Sponsor ID: 1001
Calculated Level 2 Amount: ₹178.00
ACTION: CREDITED -> User #1001 received ₹178.00 as Direct Referral Bonus Level 2 (20%)
========================================

----------------------------------------
[PAY EARNING GATEWAY]
TIME: 2026-10-01 12:00:46
Receiver User ID: 1001
From User (Ref ID): 572928
Income Type: Direct Referral Bonus Level 2
Amount: ₹178.00
Level: 2
Receiver Status: Active
Receiver Topup: ₹8,900.00
ACTION: SUCCESS -> Earning record inserted (ID: 28, Secret: DRB2-25, Amount: ₹178.00, Status: Pending - Will be credited to Wallet when Midnight Cron runs)
----------------------------------------

========================================
[DRB / LEVEL INCOME DEBUG]
TIME: 2026-10-01 12:00:46
DOWNLINE EARNER ID: 572928
PACKAGE ID: 1
PARSED LEVEL 1 %: 30%
PARSED LEVEL 2 %: 20%

--- LEVEL 1 DRB CALCULATION (30%) ---
Direct Sponsor ID: 676047
Calculated Level 1 Amount: ₹267.00
ACTION: SKIPPED (Sponsor #676047 is either Inactive or tail is not complete: total_pairs = 0)

--- LEVEL 2 DRB CALCULATION (20%) ---
Level 2 Sponsor ID: 1001
Calculated Level 2 Amount: ₹178.00
ACTION: CREDITED -> User #1001 received ₹178.00 as Direct Referral Bonus Level 2 (20%)
========================================

----------------------------------------
[PAY EARNING GATEWAY]
TIME: 2026-10-01 12:00:46
Receiver User ID: 1001
From User (Ref ID): 572928
Income Type: Direct Referral Bonus Level 2
Amount: ₹178.00
Level: 2
Receiver Status: Active
Receiver Topup: ₹8,900.00
ACTION: SUCCESS -> Earning record inserted (ID: 29, Secret: DRB2-26, Amount: ₹178.00, Status: Pending - Will be credited to Wallet when Midnight Cron runs)
----------------------------------------

========================================
[DRB / LEVEL INCOME DEBUG]
TIME: 2026-10-01 12:00:46
DOWNLINE EARNER ID: 572928
PACKAGE ID: 1
PARSED LEVEL 1 %: 30%
PARSED LEVEL 2 %: 20%

--- LEVEL 1 DRB CALCULATION (30%) ---
Direct Sponsor ID: 676047
Calculated Level 1 Amount: ₹267.00
ACTION: SKIPPED (Sponsor #676047 is either Inactive or tail is not complete: total_pairs = 0)

--- LEVEL 2 DRB CALCULATION (20%) ---
Level 2 Sponsor ID: 1001
Calculated Level 2 Amount: ₹178.00
ACTION: CREDITED -> User #1001 received ₹178.00 as Direct Referral Bonus Level 2 (20%)
========================================

========================================
[BINARY DEBUG]
TIME: 2026-10-01 12:00:46
USER ID: 572928
FUNCTION: process_binary
========================================

MEMBER INFORMATION:
Member ID: 572928
Member Name: Santosh dhondu jadhav
Status: Active
Rank: Member
Topup: 8900.00
Package: 1

TREE / PV INFORMATION:
Total Left PV: 6
Paid Left PV: 3
Available Left PV: 3

Total Right PV: 7
Paid Right PV: 2
Available Right PV: 5

Lifetime Paid Pairs: 2

DIRECT SPONSOR INFORMATION:
Direct Left: 5
Direct Right: 3
(Informational ONLY - Does not block 2:1 / 1:2 PV matching)

PAIR CALCULATION:
BINARY RATIO CHECK:
Left Available: 3
Right Available: 5
Lifetime Previous Pairs: 2

Checking 2:1:
Left >= 2? YES (Left = 3 >= 2)
Right >= 1? YES (Right = 5 >= 1)

Checking 1:2:
Left >= 1? YES (Left = 3 >= 1)
Right >= 2? YES (Right = 5 >= 2)

Selected Ratio: 1:1
Pairs Calculated: 3
Left PV To Consume: 3
Right PV To Consume: 3
PAYOUT CALCULATION:
BINARY PAYOUT CALCULATION:
Package ID: 1
Matching Income Configuration: 
Payout Per Pair: 890
Daily Cap: 14240
Pairs Calculated: 3
Pairs Allowed By Cap: 16
Payable Pairs: 3
Total Payout: 2670

DATABASE TRANSACTION:
[BINARY TRANSACTION]
BEGIN

1. EARNING INSERT
BINARY EARNING INSERT:
SUCCESS
Insert ID: 
User ID: 572928
Amount: 2670
Type: Matching Income
Pair Count: 3
Transaction Reference: BIN-572928-20261001120046-4805

2. WALLET CREDIT
WALLET CREDIT:
SUCCESS
User ID: 572928
Previous Balance: 0
Credit Amount: 2670
New Balance: 0

3. PV CONSUMPTION
PV UPDATE:
Before Paid Left: 3
Before Paid Right: 2
Left PV Consumed: 3
Right PV Consumed: 3
After Paid Left: 6
After Paid Right: 5

4. LIFETIME PAIR UPDATE
LIFETIME PAIR UPDATE:
Before: 2
Added: 3
After: 5

5. TRANSACTION
BINARY TRANSACTION:
COMMITTED

FINAL RESULT = PAYOUT GENERATED
Pairs Generated = 3
Payout Generated = 2670
Left PV Remaining = 0
Right PV Remaining = 2
========================================

========================================
[BINARY DEBUG]
TIME: 2026-10-01 12:00:46
FUNCTION ENTERED: process_binary
USER ID: 576171
========================================

========================================
[BINARY DEBUG]
TIME: 2026-10-01 12:00:46
USER ID: 576171
FUNCTION: process_binary
========================================

MEMBER INFORMATION:
Member ID: 576171
Member Name: A4
Status: 
Rank: Member
Topup: 0.00
Package: 1

FAIL: Member ID 576171 is Inactive / Deactive (Status: , Topup: 0.00). Matching Income skipped.
========================================

========================================
[BINARY DEBUG]
TIME: 2026-10-01 12:00:46
FUNCTION ENTERED: process_binary
USER ID: 584474
========================================

========================================
[BINARY DEBUG]
TIME: 2026-10-01 12:00:46
USER ID: 584474
FUNCTION: process_binary
========================================

MEMBER INFORMATION:
Member ID: 584474
Member Name: shila kadam
Status: Active
Rank: Member
Topup: 8900.00
Package: 1

TREE / PV INFORMATION:
Total Left PV: 1
Paid Left PV: 0
Available Left PV: 1

Total Right PV: 0
Paid Right PV: 0
Available Right PV: 0

Lifetime Paid Pairs: 0

DIRECT SPONSOR INFORMATION:
Direct Left: 0
Direct Right: 0
(Informational ONLY - Does not block 2:1 / 1:2 PV matching)

PAIR CALCULATION:
BINARY RATIO CHECK:
Left Available: 1
Right Available: 0
Lifetime Previous Pairs: 0

Checking 2:1:
Left >= 2? NO (Left = 1 < 2)
Right >= 1? NO (Right = 0 < 1)

Checking 1:2:
Left >= 1? YES (Left = 1 >= 1)
Right >= 2? NO (Right = 0 < 2)

Selected Ratio: NONE
Pairs Calculated: 0
Left PV To Consume: 0
Right PV To Consume: 0
FINAL RESULT = NO PAIR FORMED
Pairs Generated = 0
Payout Generated = 0
Left PV Remaining = 1
Right PV Remaining = 0
========================================

========================================
[BINARY DEBUG]
TIME: 2026-10-01 12:00:46
FUNCTION ENTERED: process_binary
USER ID: 587771
========================================

========================================
[BINARY DEBUG]
TIME: 2026-10-01 12:00:46
USER ID: 587771
FUNCTION: process_binary
========================================

MEMBER INFORMATION:
Member ID: 587771
Member Name: SJ2
Status: 
Rank: Member
Topup: 0.00
Package: 1

FAIL: Member ID 587771 is Inactive / Deactive (Status: , Topup: 0.00). Matching Income skipped.
========================================

========================================
[BINARY DEBUG]
TIME: 2026-10-01 12:00:46
FUNCTION ENTERED: process_binary
USER ID: 587847
========================================

========================================
[BINARY DEBUG]
TIME: 2026-10-01 12:00:46
USER ID: 587847
FUNCTION: process_binary
========================================

MEMBER INFORMATION:
Member ID: 587847
Member Name: Ab1
Status: 
Rank: Member
Topup: 0.00
Package: 1

FAIL: Member ID 587847 is Inactive / Deactive (Status: , Topup: 0.00). Matching Income skipped.
========================================

========================================
[BINARY DEBUG]
TIME: 2026-10-01 12:00:46
FUNCTION ENTERED: process_binary
USER ID: 600562
========================================

========================================
[BINARY DEBUG]
TIME: 2026-10-01 12:00:46
USER ID: 600562
FUNCTION: process_binary
========================================

MEMBER INFORMATION:
Member ID: 600562
Member Name: x3
Status: 
Rank: Member
Topup: 0.00
Package: 1

FAIL: Member ID 600562 is Inactive / Deactive (Status: , Topup: 0.00). Matching Income skipped.
========================================

========================================
[BINARY DEBUG]
TIME: 2026-10-01 12:00:46
FUNCTION ENTERED: process_binary
USER ID: 601329
========================================

========================================
[BINARY DEBUG]
TIME: 2026-10-01 12:00:46
USER ID: 601329
FUNCTION: process_binary
========================================

MEMBER INFORMATION:
Member ID: 601329
Member Name: Abj2
Status: 
Rank: Member
Topup: 0.00
Package: 1

FAIL: Member ID 601329 is Inactive / Deactive (Status: , Topup: 0.00). Matching Income skipped.
========================================

========================================
[BINARY DEBUG]
TIME: 2026-10-01 12:00:46
FUNCTION ENTERED: process_binary
USER ID: 613319
========================================

========================================
[BINARY DEBUG]
TIME: 2026-10-01 12:00:46
USER ID: 613319
FUNCTION: process_binary
========================================

MEMBER INFORMATION:
Member ID: 613319
Member Name: Ab6
Status: 
Rank: Member
Topup: 0.00
Package: 1

FAIL: Member ID 613319 is Inactive / Deactive (Status: , Topup: 0.00). Matching Income skipped.
========================================

========================================
[BINARY DEBUG]
TIME: 2026-10-01 12:00:46
FUNCTION ENTERED: process_binary
USER ID: 618836
========================================

========================================
[BINARY DEBUG]
TIME: 2026-10-01 12:00:46
USER ID: 618836
FUNCTION: process_binary
========================================

MEMBER INFORMATION:
Member ID: 618836
Member Name: Ab17
Status: 
Rank: Member
Topup: 0.00
Package: 1

FAIL: Member ID 618836 is Inactive / Deactive (Status: , Topup: 0.00). Matching Income skipped.
========================================

========================================
[BINARY DEBUG]
TIME: 2026-10-01 12:00:46
FUNCTION ENTERED: process_binary
USER ID: 641071
========================================

========================================
[BINARY DEBUG]
TIME: 2026-10-01 12:00:46
USER ID: 641071
FUNCTION: process_binary
========================================

MEMBER INFORMATION:
Member ID: 641071
Member Name: yogesh vibhute
Status: 
Rank: Member
Topup: 0.00
Package: 1

FAIL: Member ID 641071 is Inactive / Deactive (Status: , Topup: 0.00). Matching Income skipped.
========================================

========================================
[BINARY DEBUG]
TIME: 2026-10-01 12:00:46
FUNCTION ENTERED: process_binary
USER ID: 648234
========================================

========================================
[BINARY DEBUG]
TIME: 2026-10-01 12:00:46
USER ID: 648234
FUNCTION: process_binary
========================================

MEMBER INFORMATION:
Member ID: 648234
Member Name: sushma santosh jadhav
Status: Active
Rank: Member
Topup: 8900.00
Package: 1

TREE / PV INFORMATION:
Total Left PV: 0
Paid Left PV: 0
Available Left PV: 0

Total Right PV: 6
Paid Right PV: 0
Available Right PV: 6

Lifetime Paid Pairs: 0

DIRECT SPONSOR INFORMATION:
Direct Left: 0
Direct Right: 1
(Informational ONLY - Does not block 2:1 / 1:2 PV matching)

PAIR CALCULATION:
BINARY RATIO CHECK:
Left Available: 0
Right Available: 6
Lifetime Previous Pairs: 0

Checking 2:1:
Left >= 2? NO (Left = 0 < 2)
Right >= 1? YES (Right = 6 >= 1)

Checking 1:2:
Left >= 1? NO (Left = 0 < 1)
Right >= 2? YES (Right = 6 >= 2)

Selected Ratio: NONE
Pairs Calculated: 0
Left PV To Consume: 0
Right PV To Consume: 0
FINAL RESULT = NO PAIR FORMED
Pairs Generated = 0
Payout Generated = 0
Left PV Remaining = 0
Right PV Remaining = 6
========================================

========================================
[BINARY DEBUG]
TIME: 2026-10-01 12:00:46
FUNCTION ENTERED: process_binary
USER ID: 658381
========================================

========================================
[BINARY DEBUG]
TIME: 2026-10-01 12:00:46
USER ID: 658381
FUNCTION: process_binary
========================================

MEMBER INFORMATION:
Member ID: 658381
Member Name: xyz2
Status: 
Rank: Member
Topup: 0.00
Package: 1

FAIL: Member ID 658381 is Inactive / Deactive (Status: , Topup: 0.00). Matching Income skipped.
========================================

========================================
[BINARY DEBUG]
TIME: 2026-10-01 12:00:46
FUNCTION ENTERED: process_binary
USER ID: 660503
========================================

========================================
[BINARY DEBUG]
TIME: 2026-10-01 12:00:46
USER ID: 660503
FUNCTION: process_binary
========================================

MEMBER INFORMATION:
Member ID: 660503
Member Name: Santosh dhondu jadhav
Status: Active
Rank: Member
Topup: 8900.00
Package: 1

TREE / PV INFORMATION:
Total Left PV: 0
Paid Left PV: 0
Available Left PV: 0

Total Right PV: 5
Paid Right PV: 0
Available Right PV: 5

Lifetime Paid Pairs: 0

DIRECT SPONSOR INFORMATION:
Direct Left: 0
Direct Right: 0
(Informational ONLY - Does not block 2:1 / 1:2 PV matching)

PAIR CALCULATION:
BINARY RATIO CHECK:
Left Available: 0
Right Available: 5
Lifetime Previous Pairs: 0

Checking 2:1:
Left >= 2? NO (Left = 0 < 2)
Right >= 1? YES (Right = 5 >= 1)

Checking 1:2:
Left >= 1? NO (Left = 0 < 1)
Right >= 2? YES (Right = 5 >= 2)

Selected Ratio: NONE
Pairs Calculated: 0
Left PV To Consume: 0
Right PV To Consume: 0
FINAL RESULT = NO PAIR FORMED
Pairs Generated = 0
Payout Generated = 0
Left PV Remaining = 0
Right PV Remaining = 5
========================================

========================================
[BINARY DEBUG]
TIME: 2026-10-01 12:00:46
FUNCTION ENTERED: process_binary
USER ID: 661505
========================================

========================================
[BINARY DEBUG]
TIME: 2026-10-01 12:00:46
USER ID: 661505
FUNCTION: process_binary
========================================

MEMBER INFORMATION:
Member ID: 661505
Member Name: S2
Status: 
Rank: Member
Topup: 0.00
Package: 1

FAIL: Member ID 661505 is Inactive / Deactive (Status: , Topup: 0.00). Matching Income skipped.
========================================

========================================
[BINARY DEBUG]
TIME: 2026-10-01 12:00:46
FUNCTION ENTERED: process_binary
USER ID: 661678
========================================

========================================
[BINARY DEBUG]
TIME: 2026-10-01 12:00:46
USER ID: 661678
FUNCTION: process_binary
========================================

MEMBER INFORMATION:
Member ID: 661678
Member Name: Shubham santosh jadhav
Status: Active
Rank: Member
Topup: 8900.00
Package: 1

TREE / PV INFORMATION:
Total Left PV: 5
Paid Left PV: 0
Available Left PV: 5

Total Right PV: 0
Paid Right PV: 0
Available Right PV: 0

Lifetime Paid Pairs: 0

DIRECT SPONSOR INFORMATION:
Direct Left: 0
Direct Right: 0
(Informational ONLY - Does not block 2:1 / 1:2 PV matching)

PAIR CALCULATION:
BINARY RATIO CHECK:
Left Available: 5
Right Available: 0
Lifetime Previous Pairs: 0

Checking 2:1:
Left >= 2? YES (Left = 5 >= 2)
Right >= 1? NO (Right = 0 < 1)

Checking 1:2:
Left >= 1? YES (Left = 5 >= 1)
Right >= 2? NO (Right = 0 < 2)

Selected Ratio: NONE
Pairs Calculated: 0
Left PV To Consume: 0
Right PV To Consume: 0
FINAL RESULT = NO PAIR FORMED
Pairs Generated = 0
Payout Generated = 0
Left PV Remaining = 5
Right PV Remaining = 0
========================================

========================================
[BINARY DEBUG]
TIME: 2026-10-01 12:00:46
FUNCTION ENTERED: process_binary
USER ID: 676047
========================================

========================================
[BINARY DEBUG]
TIME: 2026-10-01 12:00:46
USER ID: 676047
FUNCTION: process_binary
========================================

MEMBER INFORMATION:
Member ID: 676047
Member Name: Swati Jagtap
Status: Active
Rank: Member
Topup: 8900.00
Package: 1

TREE / PV INFORMATION:
Total Left PV: 15
Paid Left PV: 0
Available Left PV: 15

Total Right PV: 0
Paid Right PV: 0
Available Right PV: 0

Lifetime Paid Pairs: 0

DIRECT SPONSOR INFORMATION:
Direct Left: 2
Direct Right: 0
(Informational ONLY - Does not block 2:1 / 1:2 PV matching)

PAIR CALCULATION:
BINARY RATIO CHECK:
Left Available: 15
Right Available: 0
Lifetime Previous Pairs: 0

Checking 2:1:
Left >= 2? YES (Left = 15 >= 2)
Right >= 1? NO (Right = 0 < 1)

Checking 1:2:
Left >= 1? YES (Left = 15 >= 1)
Right >= 2? NO (Right = 0 < 2)

Selected Ratio: NONE
Pairs Calculated: 0
Left PV To Consume: 0
Right PV To Consume: 0
FINAL RESULT = NO PAIR FORMED
Pairs Generated = 0
Payout Generated = 0
Left PV Remaining = 15
Right PV Remaining = 0
========================================

========================================
[BINARY DEBUG]
TIME: 2026-10-01 12:00:46
FUNCTION ENTERED: process_binary
USER ID: 680294
========================================

========================================
[BINARY DEBUG]
TIME: 2026-10-01 12:00:46
USER ID: 680294
FUNCTION: process_binary
========================================

MEMBER INFORMATION:
Member ID: 680294
Member Name: Ab11
Status: 
Rank: Member
Topup: 0.00
Package: 1

FAIL: Member ID 680294 is Inactive / Deactive (Status: , Topup: 0.00). Matching Income skipped.
========================================

========================================
[BINARY DEBUG]
TIME: 2026-10-01 12:00:46
FUNCTION ENTERED: process_binary
USER ID: 688532
========================================

========================================
[BINARY DEBUG]
TIME: 2026-10-01 12:00:46
USER ID: 688532
FUNCTION: process_binary
========================================

MEMBER INFORMATION:
Member ID: 688532
Member Name: A4
Status: 
Rank: Member
Topup: 0.00
Package: 1

FAIL: Member ID 688532 is Inactive / Deactive (Status: , Topup: 0.00). Matching Income skipped.
========================================

========================================
[BINARY DEBUG]
TIME: 2026-10-01 12:00:46
FUNCTION ENTERED: process_binary
USER ID: 693489
========================================

========================================
[BINARY DEBUG]
TIME: 2026-10-01 12:00:46
USER ID: 693489
FUNCTION: process_binary
========================================

MEMBER INFORMATION:
Member ID: 693489
Member Name: S7
Status: 
Rank: Member
Topup: 0.00
Package: 1

FAIL: Member ID 693489 is Inactive / Deactive (Status: , Topup: 0.00). Matching Income skipped.
========================================

========================================
[BINARY DEBUG]
TIME: 2026-10-01 12:00:46
FUNCTION ENTERED: process_binary
USER ID: 705615
========================================

========================================
[BINARY DEBUG]
TIME: 2026-10-01 12:00:46
USER ID: 705615
FUNCTION: process_binary
========================================

MEMBER INFORMATION:
Member ID: 705615
Member Name: Yogesh VIBHUTE
Status: 
Rank: Member
Topup: 0.00
Package: 1

FAIL: Member ID 705615 is Inactive / Deactive (Status: , Topup: 0.00). Matching Income skipped.
========================================

========================================
[BINARY DEBUG]
TIME: 2026-10-01 12:00:46
FUNCTION ENTERED: process_binary
USER ID: 707146
========================================

========================================
[BINARY DEBUG]
TIME: 2026-10-01 12:00:46
USER ID: 707146
FUNCTION: process_binary
========================================

MEMBER INFORMATION:
Member ID: 707146
Member Name: V6
Status: 
Rank: Member
Topup: 0.00
Package: 1

FAIL: Member ID 707146 is Inactive / Deactive (Status: , Topup: 0.00). Matching Income skipped.
========================================

========================================
[BINARY DEBUG]
TIME: 2026-10-01 12:00:46
FUNCTION ENTERED: process_binary
USER ID: 712815
========================================

========================================
[BINARY DEBUG]
TIME: 2026-10-01 12:00:46
USER ID: 712815
FUNCTION: process_binary
========================================

MEMBER INFORMATION:
Member ID: 712815
Member Name: SJ4
Status: 
Rank: Member
Topup: 0.00
Package: 1

FAIL: Member ID 712815 is Inactive / Deactive (Status: , Topup: 0.00). Matching Income skipped.
========================================

========================================
[BINARY DEBUG]
TIME: 2026-10-01 12:00:46
FUNCTION ENTERED: process_binary
USER ID: 718420
========================================

========================================
[BINARY DEBUG]
TIME: 2026-10-01 12:00:46
USER ID: 718420
FUNCTION: process_binary
========================================

MEMBER INFORMATION:
Member ID: 718420
Member Name: SJ9
Status: 
Rank: Member
Topup: 0.00
Package: 1

FAIL: Member ID 718420 is Inactive / Deactive (Status: , Topup: 0.00). Matching Income skipped.
========================================

========================================
[BINARY DEBUG]
TIME: 2026-10-01 12:00:46
FUNCTION ENTERED: process_binary
USER ID: 719358
========================================

========================================
[BINARY DEBUG]
TIME: 2026-10-01 12:00:46
USER ID: 719358
FUNCTION: process_binary
========================================

MEMBER INFORMATION:
Member ID: 719358
Member Name: Ab4
Status: 
Rank: Member
Topup: 0.00
Package: 1

FAIL: Member ID 719358 is Inactive / Deactive (Status: , Topup: 0.00). Matching Income skipped.
========================================

========================================
[BINARY DEBUG]
TIME: 2026-10-01 12:00:46
FUNCTION ENTERED: process_binary
USER ID: 724330
========================================

========================================
[BINARY DEBUG]
TIME: 2026-10-01 12:00:46
USER ID: 724330
FUNCTION: process_binary
========================================

MEMBER INFORMATION:
Member ID: 724330
Member Name: x1
Status: 
Rank: Member
Topup: 0.00
Package: 1

FAIL: Member ID 724330 is Inactive / Deactive (Status: , Topup: 0.00). Matching Income skipped.
========================================

========================================
[BINARY DEBUG]
TIME: 2026-10-01 12:00:46
FUNCTION ENTERED: process_binary
USER ID: 738833
========================================

========================================
[BINARY DEBUG]
TIME: 2026-10-01 12:00:46
USER ID: 738833
FUNCTION: process_binary
========================================

MEMBER INFORMATION:
Member ID: 738833
Member Name: Santosh dhondu jadhav
Status: Active
Rank: Member
Topup: 8900.00
Package: 1

TREE / PV INFORMATION:
Total Left PV: 4
Paid Left PV: 0
Available Left PV: 4

Total Right PV: 0
Paid Right PV: 0
Available Right PV: 0

Lifetime Paid Pairs: 0

DIRECT SPONSOR INFORMATION:
Direct Left: 0
Direct Right: 0
(Informational ONLY - Does not block 2:1 / 1:2 PV matching)

PAIR CALCULATION:
BINARY RATIO CHECK:
Left Available: 4
Right Available: 0
Lifetime Previous Pairs: 0

Checking 2:1:
Left >= 2? YES (Left = 4 >= 2)
Right >= 1? NO (Right = 0 < 1)

Checking 1:2:
Left >= 1? YES (Left = 4 >= 1)
Right >= 2? NO (Right = 0 < 2)

Selected Ratio: NONE
Pairs Calculated: 0
Left PV To Consume: 0
Right PV To Consume: 0
FINAL RESULT = NO PAIR FORMED
Pairs Generated = 0
Payout Generated = 0
Left PV Remaining = 4
Right PV Remaining = 0
========================================

========================================
[BINARY DEBUG]
TIME: 2026-10-01 12:00:46
FUNCTION ENTERED: process_binary
USER ID: 745065
========================================

========================================
[BINARY DEBUG]
TIME: 2026-10-01 12:00:46
USER ID: 745065
FUNCTION: process_binary
========================================

MEMBER INFORMATION:
Member ID: 745065
Member Name: Ab3
Status: 
Rank: Member
Topup: 0.00
Package: 1

FAIL: Member ID 745065 is Inactive / Deactive (Status: , Topup: 0.00). Matching Income skipped.
========================================

========================================
[BINARY DEBUG]
TIME: 2026-10-01 12:00:46
FUNCTION ENTERED: process_binary
USER ID: 747553
========================================

========================================
[BINARY DEBUG]
TIME: 2026-10-01 12:00:46
USER ID: 747553
FUNCTION: process_binary
========================================

MEMBER INFORMATION:
Member ID: 747553
Member Name: Abhishek jagatap
Status: 
Rank: Member
Topup: 0.00
Package: 1

FAIL: Member ID 747553 is Inactive / Deactive (Status: , Topup: 0.00). Matching Income skipped.
========================================

========================================
[BINARY DEBUG]
TIME: 2026-10-01 12:00:46
FUNCTION ENTERED: process_binary
USER ID: 748766
========================================

========================================
[BINARY DEBUG]
TIME: 2026-10-01 12:00:46
USER ID: 748766
FUNCTION: process_binary
========================================

MEMBER INFORMATION:
Member ID: 748766
Member Name: S8
Status: 
Rank: Member
Topup: 0.00
Package: 1

FAIL: Member ID 748766 is Inactive / Deactive (Status: , Topup: 0.00). Matching Income skipped.
========================================

========================================
[BINARY DEBUG]
TIME: 2026-10-01 12:00:46
FUNCTION ENTERED: process_binary
USER ID: 750555
========================================

========================================
[BINARY DEBUG]
TIME: 2026-10-01 12:00:46
USER ID: 750555
FUNCTION: process_binary
========================================

MEMBER INFORMATION:
Member ID: 750555
Member Name: Ab5
Status: 
Rank: Member
Topup: 0.00
Package: 1

FAIL: Member ID 750555 is Inactive / Deactive (Status: , Topup: 0.00). Matching Income skipped.
========================================

========================================
[BINARY DEBUG]
TIME: 2026-10-01 12:00:46
FUNCTION ENTERED: process_binary
USER ID: 777020
========================================

========================================
[BINARY DEBUG]
TIME: 2026-10-01 12:00:46
USER ID: 777020
FUNCTION: process_binary
========================================

MEMBER INFORMATION:
Member ID: 777020
Member Name: S4
Status: 
Rank: Member
Topup: 0.00
Package: 1

FAIL: Member ID 777020 is Inactive / Deactive (Status: , Topup: 0.00). Matching Income skipped.
========================================

========================================
[BINARY DEBUG]
TIME: 2026-10-01 12:00:46
FUNCTION ENTERED: process_binary
USER ID: 792551
========================================

========================================
[BINARY DEBUG]
TIME: 2026-10-01 12:00:46
USER ID: 792551
FUNCTION: process_binary
========================================

MEMBER INFORMATION:
Member ID: 792551
Member Name: Abj4
Status: 
Rank: Member
Topup: 0.00
Package: 1

FAIL: Member ID 792551 is Inactive / Deactive (Status: , Topup: 0.00). Matching Income skipped.
========================================

========================================
[BINARY DEBUG]
TIME: 2026-10-01 12:00:46
FUNCTION ENTERED: process_binary
USER ID: 798469
========================================

========================================
[BINARY DEBUG]
TIME: 2026-10-01 12:00:46
USER ID: 798469
FUNCTION: process_binary
========================================

MEMBER INFORMATION:
Member ID: 798469
Member Name: Ab18
Status: 
Rank: Member
Topup: 0.00
Package: 1

FAIL: Member ID 798469 is Inactive / Deactive (Status: , Topup: 0.00). Matching Income skipped.
========================================

========================================
[BINARY DEBUG]
TIME: 2026-10-01 12:00:46
FUNCTION ENTERED: process_binary
USER ID: 800686
========================================

========================================
[BINARY DEBUG]
TIME: 2026-10-01 12:00:46
USER ID: 800686
FUNCTION: process_binary
========================================

MEMBER INFORMATION:
Member ID: 800686
Member Name: D3
Status: 
Rank: Member
Topup: 0.00
Package: 1

FAIL: Member ID 800686 is Inactive / Deactive (Status: , Topup: 0.00). Matching Income skipped.
========================================

========================================
[BINARY DEBUG]
TIME: 2026-10-01 12:00:46
FUNCTION ENTERED: process_binary
USER ID: 806549
========================================

----------------------------------------
[PAY EARNING GATEWAY]
TIME: 2026-10-01 12:00:46
Receiver User ID: 572928
From User (Ref ID): 806549
Income Type: Direct Referral Bonus Level 2
Amount: ₹178.00
Level: 2
Receiver Status: Active
Receiver Topup: ₹8,900.00
ACTION: SUCCESS -> Earning record inserted (ID: 31, Secret: DRB2-30, Amount: ₹178.00, Status: Pending - Will be credited to Wallet when Midnight Cron runs)
----------------------------------------

========================================
[DRB / LEVEL INCOME DEBUG]
TIME: 2026-10-01 12:00:46
DOWNLINE EARNER ID: 806549
PACKAGE ID: 1
PARSED LEVEL 1 %: 30%
PARSED LEVEL 2 %: 20%

--- LEVEL 1 DRB CALCULATION (30%) ---
Direct Sponsor ID: 648234
Calculated Level 1 Amount: ₹267.00
ACTION: SKIPPED (Sponsor #648234 is either Inactive or tail is not complete: total_pairs = 0)

--- LEVEL 2 DRB CALCULATION (20%) ---
Level 2 Sponsor ID: 572928
Calculated Level 2 Amount: ₹178.00
ACTION: CREDITED -> User #572928 received ₹178.00 as Direct Referral Bonus Level 2 (20%)
========================================

========================================
[BINARY DEBUG]
TIME: 2026-10-01 12:00:46
USER ID: 806549
FUNCTION: process_binary
========================================

MEMBER INFORMATION:
Member ID: 806549
Member Name: Sneha nar
Status: Active
Rank: Member
Topup: 8900.00
Package: 1

TREE / PV INFORMATION:
Total Left PV: 1
Paid Left PV: 0
Available Left PV: 1

Total Right PV: 2
Paid Right PV: 0
Available Right PV: 2

Lifetime Paid Pairs: 0

DIRECT SPONSOR INFORMATION:
Direct Left: 0
Direct Right: 1
(Informational ONLY - Does not block 2:1 / 1:2 PV matching)

PAIR CALCULATION:
BINARY RATIO CHECK:
Left Available: 1
Right Available: 2
Lifetime Previous Pairs: 0

Checking 2:1:
Left >= 2? NO (Left = 1 < 2)
Right >= 1? YES (Right = 2 >= 1)

Checking 1:2:
Left >= 1? YES (Left = 1 >= 1)
Right >= 2? YES (Right = 2 >= 2)

Selected Ratio: 1:2
Pairs Calculated: 1
Left PV To Consume: 1
Right PV To Consume: 2
PAYOUT CALCULATION:
BINARY PAYOUT CALCULATION:
Package ID: 1
Matching Income Configuration: 
Payout Per Pair: 890
Daily Cap: 14240
Pairs Calculated: 1
Pairs Allowed By Cap: 16
Payable Pairs: 1
Total Payout: 890

DATABASE TRANSACTION:
[BINARY TRANSACTION]
BEGIN

1. EARNING INSERT
BINARY EARNING INSERT:
SUCCESS
Insert ID: 
User ID: 806549
Amount: 890
Type: Matching Income
Pair Count: 1
Transaction Reference: BIN-806549-20261001120046-8438

2. WALLET CREDIT
WALLET CREDIT:
SUCCESS
User ID: 806549
Previous Balance: 0
Credit Amount: 890
New Balance: 0

3. PV CONSUMPTION
PV UPDATE:
Before Paid Left: 0
Before Paid Right: 0
Left PV Consumed: 1
Right PV Consumed: 2
After Paid Left: 1
After Paid Right: 2

4. LIFETIME PAIR UPDATE
LIFETIME PAIR UPDATE:
Before: 0
Added: 1
After: 1

5. TRANSACTION
BINARY TRANSACTION:
COMMITTED

FINAL RESULT = PAYOUT GENERATED
Pairs Generated = 1
Payout Generated = 890
Left PV Remaining = 0
Right PV Remaining = 0
========================================

========================================
[BINARY DEBUG]
TIME: 2026-10-01 12:00:46
FUNCTION ENTERED: process_binary
USER ID: 807348
========================================

========================================
[BINARY DEBUG]
TIME: 2026-10-01 12:00:46
USER ID: 807348
FUNCTION: process_binary
========================================

MEMBER INFORMATION:
Member ID: 807348
Member Name: V2
Status: 
Rank: Member
Topup: 0.00
Package: 1

FAIL: Member ID 807348 is Inactive / Deactive (Status: , Topup: 0.00). Matching Income skipped.
========================================

========================================
[BINARY DEBUG]
TIME: 2026-10-01 12:00:46
FUNCTION ENTERED: process_binary
USER ID: 809502
========================================

========================================
[BINARY DEBUG]
TIME: 2026-10-01 12:00:46
USER ID: 809502
FUNCTION: process_binary
========================================

MEMBER INFORMATION:
Member ID: 809502
Member Name: Ab20
Status: 
Rank: Member
Topup: 0.00
Package: 1

FAIL: Member ID 809502 is Inactive / Deactive (Status: , Topup: 0.00). Matching Income skipped.
========================================

========================================
[BINARY DEBUG]
TIME: 2026-10-01 12:00:46
FUNCTION ENTERED: process_binary
USER ID: 810210
========================================

========================================
[BINARY DEBUG]
TIME: 2026-10-01 12:00:46
USER ID: 810210
FUNCTION: process_binary
========================================

MEMBER INFORMATION:
Member ID: 810210
Member Name: D1
Status: 
Rank: Member
Topup: 0.00
Package: 1

FAIL: Member ID 810210 is Inactive / Deactive (Status: , Topup: 0.00). Matching Income skipped.
========================================

========================================
[BINARY DEBUG]
TIME: 2026-10-01 12:00:46
FUNCTION ENTERED: process_binary
USER ID: 810604
========================================

========================================
[BINARY DEBUG]
TIME: 2026-10-01 12:00:46
USER ID: 810604
FUNCTION: process_binary
========================================

MEMBER INFORMATION:
Member ID: 810604
Member Name: x8
Status: 
Rank: Member
Topup: 0.00
Package: 1

FAIL: Member ID 810604 is Inactive / Deactive (Status: , Topup: 0.00). Matching Income skipped.
========================================

========================================
[BINARY DEBUG]
TIME: 2026-10-01 12:00:46
FUNCTION ENTERED: process_binary
USER ID: 812940
========================================

========================================
[BINARY DEBUG]
TIME: 2026-10-01 12:00:46
USER ID: 812940
FUNCTION: process_binary
========================================

MEMBER INFORMATION:
Member ID: 812940
Member Name: Jagruti adiwarakar
Status: Active
Rank: Member
Topup: 8900.00
Package: 1

TREE / PV INFORMATION:
Total Left PV: 3
Paid Left PV: 0
Available Left PV: 3

Total Right PV: 0
Paid Right PV: 0
Available Right PV: 0

Lifetime Paid Pairs: 0

DIRECT SPONSOR INFORMATION:
Direct Left: 1
Direct Right: 0
(Informational ONLY - Does not block 2:1 / 1:2 PV matching)

PAIR CALCULATION:
BINARY RATIO CHECK:
Left Available: 3
Right Available: 0
Lifetime Previous Pairs: 0

Checking 2:1:
Left >= 2? YES (Left = 3 >= 2)
Right >= 1? NO (Right = 0 < 1)

Checking 1:2:
Left >= 1? YES (Left = 3 >= 1)
Right >= 2? NO (Right = 0 < 2)

Selected Ratio: NONE
Pairs Calculated: 0
Left PV To Consume: 0
Right PV To Consume: 0
FINAL RESULT = NO PAIR FORMED
Pairs Generated = 0
Payout Generated = 0
Left PV Remaining = 3
Right PV Remaining = 0
========================================

========================================
[BINARY DEBUG]
TIME: 2026-10-01 12:00:46
FUNCTION ENTERED: process_binary
USER ID: 815248
========================================

========================================
[BINARY DEBUG]
TIME: 2026-10-01 12:00:46
USER ID: 815248
FUNCTION: process_binary
========================================

MEMBER INFORMATION:
Member ID: 815248
Member Name: x3
Status: 
Rank: Member
Topup: 0.00
Package: 1

FAIL: Member ID 815248 is Inactive / Deactive (Status: , Topup: 0.00). Matching Income skipped.
========================================

========================================
[BINARY DEBUG]
TIME: 2026-10-01 12:00:46
FUNCTION ENTERED: process_binary
USER ID: 817956
========================================

========================================
[BINARY DEBUG]
TIME: 2026-10-01 12:00:46
USER ID: 817956
FUNCTION: process_binary
========================================

MEMBER INFORMATION:
Member ID: 817956
Member Name: D7
Status: 
Rank: Member
Topup: 0.00
Package: 1

FAIL: Member ID 817956 is Inactive / Deactive (Status: , Topup: 0.00). Matching Income skipped.
========================================

========================================
[BINARY DEBUG]
TIME: 2026-10-01 12:00:46
FUNCTION ENTERED: process_binary
USER ID: 823448
========================================

========================================
[BINARY DEBUG]
TIME: 2026-10-01 12:00:46
USER ID: 823448
FUNCTION: process_binary
========================================

MEMBER INFORMATION:
Member ID: 823448
Member Name: A3
Status: 
Rank: Member
Topup: 0.00
Package: 1

FAIL: Member ID 823448 is Inactive / Deactive (Status: , Topup: 0.00). Matching Income skipped.
========================================

========================================
[BINARY DEBUG]
TIME: 2026-10-01 12:00:46
FUNCTION ENTERED: process_binary
USER ID: 825106
========================================

========================================
[BINARY DEBUG]
TIME: 2026-10-01 12:00:46
USER ID: 825106
FUNCTION: process_binary
========================================

MEMBER INFORMATION:
Member ID: 825106
Member Name: V8
Status: 
Rank: Member
Topup: 0.00
Package: 1

FAIL: Member ID 825106 is Inactive / Deactive (Status: , Topup: 0.00). Matching Income skipped.
========================================

========================================
[BINARY DEBUG]
TIME: 2026-10-01 12:00:46
FUNCTION ENTERED: process_binary
USER ID: 850226
========================================

========================================
[BINARY DEBUG]
TIME: 2026-10-01 12:00:46
USER ID: 850226
FUNCTION: process_binary
========================================

MEMBER INFORMATION:
Member ID: 850226
Member Name: SJ10
Status: 
Rank: Member
Topup: 0.00
Package: 1

FAIL: Member ID 850226 is Inactive / Deactive (Status: , Topup: 0.00). Matching Income skipped.
========================================

========================================
[BINARY DEBUG]
TIME: 2026-10-01 12:00:46
FUNCTION ENTERED: process_binary
USER ID: 852960
========================================

========================================
[BINARY DEBUG]
TIME: 2026-10-01 12:00:46
USER ID: 852960
FUNCTION: process_binary
========================================

MEMBER INFORMATION:
Member ID: 852960
Member Name: S3
Status: 
Rank: Member
Topup: 0.00
Package: 1

FAIL: Member ID 852960 is Inactive / Deactive (Status: , Topup: 0.00). Matching Income skipped.
========================================

========================================
[BINARY DEBUG]
TIME: 2026-10-01 12:00:46
FUNCTION ENTERED: process_binary
USER ID: 860002
========================================

========================================
[BINARY DEBUG]
TIME: 2026-10-01 12:00:46
USER ID: 860002
FUNCTION: process_binary
========================================

MEMBER INFORMATION:
Member ID: 860002
Member Name: S1
Status: 
Rank: Member
Topup: 0.00
Package: 1

FAIL: Member ID 860002 is Inactive / Deactive (Status: , Topup: 0.00). Matching Income skipped.
========================================

========================================
[BINARY DEBUG]
TIME: 2026-10-01 12:00:46
FUNCTION ENTERED: process_binary
USER ID: 867373
========================================

========================================
[BINARY DEBUG]
TIME: 2026-10-01 12:00:46
USER ID: 867373
FUNCTION: process_binary
========================================

MEMBER INFORMATION:
Member ID: 867373
Member Name: V3
Status: 
Rank: Member
Topup: 0.00
Package: 1

FAIL: Member ID 867373 is Inactive / Deactive (Status: , Topup: 0.00). Matching Income skipped.
========================================

========================================
[BINARY DEBUG]
TIME: 2026-10-01 12:00:46
FUNCTION ENTERED: process_binary
USER ID: 867837
========================================

========================================
[BINARY DEBUG]
TIME: 2026-10-01 12:00:46
USER ID: 867837
FUNCTION: process_binary
========================================

MEMBER INFORMATION:
Member ID: 867837
Member Name: S10
Status: 
Rank: Member
Topup: 0.00
Package: 1

FAIL: Member ID 867837 is Inactive / Deactive (Status: , Topup: 0.00). Matching Income skipped.
========================================

========================================
[BINARY DEBUG]
TIME: 2026-10-01 12:00:46
FUNCTION ENTERED: process_binary
USER ID: 871990
========================================

========================================
[BINARY DEBUG]
TIME: 2026-10-01 12:00:46
USER ID: 871990
FUNCTION: process_binary
========================================

MEMBER INFORMATION:
Member ID: 871990
Member Name: Jayawant adiwarakar
Status: Active
Rank: Member
Topup: 8900.00
Package: 1

TREE / PV INFORMATION:
Total Left PV: 2
Paid Left PV: 0
Available Left PV: 2

Total Right PV: 0
Paid Right PV: 0
Available Right PV: 0

Lifetime Paid Pairs: 0

DIRECT SPONSOR INFORMATION:
Direct Left: 0
Direct Right: 0
(Informational ONLY - Does not block 2:1 / 1:2 PV matching)

PAIR CALCULATION:
BINARY RATIO CHECK:
Left Available: 2
Right Available: 0
Lifetime Previous Pairs: 0

Checking 2:1:
Left >= 2? YES (Left = 2 >= 2)
Right >= 1? NO (Right = 0 < 1)

Checking 1:2:
Left >= 1? YES (Left = 2 >= 1)
Right >= 2? NO (Right = 0 < 2)

Selected Ratio: NONE
Pairs Calculated: 0
Left PV To Consume: 0
Right PV To Consume: 0
FINAL RESULT = NO PAIR FORMED
Pairs Generated = 0
Payout Generated = 0
Left PV Remaining = 2
Right PV Remaining = 0
========================================

========================================
[BINARY DEBUG]
TIME: 2026-10-01 12:00:46
FUNCTION ENTERED: process_binary
USER ID: 872736
========================================

========================================
[BINARY DEBUG]
TIME: 2026-10-01 12:00:46
USER ID: 872736
FUNCTION: process_binary
========================================

MEMBER INFORMATION:
Member ID: 872736
Member Name: V5
Status: 
Rank: Member
Topup: 0.00
Package: 1

FAIL: Member ID 872736 is Inactive / Deactive (Status: , Topup: 0.00). Matching Income skipped.
========================================

========================================
[BINARY DEBUG]
TIME: 2026-10-01 12:00:46
FUNCTION ENTERED: process_binary
USER ID: 880876
========================================

========================================
[BINARY DEBUG]
TIME: 2026-10-01 12:00:46
USER ID: 880876
FUNCTION: process_binary
========================================

MEMBER INFORMATION:
Member ID: 880876
Member Name: xyz7
Status: 
Rank: Member
Topup: 0.00
Package: 1

FAIL: Member ID 880876 is Inactive / Deactive (Status: , Topup: 0.00). Matching Income skipped.
========================================

========================================
[BINARY DEBUG]
TIME: 2026-10-01 12:00:46
FUNCTION ENTERED: process_binary
USER ID: 884661
========================================

========================================
[BINARY DEBUG]
TIME: 2026-10-01 12:00:46
USER ID: 884661
FUNCTION: process_binary
========================================

MEMBER INFORMATION:
Member ID: 884661
Member Name: sagar patil
Status: 
Rank: Member
Topup: 0.00
Package: 1

FAIL: Member ID 884661 is Inactive / Deactive (Status: , Topup: 0.00). Matching Income skipped.
========================================

========================================
[BINARY DEBUG]
TIME: 2026-10-01 12:00:46
FUNCTION ENTERED: process_binary
USER ID: 895344
========================================

========================================
[BINARY DEBUG]
TIME: 2026-10-01 12:00:46
USER ID: 895344
FUNCTION: process_binary
========================================

MEMBER INFORMATION:
Member ID: 895344
Member Name: SJ6
Status: 
Rank: Member
Topup: 0.00
Package: 1

FAIL: Member ID 895344 is Inactive / Deactive (Status: , Topup: 0.00). Matching Income skipped.
========================================

========================================
[BINARY DEBUG]
TIME: 2026-10-01 12:00:46
FUNCTION ENTERED: process_binary
USER ID: 900013
========================================

========================================
[BINARY DEBUG]
TIME: 2026-10-01 12:00:46
USER ID: 900013
FUNCTION: process_binary
========================================

MEMBER INFORMATION:
Member ID: 900013
Member Name: Ab9
Status: 
Rank: Member
Topup: 0.00
Package: 1

FAIL: Member ID 900013 is Inactive / Deactive (Status: , Topup: 0.00). Matching Income skipped.
========================================

========================================
[BINARY DEBUG]
TIME: 2026-10-01 12:00:46
FUNCTION ENTERED: process_binary
USER ID: 907249
========================================

========================================
[BINARY DEBUG]
TIME: 2026-10-01 12:00:46
USER ID: 907249
FUNCTION: process_binary
========================================

MEMBER INFORMATION:
Member ID: 907249
Member Name: S6
Status: 
Rank: Member
Topup: 0.00
Package: 1

FAIL: Member ID 907249 is Inactive / Deactive (Status: , Topup: 0.00). Matching Income skipped.
========================================

========================================
[BINARY DEBUG]
TIME: 2026-10-01 12:00:46
FUNCTION ENTERED: process_binary
USER ID: 907471
========================================

========================================
[BINARY DEBUG]
TIME: 2026-10-01 12:00:46
USER ID: 907471
FUNCTION: process_binary
========================================

MEMBER INFORMATION:
Member ID: 907471
Member Name: V10
Status: 
Rank: Member
Topup: 0.00
Package: 1

FAIL: Member ID 907471 is Inactive / Deactive (Status: , Topup: 0.00). Matching Income skipped.
========================================

========================================
[BINARY DEBUG]
TIME: 2026-10-01 12:00:46
FUNCTION ENTERED: process_binary
USER ID: 921920
========================================

========================================
[BINARY DEBUG]
TIME: 2026-10-01 12:00:46
USER ID: 921920
FUNCTION: process_binary
========================================

MEMBER INFORMATION:
Member ID: 921920
Member Name: Ab16
Status: 
Rank: Member
Topup: 0.00
Package: 1

FAIL: Member ID 921920 is Inactive / Deactive (Status: , Topup: 0.00). Matching Income skipped.
========================================

========================================
[BINARY DEBUG]
TIME: 2026-10-01 12:00:46
FUNCTION ENTERED: process_binary
USER ID: 941139
========================================

========================================
[BINARY DEBUG]
TIME: 2026-10-01 12:00:46
USER ID: 941139
FUNCTION: process_binary
========================================

MEMBER INFORMATION:
Member ID: 941139
Member Name: D2
Status: 
Rank: Member
Topup: 0.00
Package: 1

FAIL: Member ID 941139 is Inactive / Deactive (Status: , Topup: 0.00). Matching Income skipped.
========================================

========================================
[BINARY DEBUG]
TIME: 2026-10-01 12:00:46
FUNCTION ENTERED: process_binary
USER ID: 962055
========================================

========================================
[BINARY DEBUG]
TIME: 2026-10-01 12:00:46
USER ID: 962055
FUNCTION: process_binary
========================================

MEMBER INFORMATION:
Member ID: 962055
Member Name: Ab15
Status: 
Rank: Member
Topup: 0.00
Package: 1

FAIL: Member ID 962055 is Inactive / Deactive (Status: , Topup: 0.00). Matching Income skipped.
========================================

========================================
[BINARY DEBUG]
TIME: 2026-10-01 12:00:46
FUNCTION ENTERED: process_binary
USER ID: 970737
========================================

========================================
[BINARY DEBUG]
TIME: 2026-10-01 12:00:46
USER ID: 970737
FUNCTION: process_binary
========================================

MEMBER INFORMATION:
Member ID: 970737
Member Name: x2
Status: 
Rank: Member
Topup: 0.00
Package: 1

FAIL: Member ID 970737 is Inactive / Deactive (Status: , Topup: 0.00). Matching Income skipped.
========================================

========================================
[BINARY DEBUG]
TIME: 2026-10-01 12:00:46
FUNCTION ENTERED: process_binary
USER ID: 976891
========================================

========================================
[BINARY DEBUG]
TIME: 2026-10-01 12:00:46
USER ID: 976891
FUNCTION: process_binary
========================================

MEMBER INFORMATION:
Member ID: 976891
Member Name: xyz10
Status: 
Rank: Member
Topup: 0.00
Package: 1

FAIL: Member ID 976891 is Inactive / Deactive (Status: , Topup: 0.00). Matching Income skipped.
========================================

========================================
[BINARY DEBUG]
TIME: 2026-10-01 12:00:46
FUNCTION ENTERED: process_binary
USER ID: 985261
========================================

========================================
[BINARY DEBUG]
TIME: 2026-10-01 12:00:46
USER ID: 985261
FUNCTION: process_binary
========================================

MEMBER INFORMATION:
Member ID: 985261
Member Name: S5
Status: 
Rank: Member
Topup: 0.00
Package: 1

FAIL: Member ID 985261 is Inactive / Deactive (Status: , Topup: 0.00). Matching Income skipped.
========================================

========================================
[BINARY DEBUG]
TIME: 2026-10-01 12:00:46
FUNCTION ENTERED: process_binary
USER ID: 988780
========================================

========================================
[BINARY DEBUG]
TIME: 2026-10-01 12:00:46
USER ID: 988780
FUNCTION: process_binary
========================================

MEMBER INFORMATION:
Member ID: 988780
Member Name: Dr Ram  kale
Status: 
Rank: Member
Topup: 0.00
Package: 1

FAIL: Member ID 988780 is Inactive / Deactive (Status: , Topup: 0.00). Matching Income skipped.
========================================

========================================
[BINARY DEBUG]
TIME: 2026-10-01 12:00:49
FUNCTION ENTERED: process_binary
USER ID: 1001
========================================

========================================
[BINARY DEBUG]
TIME: 2026-10-01 12:00:49
USER ID: 1001
FUNCTION: process_binary
========================================

MEMBER INFORMATION:
Member ID: 1001
Member Name: Green Amrut Herbal Multitrade Private Limited
Status: Active
Rank: Member
Topup: 8900.00
Package: 1

TREE / PV INFORMATION:
Total Left PV: 16
Paid Left PV: 3
Available Left PV: 13

Total Right PV: 2
Paid Right PV: 2
Available Right PV: 0

Lifetime Paid Pairs: 2

DIRECT SPONSOR INFORMATION:
Direct Left: 1
Direct Right: 1
(Informational ONLY - Does not block 2:1 / 1:2 PV matching)

PAIR CALCULATION:
BINARY RATIO CHECK:
Left Available: 13
Right Available: 0
Lifetime Previous Pairs: 2

Checking 2:1:
Left >= 2? YES (Left = 13 >= 2)
Right >= 1? NO (Right = 0 < 1)

Checking 1:2:
Left >= 1? YES (Left = 13 >= 1)
Right >= 2? NO (Right = 0 < 2)

Selected Ratio: NONE
Pairs Calculated: 0
Left PV To Consume: 0
Right PV To Consume: 0
FINAL RESULT = NO PAIR FORMED
Pairs Generated = 0
Payout Generated = 0
Left PV Remaining = 13
Right PV Remaining = 0
========================================

========================================
[BINARY DEBUG]
TIME: 2026-10-01 12:00:49
FUNCTION ENTERED: process_binary
USER ID: 102433
========================================

========================================
[BINARY DEBUG]
TIME: 2026-10-01 12:00:49
USER ID: 102433
FUNCTION: process_binary
========================================

MEMBER INFORMATION:
Member ID: 102433
Member Name: S6
Status: 
Rank: Member
Topup: 0.00
Package: 1

FAIL: Member ID 102433 is Inactive / Deactive (Status: , Topup: 0.00). Matching Income skipped.
========================================

========================================
[BINARY DEBUG]
TIME: 2026-10-01 12:00:49
FUNCTION ENTERED: process_binary
USER ID: 105729
========================================

========================================
[BINARY DEBUG]
TIME: 2026-10-01 12:00:49
USER ID: 105729
FUNCTION: process_binary
========================================

MEMBER INFORMATION:
Member ID: 105729
Member Name: S10
Status: 
Rank: Member
Topup: 0.00
Package: 1

FAIL: Member ID 105729 is Inactive / Deactive (Status: , Topup: 0.00). Matching Income skipped.
========================================

========================================
[BINARY DEBUG]
TIME: 2026-10-01 12:00:49
FUNCTION ENTERED: process_binary
USER ID: 125171
========================================

========================================
[BINARY DEBUG]
TIME: 2026-10-01 12:00:49
USER ID: 125171
FUNCTION: process_binary
========================================

MEMBER INFORMATION:
Member ID: 125171
Member Name: Ganesh  sharma
Status: Active
Rank: Member
Topup: 8900.00
Package: 1

TREE / PV INFORMATION:
Total Left PV: 0
Paid Left PV: 0
Available Left PV: 0

Total Right PV: 0
Paid Right PV: 0
Available Right PV: 0

Lifetime Paid Pairs: 0

DIRECT SPONSOR INFORMATION:
Direct Left: 0
Direct Right: 0
(Informational ONLY - Does not block 2:1 / 1:2 PV matching)

PAIR CALCULATION:
BINARY RATIO CHECK:
Left Available: 0
Right Available: 0
Lifetime Previous Pairs: 0

Checking 2:1:
Left >= 2? NO (Left = 0 < 2)
Right >= 1? NO (Right = 0 < 1)

Checking 1:2:
Left >= 1? NO (Left = 0 < 1)
Right >= 2? NO (Right = 0 < 2)

Selected Ratio: NONE
Pairs Calculated: 0
Left PV To Consume: 0
Right PV To Consume: 0
FINAL RESULT = NO PAIR FORMED
Pairs Generated = 0
Payout Generated = 0
Left PV Remaining = 0
Right PV Remaining = 0
========================================

========================================
[BINARY DEBUG]
TIME: 2026-10-01 12:00:49
FUNCTION ENTERED: process_binary
USER ID: 137988
========================================

========================================
[BINARY DEBUG]
TIME: 2026-10-01 12:00:49
USER ID: 137988
FUNCTION: process_binary
========================================

MEMBER INFORMATION:
Member ID: 137988
Member Name: XYZ5
Status: 
Rank: Member
Topup: 0.00
Package: 1

FAIL: Member ID 137988 is Inactive / Deactive (Status: , Topup: 0.00). Matching Income skipped.
========================================

========================================
[BINARY DEBUG]
TIME: 2026-10-01 12:00:49
FUNCTION ENTERED: process_binary
USER ID: 144756
========================================

========================================
[BINARY DEBUG]
TIME: 2026-10-01 12:00:49
USER ID: 144756
FUNCTION: process_binary
========================================

MEMBER INFORMATION:
Member ID: 144756
Member Name: Dr Abhishek jagatap
Status: 
Rank: Member
Topup: 0.00
Package: 1

FAIL: Member ID 144756 is Inactive / Deactive (Status: , Topup: 0.00). Matching Income skipped.
========================================

========================================
[BINARY DEBUG]
TIME: 2026-10-01 12:00:49
FUNCTION ENTERED: process_binary
USER ID: 162703
========================================

========================================
[BINARY DEBUG]
TIME: 2026-10-01 12:00:49
USER ID: 162703
FUNCTION: process_binary
========================================

MEMBER INFORMATION:
Member ID: 162703
Member Name: Ab12
Status: 
Rank: Member
Topup: 0.00
Package: 1

FAIL: Member ID 162703 is Inactive / Deactive (Status: , Topup: 0.00). Matching Income skipped.
========================================

========================================
[BINARY DEBUG]
TIME: 2026-10-01 12:00:49
FUNCTION ENTERED: process_binary
USER ID: 165442
========================================

========================================
[BINARY DEBUG]
TIME: 2026-10-01 12:00:49
USER ID: 165442
FUNCTION: process_binary
========================================

MEMBER INFORMATION:
Member ID: 165442
Member Name: S9
Status: 
Rank: Member
Topup: 0.00
Package: 1

FAIL: Member ID 165442 is Inactive / Deactive (Status: , Topup: 0.00). Matching Income skipped.
========================================

========================================
[BINARY DEBUG]
TIME: 2026-10-01 12:00:49
FUNCTION ENTERED: process_binary
USER ID: 169726
========================================

========================================
[BINARY DEBUG]
TIME: 2026-10-01 12:00:49
USER ID: 169726
FUNCTION: process_binary
========================================

MEMBER INFORMATION:
Member ID: 169726
Member Name: xyz3
Status: 
Rank: Member
Topup: 0.00
Package: 1

FAIL: Member ID 169726 is Inactive / Deactive (Status: , Topup: 0.00). Matching Income skipped.
========================================

========================================
[BINARY DEBUG]
TIME: 2026-10-01 12:00:49
FUNCTION ENTERED: process_binary
USER ID: 170795
========================================

========================================
[BINARY DEBUG]
TIME: 2026-10-01 12:00:49
USER ID: 170795
FUNCTION: process_binary
========================================

MEMBER INFORMATION:
Member ID: 170795
Member Name: SJ7
Status: 
Rank: Member
Topup: 0.00
Package: 1

FAIL: Member ID 170795 is Inactive / Deactive (Status: , Topup: 0.00). Matching Income skipped.
========================================

========================================
[BINARY DEBUG]
TIME: 2026-10-01 12:00:49
FUNCTION ENTERED: process_binary
USER ID: 181192
========================================

========================================
[BINARY DEBUG]
TIME: 2026-10-01 12:00:49
USER ID: 181192
FUNCTION: process_binary
========================================

MEMBER INFORMATION:
Member ID: 181192
Member Name: Ab14
Status: 
Rank: Member
Topup: 0.00
Package: 1

FAIL: Member ID 181192 is Inactive / Deactive (Status: , Topup: 0.00). Matching Income skipped.
========================================

========================================
[BINARY DEBUG]
TIME: 2026-10-01 12:00:49
FUNCTION ENTERED: process_binary
USER ID: 182145
========================================

========================================
[BINARY DEBUG]
TIME: 2026-10-01 12:00:49
USER ID: 182145
FUNCTION: process_binary
========================================

MEMBER INFORMATION:
Member ID: 182145
Member Name: Ab13
Status: 
Rank: Member
Topup: 0.00
Package: 1

FAIL: Member ID 182145 is Inactive / Deactive (Status: , Topup: 0.00). Matching Income skipped.
========================================

========================================
[BINARY DEBUG]
TIME: 2026-10-01 12:00:49
FUNCTION ENTERED: process_binary
USER ID: 190613
========================================

========================================
[BINARY DEBUG]
TIME: 2026-10-01 12:00:49
USER ID: 190613
FUNCTION: process_binary
========================================

MEMBER INFORMATION:
Member ID: 190613
Member Name: S3
Status: 
Rank: Member
Topup: 0.00
Package: 1

FAIL: Member ID 190613 is Inactive / Deactive (Status: , Topup: 0.00). Matching Income skipped.
========================================

========================================
[BINARY DEBUG]
TIME: 2026-10-01 12:00:49
FUNCTION ENTERED: process_binary
USER ID: 217105
========================================

========================================
[BINARY DEBUG]
TIME: 2026-10-01 12:00:49
USER ID: 217105
FUNCTION: process_binary
========================================

MEMBER INFORMATION:
Member ID: 217105
Member Name: Abj1
Status: 
Rank: Member
Topup: 0.00
Package: 1

FAIL: Member ID 217105 is Inactive / Deactive (Status: , Topup: 0.00). Matching Income skipped.
========================================

========================================
[BINARY DEBUG]
TIME: 2026-10-01 12:00:49
FUNCTION ENTERED: process_binary
USER ID: 225419
========================================

========================================
[BINARY DEBUG]
TIME: 2026-10-01 12:00:49
USER ID: 225419
FUNCTION: process_binary
========================================

MEMBER INFORMATION:
Member ID: 225419
Member Name: x10
Status: 
Rank: Member
Topup: 0.00
Package: 1

FAIL: Member ID 225419 is Inactive / Deactive (Status: , Topup: 0.00). Matching Income skipped.
========================================

========================================
[BINARY DEBUG]
TIME: 2026-10-01 12:00:49
FUNCTION ENTERED: process_binary
USER ID: 228742
========================================

========================================
[BINARY DEBUG]
TIME: 2026-10-01 12:00:49
USER ID: 228742
FUNCTION: process_binary
========================================

MEMBER INFORMATION:
Member ID: 228742
Member Name: x2
Status: Suspend
Rank: Member
Topup: 0.00
Package: 1

FAIL: Member ID 228742 is Inactive / Deactive (Status: Suspend, Topup: 0.00). Matching Income skipped.
========================================

========================================
[BINARY DEBUG]
TIME: 2026-10-01 12:00:49
FUNCTION ENTERED: process_binary
USER ID: 233793
========================================

========================================
[BINARY DEBUG]
TIME: 2026-10-01 12:00:49
USER ID: 233793
FUNCTION: process_binary
========================================

MEMBER INFORMATION:
Member ID: 233793
Member Name: S7
Status: 
Rank: Member
Topup: 0.00
Package: 1

FAIL: Member ID 233793 is Inactive / Deactive (Status: , Topup: 0.00). Matching Income skipped.
========================================

========================================
[BINARY DEBUG]
TIME: 2026-10-01 12:00:49
FUNCTION ENTERED: process_binary
USER ID: 237651
========================================

========================================
[BINARY DEBUG]
TIME: 2026-10-01 12:00:49
USER ID: 237651
FUNCTION: process_binary
========================================

MEMBER INFORMATION:
Member ID: 237651
Member Name: S2
Status: 
Rank: Member
Topup: 0.00
Package: 1

FAIL: Member ID 237651 is Inactive / Deactive (Status: , Topup: 0.00). Matching Income skipped.
========================================

========================================
[BINARY DEBUG]
TIME: 2026-10-01 12:00:49
FUNCTION ENTERED: process_binary
USER ID: 243579
========================================

========================================
[BINARY DEBUG]
TIME: 2026-10-01 12:00:49
USER ID: 243579
FUNCTION: process_binary
========================================

MEMBER INFORMATION:
Member ID: 243579
Member Name: Avani mapuskar
Status: Active
Rank: Member
Topup: 8900.00
Package: 1

TREE / PV INFORMATION:
Total Left PV: 0
Paid Left PV: 0
Available Left PV: 0

Total Right PV: 0
Paid Right PV: 0
Available Right PV: 0

Lifetime Paid Pairs: 0

DIRECT SPONSOR INFORMATION:
Direct Left: 0
Direct Right: 0
(Informational ONLY - Does not block 2:1 / 1:2 PV matching)

PAIR CALCULATION:
BINARY RATIO CHECK:
Left Available: 0
Right Available: 0
Lifetime Previous Pairs: 0

Checking 2:1:
Left >= 2? NO (Left = 0 < 2)
Right >= 1? NO (Right = 0 < 1)

Checking 1:2:
Left >= 1? NO (Left = 0 < 1)
Right >= 2? NO (Right = 0 < 2)

Selected Ratio: NONE
Pairs Calculated: 0
Left PV To Consume: 0
Right PV To Consume: 0
FINAL RESULT = NO PAIR FORMED
Pairs Generated = 0
Payout Generated = 0
Left PV Remaining = 0
Right PV Remaining = 0
========================================

========================================
[BINARY DEBUG]
TIME: 2026-10-01 12:00:49
FUNCTION ENTERED: process_binary
USER ID: 245622
========================================

========================================
[BINARY DEBUG]
TIME: 2026-10-01 12:00:49
USER ID: 245622
FUNCTION: process_binary
========================================

MEMBER INFORMATION:
Member ID: 245622
Member Name: SJ5
Status: 
Rank: Member
Topup: 0.00
Package: 1

FAIL: Member ID 245622 is Inactive / Deactive (Status: , Topup: 0.00). Matching Income skipped.
========================================

========================================
[BINARY DEBUG]
TIME: 2026-10-01 12:00:49
FUNCTION ENTERED: process_binary
USER ID: 247117
========================================

========================================
[BINARY DEBUG]
TIME: 2026-10-01 12:00:49
USER ID: 247117
FUNCTION: process_binary
========================================

MEMBER INFORMATION:
Member ID: 247117
Member Name: Rajedra  jadhav
Status: Active
Rank: Member
Topup: 8900.00
Package: 1

TREE / PV INFORMATION:
Total Left PV: 0
Paid Left PV: 0
Available Left PV: 0

Total Right PV: 4
Paid Right PV: 0
Available Right PV: 4

Lifetime Paid Pairs: 0

DIRECT SPONSOR INFORMATION:
Direct Left: 0
Direct Right: 0
(Informational ONLY - Does not block 2:1 / 1:2 PV matching)

PAIR CALCULATION:
BINARY RATIO CHECK:
Left Available: 0
Right Available: 4
Lifetime Previous Pairs: 0

Checking 2:1:
Left >= 2? NO (Left = 0 < 2)
Right >= 1? YES (Right = 4 >= 1)

Checking 1:2:
Left >= 1? NO (Left = 0 < 1)
Right >= 2? YES (Right = 4 >= 2)

Selected Ratio: NONE
Pairs Calculated: 0
Left PV To Consume: 0
Right PV To Consume: 0
FINAL RESULT = NO PAIR FORMED
Pairs Generated = 0
Payout Generated = 0
Left PV Remaining = 0
Right PV Remaining = 4
========================================

========================================
[BINARY DEBUG]
TIME: 2026-10-01 12:00:49
FUNCTION ENTERED: process_binary
USER ID: 250086
========================================

========================================
[BINARY DEBUG]
TIME: 2026-10-01 12:00:49
USER ID: 250086
FUNCTION: process_binary
========================================

MEMBER INFORMATION:
Member ID: 250086
Member Name: Ab19
Status: 
Rank: Member
Topup: 0.00
Package: 1

FAIL: Member ID 250086 is Inactive / Deactive (Status: , Topup: 0.00). Matching Income skipped.
========================================

========================================
[BINARY DEBUG]
TIME: 2026-10-01 12:00:49
FUNCTION ENTERED: process_binary
USER ID: 250656
========================================

========================================
[BINARY DEBUG]
TIME: 2026-10-01 12:00:49
USER ID: 250656
FUNCTION: process_binary
========================================

MEMBER INFORMATION:
Member ID: 250656
Member Name: SJ8
Status: 
Rank: Member
Topup: 0.00
Package: 1

FAIL: Member ID 250656 is Inactive / Deactive (Status: , Topup: 0.00). Matching Income skipped.
========================================

========================================
[BINARY DEBUG]
TIME: 2026-10-01 12:00:49
FUNCTION ENTERED: process_binary
USER ID: 288915
========================================

========================================
[BINARY DEBUG]
TIME: 2026-10-01 12:00:49
USER ID: 288915
FUNCTION: process_binary
========================================

MEMBER INFORMATION:
Member ID: 288915
Member Name: V1
Status: 
Rank: Member
Topup: 0.00
Package: 1

FAIL: Member ID 288915 is Inactive / Deactive (Status: , Topup: 0.00). Matching Income skipped.
========================================

========================================
[BINARY DEBUG]
TIME: 2026-10-01 12:00:49
FUNCTION ENTERED: process_binary
USER ID: 304222
========================================

========================================
[BINARY DEBUG]
TIME: 2026-10-01 12:00:49
USER ID: 304222
FUNCTION: process_binary
========================================

MEMBER INFORMATION:
Member ID: 304222
Member Name: Ab8
Status: 
Rank: Member
Topup: 0.00
Package: 1

FAIL: Member ID 304222 is Inactive / Deactive (Status: , Topup: 0.00). Matching Income skipped.
========================================

========================================
[BINARY DEBUG]
TIME: 2026-10-01 12:00:49
FUNCTION ENTERED: process_binary
USER ID: 306183
========================================

========================================
[BINARY DEBUG]
TIME: 2026-10-01 12:00:49
USER ID: 306183
FUNCTION: process_binary
========================================

MEMBER INFORMATION:
Member ID: 306183
Member Name: xyz4
Status: 
Rank: Member
Topup: 0.00
Package: 1

FAIL: Member ID 306183 is Inactive / Deactive (Status: , Topup: 0.00). Matching Income skipped.
========================================

========================================
[BINARY DEBUG]
TIME: 2026-10-01 12:00:49
FUNCTION ENTERED: process_binary
USER ID: 315152
========================================

========================================
[BINARY DEBUG]
TIME: 2026-10-01 12:00:49
USER ID: 315152
FUNCTION: process_binary
========================================

MEMBER INFORMATION:
Member ID: 315152
Member Name: Ab 10
Status: 
Rank: Member
Topup: 0.00
Package: 1

FAIL: Member ID 315152 is Inactive / Deactive (Status: , Topup: 0.00). Matching Income skipped.
========================================

========================================
[BINARY DEBUG]
TIME: 2026-10-01 12:00:49
FUNCTION ENTERED: process_binary
USER ID: 329246
========================================

========================================
[BINARY DEBUG]
TIME: 2026-10-01 12:00:49
USER ID: 329246
FUNCTION: process_binary
========================================

MEMBER INFORMATION:
Member ID: 329246
Member Name: SANDIP PATIL
Status: Active
Rank: Member
Topup: 8900.00
Package: 1

TREE / PV INFORMATION:
Total Left PV: 14
Paid Left PV: 0
Available Left PV: 14

Total Right PV: 0
Paid Right PV: 0
Available Right PV: 0

Lifetime Paid Pairs: 0

DIRECT SPONSOR INFORMATION:
Direct Left: 0
Direct Right: 0
(Informational ONLY - Does not block 2:1 / 1:2 PV matching)

PAIR CALCULATION:
BINARY RATIO CHECK:
Left Available: 14
Right Available: 0
Lifetime Previous Pairs: 0

Checking 2:1:
Left >= 2? YES (Left = 14 >= 2)
Right >= 1? NO (Right = 0 < 1)

Checking 1:2:
Left >= 1? YES (Left = 14 >= 1)
Right >= 2? NO (Right = 0 < 2)

Selected Ratio: NONE
Pairs Calculated: 0
Left PV To Consume: 0
Right PV To Consume: 0
FINAL RESULT = NO PAIR FORMED
Pairs Generated = 0
Payout Generated = 0
Left PV Remaining = 14
Right PV Remaining = 0
========================================

========================================
[BINARY DEBUG]
TIME: 2026-10-01 12:00:49
FUNCTION ENTERED: process_binary
USER ID: 340209
========================================

========================================
[BINARY DEBUG]
TIME: 2026-10-01 12:00:49
USER ID: 340209
FUNCTION: process_binary
========================================

MEMBER INFORMATION:
Member ID: 340209
Member Name: S8
Status: 
Rank: Member
Topup: 0.00
Package: 1

FAIL: Member ID 340209 is Inactive / Deactive (Status: , Topup: 0.00). Matching Income skipped.
========================================

========================================
[BINARY DEBUG]
TIME: 2026-10-01 12:00:49
FUNCTION ENTERED: process_binary
USER ID: 345333
========================================

========================================
[BINARY DEBUG]
TIME: 2026-10-01 12:00:49
USER ID: 345333
FUNCTION: process_binary
========================================

MEMBER INFORMATION:
Member ID: 345333
Member Name: xyz7
Status: 
Rank: Member
Topup: 0.00
Package: 1

FAIL: Member ID 345333 is Inactive / Deactive (Status: , Topup: 0.00). Matching Income skipped.
========================================

========================================
[BINARY DEBUG]
TIME: 2026-10-01 12:00:49
FUNCTION ENTERED: process_binary
USER ID: 352204
========================================

========================================
[BINARY DEBUG]
TIME: 2026-10-01 12:00:49
USER ID: 352204
FUNCTION: process_binary
========================================

MEMBER INFORMATION:
Member ID: 352204
Member Name: xyz
Status: 
Rank: Member
Topup: 0.00
Package: 1

FAIL: Member ID 352204 is Inactive / Deactive (Status: , Topup: 0.00). Matching Income skipped.
========================================

========================================
[BINARY DEBUG]
TIME: 2026-10-01 12:00:49
FUNCTION ENTERED: process_binary
USER ID: 357973
========================================

========================================
[BINARY DEBUG]
TIME: 2026-10-01 12:00:49
USER ID: 357973
FUNCTION: process_binary
========================================

MEMBER INFORMATION:
Member ID: 357973
Member Name: x9
Status: 
Rank: Member
Topup: 0.00
Package: 1

FAIL: Member ID 357973 is Inactive / Deactive (Status: , Topup: 0.00). Matching Income skipped.
========================================

========================================
[BINARY DEBUG]
TIME: 2026-10-01 12:00:49
FUNCTION ENTERED: process_binary
USER ID: 360931
========================================

========================================
[BINARY DEBUG]
TIME: 2026-10-01 12:00:49
USER ID: 360931
FUNCTION: process_binary
========================================

MEMBER INFORMATION:
Member ID: 360931
Member Name: SJ3
Status: 
Rank: Member
Topup: 0.00
Package: 1

FAIL: Member ID 360931 is Inactive / Deactive (Status: , Topup: 0.00). Matching Income skipped.
========================================

========================================
[BINARY DEBUG]
TIME: 2026-10-01 12:00:49
FUNCTION ENTERED: process_binary
USER ID: 365796
========================================

========================================
[BINARY DEBUG]
TIME: 2026-10-01 12:00:49
USER ID: 365796
FUNCTION: process_binary
========================================

MEMBER INFORMATION:
Member ID: 365796
Member Name: yogesh vibhute
Status: 
Rank: Member
Topup: 0.00
Package: 1

FAIL: Member ID 365796 is Inactive / Deactive (Status: , Topup: 0.00). Matching Income skipped.
========================================

========================================
[BINARY DEBUG]
TIME: 2026-10-01 12:00:49
FUNCTION ENTERED: process_binary
USER ID: 379448
========================================

========================================
[BINARY DEBUG]
TIME: 2026-10-01 12:00:49
USER ID: 379448
FUNCTION: process_binary
========================================

MEMBER INFORMATION:
Member ID: 379448
Member Name: xyz6
Status: 
Rank: Member
Topup: 0.00
Package: 1

FAIL: Member ID 379448 is Inactive / Deactive (Status: , Topup: 0.00). Matching Income skipped.
========================================

========================================
[BINARY DEBUG]
TIME: 2026-10-01 12:00:49
FUNCTION ENTERED: process_binary
USER ID: 380222
========================================

========================================
[BINARY DEBUG]
TIME: 2026-10-01 12:00:49
USER ID: 380222
FUNCTION: process_binary
========================================

MEMBER INFORMATION:
Member ID: 380222
Member Name: S5
Status: 
Rank: Member
Topup: 0.00
Package: 1

FAIL: Member ID 380222 is Inactive / Deactive (Status: , Topup: 0.00). Matching Income skipped.
========================================

========================================
[BINARY DEBUG]
TIME: 2026-10-01 12:00:49
FUNCTION ENTERED: process_binary
USER ID: 388566
========================================

========================================
[BINARY DEBUG]
TIME: 2026-10-01 12:00:49
USER ID: 388566
FUNCTION: process_binary
========================================

MEMBER INFORMATION:
Member ID: 388566
Member Name: Ab7
Status: 
Rank: Member
Topup: 0.00
Package: 1

FAIL: Member ID 388566 is Inactive / Deactive (Status: , Topup: 0.00). Matching Income skipped.
========================================

========================================
[BINARY DEBUG]
TIME: 2026-10-01 12:00:49
FUNCTION ENTERED: process_binary
USER ID: 416894
========================================

========================================
[BINARY DEBUG]
TIME: 2026-10-01 12:00:49
USER ID: 416894
FUNCTION: process_binary
========================================

MEMBER INFORMATION:
Member ID: 416894
Member Name: Abhishek jagatap
Status: 
Rank: Member
Topup: 0.00
Package: 1

FAIL: Member ID 416894 is Inactive / Deactive (Status: , Topup: 0.00). Matching Income skipped.
========================================

========================================
[BINARY DEBUG]
TIME: 2026-10-01 12:00:49
FUNCTION ENTERED: process_binary
USER ID: 417881
========================================

========================================
[BINARY DEBUG]
TIME: 2026-10-01 12:00:49
USER ID: 417881
FUNCTION: process_binary
========================================

MEMBER INFORMATION:
Member ID: 417881
Member Name: S9
Status: 
Rank: Member
Topup: 0.00
Package: 1

FAIL: Member ID 417881 is Inactive / Deactive (Status: , Topup: 0.00). Matching Income skipped.
========================================

========================================
[BINARY DEBUG]
TIME: 2026-10-01 12:00:49
FUNCTION ENTERED: process_binary
USER ID: 432965
========================================

========================================
[BINARY DEBUG]
TIME: 2026-10-01 12:00:49
USER ID: 432965
FUNCTION: process_binary
========================================

MEMBER INFORMATION:
Member ID: 432965
Member Name: D6
Status: 
Rank: Member
Topup: 0.00
Package: 1

FAIL: Member ID 432965 is Inactive / Deactive (Status: , Topup: 0.00). Matching Income skipped.
========================================

========================================
[BINARY DEBUG]
TIME: 2026-10-01 12:00:49
FUNCTION ENTERED: process_binary
USER ID: 435306
========================================

========================================
[BINARY DEBUG]
TIME: 2026-10-01 12:00:49
USER ID: 435306
FUNCTION: process_binary
========================================

MEMBER INFORMATION:
Member ID: 435306
Member Name: V7
Status: 
Rank: Member
Topup: 0.00
Package: 1

FAIL: Member ID 435306 is Inactive / Deactive (Status: , Topup: 0.00). Matching Income skipped.
========================================

========================================
[BINARY DEBUG]
TIME: 2026-10-01 12:00:49
FUNCTION ENTERED: process_binary
USER ID: 458902
========================================

========================================
[BINARY DEBUG]
TIME: 2026-10-01 12:00:49
USER ID: 458902
FUNCTION: process_binary
========================================

MEMBER INFORMATION:
Member ID: 458902
Member Name: Sneha nar
Status: Active
Rank: Member
Topup: 8900.00
Package: 1

TREE / PV INFORMATION:
Total Left PV: 0
Paid Left PV: 0
Available Left PV: 0

Total Right PV: 0
Paid Right PV: 0
Available Right PV: 0

Lifetime Paid Pairs: 0

DIRECT SPONSOR INFORMATION:
Direct Left: 0
Direct Right: 0
(Informational ONLY - Does not block 2:1 / 1:2 PV matching)

PAIR CALCULATION:
BINARY RATIO CHECK:
Left Available: 0
Right Available: 0
Lifetime Previous Pairs: 0

Checking 2:1:
Left >= 2? NO (Left = 0 < 2)
Right >= 1? NO (Right = 0 < 1)

Checking 1:2:
Left >= 1? NO (Left = 0 < 1)
Right >= 2? NO (Right = 0 < 2)

Selected Ratio: NONE
Pairs Calculated: 0
Left PV To Consume: 0
Right PV To Consume: 0
FINAL RESULT = NO PAIR FORMED
Pairs Generated = 0
Payout Generated = 0
Left PV Remaining = 0
Right PV Remaining = 0
========================================

========================================
[BINARY DEBUG]
TIME: 2026-10-01 12:00:49
FUNCTION ENTERED: process_binary
USER ID: 465060
========================================

========================================
[BINARY DEBUG]
TIME: 2026-10-01 12:00:49
USER ID: 465060
FUNCTION: process_binary
========================================

MEMBER INFORMATION:
Member ID: 465060
Member Name: SHUBHAM SANTOSH JADHAV
Status: 
Rank: Member
Topup: 0.00
Package: 1

FAIL: Member ID 465060 is Inactive / Deactive (Status: , Topup: 0.00). Matching Income skipped.
========================================

========================================
[BINARY DEBUG]
TIME: 2026-10-01 12:00:49
FUNCTION ENTERED: process_binary
USER ID: 473462
========================================

========================================
[BINARY DEBUG]
TIME: 2026-10-01 12:00:49
USER ID: 473462
FUNCTION: process_binary
========================================

MEMBER INFORMATION:
Member ID: 473462
Member Name: Rupesh waikul
Status: Active
Rank: Member
Topup: 8900.00
Package: 1

TREE / PV INFORMATION:
Total Left PV: 0
Paid Left PV: 0
Available Left PV: 0

Total Right PV: 0
Paid Right PV: 0
Available Right PV: 0

Lifetime Paid Pairs: 0

DIRECT SPONSOR INFORMATION:
Direct Left: 0
Direct Right: 0
(Informational ONLY - Does not block 2:1 / 1:2 PV matching)

PAIR CALCULATION:
BINARY RATIO CHECK:
Left Available: 0
Right Available: 0
Lifetime Previous Pairs: 0

Checking 2:1:
Left >= 2? NO (Left = 0 < 2)
Right >= 1? NO (Right = 0 < 1)

Checking 1:2:
Left >= 1? NO (Left = 0 < 1)
Right >= 2? NO (Right = 0 < 2)

Selected Ratio: NONE
Pairs Calculated: 0
Left PV To Consume: 0
Right PV To Consume: 0
FINAL RESULT = NO PAIR FORMED
Pairs Generated = 0
Payout Generated = 0
Left PV Remaining = 0
Right PV Remaining = 0
========================================

========================================
[BINARY DEBUG]
TIME: 2026-10-01 12:00:49
FUNCTION ENTERED: process_binary
USER ID: 473536
========================================

========================================
[BINARY DEBUG]
TIME: 2026-10-01 12:00:49
USER ID: 473536
FUNCTION: process_binary
========================================

MEMBER INFORMATION:
Member ID: 473536
Member Name: A2
Status: 
Rank: Member
Topup: 0.00
Package: 1

FAIL: Member ID 473536 is Inactive / Deactive (Status: , Topup: 0.00). Matching Income skipped.
========================================

========================================
[BINARY DEBUG]
TIME: 2026-10-01 12:00:49
FUNCTION ENTERED: process_binary
USER ID: 488132
========================================

========================================
[BINARY DEBUG]
TIME: 2026-10-01 12:00:49
USER ID: 488132
FUNCTION: process_binary
========================================

MEMBER INFORMATION:
Member ID: 488132
Member Name: x5
Status: 
Rank: Member
Topup: 0.00
Package: 1

FAIL: Member ID 488132 is Inactive / Deactive (Status: , Topup: 0.00). Matching Income skipped.
========================================

========================================
[BINARY DEBUG]
TIME: 2026-10-01 12:00:49
FUNCTION ENTERED: process_binary
USER ID: 518417
========================================

========================================
[BINARY DEBUG]
TIME: 2026-10-01 12:00:49
USER ID: 518417
FUNCTION: process_binary
========================================

MEMBER INFORMATION:
Member ID: 518417
Member Name: Abj3
Status: 
Rank: Member
Topup: 0.00
Package: 1

FAIL: Member ID 518417 is Inactive / Deactive (Status: , Topup: 0.00). Matching Income skipped.
========================================

========================================
[BINARY DEBUG]
TIME: 2026-10-01 12:00:49
FUNCTION ENTERED: process_binary
USER ID: 525476
========================================

========================================
[BINARY DEBUG]
TIME: 2026-10-01 12:00:49
USER ID: 525476
FUNCTION: process_binary
========================================

MEMBER INFORMATION:
Member ID: 525476
Member Name: Ab2
Status: 
Rank: Member
Topup: 0.00
Package: 1

FAIL: Member ID 525476 is Inactive / Deactive (Status: , Topup: 0.00). Matching Income skipped.
========================================

========================================
[BINARY DEBUG]
TIME: 2026-10-01 12:00:49
FUNCTION ENTERED: process_binary
USER ID: 532054
========================================

========================================
[BINARY DEBUG]
TIME: 2026-10-01 12:00:49
USER ID: 532054
FUNCTION: process_binary
========================================

MEMBER INFORMATION:
Member ID: 532054
Member Name: S4
Status: 
Rank: Member
Topup: 0.00
Package: 1

FAIL: Member ID 532054 is Inactive / Deactive (Status: , Topup: 0.00). Matching Income skipped.
========================================

========================================
[BINARY DEBUG]
TIME: 2026-10-01 12:00:49
FUNCTION ENTERED: process_binary
USER ID: 536193
========================================

========================================
[BINARY DEBUG]
TIME: 2026-10-01 12:00:49
USER ID: 536193
FUNCTION: process_binary
========================================

MEMBER INFORMATION:
Member ID: 536193
Member Name: V9
Status: 
Rank: Member
Topup: 0.00
Package: 1

FAIL: Member ID 536193 is Inactive / Deactive (Status: , Topup: 0.00). Matching Income skipped.
========================================

========================================
[BINARY DEBUG]
TIME: 2026-10-01 12:00:49
FUNCTION ENTERED: process_binary
USER ID: 536314
========================================

========================================
[BINARY DEBUG]
TIME: 2026-10-01 12:00:49
USER ID: 536314
FUNCTION: process_binary
========================================

MEMBER INFORMATION:
Member ID: 536314
Member Name: yogesh vibhute
Status: 
Rank: Member
Topup: 0.00
Package: 1

FAIL: Member ID 536314 is Inactive / Deactive (Status: , Topup: 0.00). Matching Income skipped.
========================================

========================================
[BINARY DEBUG]
TIME: 2026-10-01 12:00:49
FUNCTION ENTERED: process_binary
USER ID: 537738
========================================

========================================
[BINARY DEBUG]
TIME: 2026-10-01 12:00:49
USER ID: 537738
FUNCTION: process_binary
========================================

MEMBER INFORMATION:
Member ID: 537738
Member Name: swati jagtap
Status: Active
Rank: Member
Topup: 8900.00
Package: 1

TREE / PV INFORMATION:
Total Left PV: 0
Paid Left PV: 0
Available Left PV: 0

Total Right PV: 1
Paid Right PV: 0
Available Right PV: 1

Lifetime Paid Pairs: 0

DIRECT SPONSOR INFORMATION:
Direct Left: 0
Direct Right: 0
(Informational ONLY - Does not block 2:1 / 1:2 PV matching)

PAIR CALCULATION:
BINARY RATIO CHECK:
Left Available: 0
Right Available: 1
Lifetime Previous Pairs: 0

Checking 2:1:
Left >= 2? NO (Left = 0 < 2)
Right >= 1? YES (Right = 1 >= 1)

Checking 1:2:
Left >= 1? NO (Left = 0 < 1)
Right >= 2? NO (Right = 1 < 2)

Selected Ratio: NONE
Pairs Calculated: 0
Left PV To Consume: 0
Right PV To Consume: 0
FINAL RESULT = NO PAIR FORMED
Pairs Generated = 0
Payout Generated = 0
Left PV Remaining = 0
Right PV Remaining = 1
========================================

========================================
[BINARY DEBUG]
TIME: 2026-10-01 12:00:49
FUNCTION ENTERED: process_binary
USER ID: 542226
========================================

========================================
[BINARY DEBUG]
TIME: 2026-10-01 12:00:49
USER ID: 542226
FUNCTION: process_binary
========================================

MEMBER INFORMATION:
Member ID: 542226
Member Name: Sneha nar
Status: Active
Rank: Member
Topup: 8900.00
Package: 1

TREE / PV INFORMATION:
Total Left PV: 0
Paid Left PV: 0
Available Left PV: 0

Total Right PV: 1
Paid Right PV: 0
Available Right PV: 1

Lifetime Paid Pairs: 0

DIRECT SPONSOR INFORMATION:
Direct Left: 0
Direct Right: 1
(Informational ONLY - Does not block 2:1 / 1:2 PV matching)

PAIR CALCULATION:
BINARY RATIO CHECK:
Left Available: 0
Right Available: 1
Lifetime Previous Pairs: 0

Checking 2:1:
Left >= 2? NO (Left = 0 < 2)
Right >= 1? YES (Right = 1 >= 1)

Checking 1:2:
Left >= 1? NO (Left = 0 < 1)
Right >= 2? NO (Right = 1 < 2)

Selected Ratio: NONE
Pairs Calculated: 0
Left PV To Consume: 0
Right PV To Consume: 0
FINAL RESULT = NO PAIR FORMED
Pairs Generated = 0
Payout Generated = 0
Left PV Remaining = 0
Right PV Remaining = 1
========================================

========================================
[BINARY DEBUG]
TIME: 2026-10-01 12:00:49
FUNCTION ENTERED: process_binary
USER ID: 543390
========================================

========================================
[BINARY DEBUG]
TIME: 2026-10-01 12:00:49
USER ID: 543390
FUNCTION: process_binary
========================================

MEMBER INFORMATION:
Member ID: 543390
Member Name: xyz9
Status: 
Rank: Member
Topup: 0.00
Package: 1

FAIL: Member ID 543390 is Inactive / Deactive (Status: , Topup: 0.00). Matching Income skipped.
========================================

========================================
[BINARY DEBUG]
TIME: 2026-10-01 12:00:49
FUNCTION ENTERED: process_binary
USER ID: 563633
========================================

========================================
[BINARY DEBUG]
TIME: 2026-10-01 12:00:49
USER ID: 563633
FUNCTION: process_binary
========================================

MEMBER INFORMATION:
Member ID: 563633
Member Name: x7
Status: 
Rank: Member
Topup: 0.00
Package: 1

FAIL: Member ID 563633 is Inactive / Deactive (Status: , Topup: 0.00). Matching Income skipped.
========================================

========================================
[BINARY DEBUG]
TIME: 2026-10-01 12:00:49
FUNCTION ENTERED: process_binary
USER ID: 572928
========================================

========================================
[BINARY DEBUG]
TIME: 2026-10-01 12:00:49
USER ID: 572928
FUNCTION: process_binary
========================================

MEMBER INFORMATION:
Member ID: 572928
Member Name: Santosh dhondu jadhav
Status: Active
Rank: Member
Topup: 8900.00
Package: 1

TREE / PV INFORMATION:
Total Left PV: 6
Paid Left PV: 6
Available Left PV: 0

Total Right PV: 7
Paid Right PV: 5
Available Right PV: 2

Lifetime Paid Pairs: 5

DIRECT SPONSOR INFORMATION:
Direct Left: 5
Direct Right: 3
(Informational ONLY - Does not block 2:1 / 1:2 PV matching)

PAIR CALCULATION:
BINARY RATIO CHECK:
Left Available: 0
Right Available: 2
Lifetime Previous Pairs: 5

Checking 2:1:
Left >= 2? NO (Left = 0 < 2)
Right >= 1? YES (Right = 2 >= 1)

Checking 1:2:
Left >= 1? NO (Left = 0 < 1)
Right >= 2? YES (Right = 2 >= 2)

Selected Ratio: NONE
Pairs Calculated: 0
Left PV To Consume: 0
Right PV To Consume: 0
FINAL RESULT = NO PAIR FORMED
Pairs Generated = 0
Payout Generated = 0
Left PV Remaining = 0
Right PV Remaining = 2
========================================

========================================
[BINARY DEBUG]
TIME: 2026-10-01 12:00:49
FUNCTION ENTERED: process_binary
USER ID: 576171
========================================

========================================
[BINARY DEBUG]
TIME: 2026-10-01 12:00:49
USER ID: 576171
FUNCTION: process_binary
========================================

MEMBER INFORMATION:
Member ID: 576171
Member Name: A4
Status: 
Rank: Member
Topup: 0.00
Package: 1

FAIL: Member ID 576171 is Inactive / Deactive (Status: , Topup: 0.00). Matching Income skipped.
========================================

========================================
[BINARY DEBUG]
TIME: 2026-10-01 12:00:49
FUNCTION ENTERED: process_binary
USER ID: 584474
========================================

========================================
[BINARY DEBUG]
TIME: 2026-10-01 12:00:49
USER ID: 584474
FUNCTION: process_binary
========================================

MEMBER INFORMATION:
Member ID: 584474
Member Name: shila kadam
Status: Active
Rank: Member
Topup: 8900.00
Package: 1

TREE / PV INFORMATION:
Total Left PV: 1
Paid Left PV: 0
Available Left PV: 1

Total Right PV: 0
Paid Right PV: 0
Available Right PV: 0

Lifetime Paid Pairs: 0

DIRECT SPONSOR INFORMATION:
Direct Left: 0
Direct Right: 0
(Informational ONLY - Does not block 2:1 / 1:2 PV matching)

PAIR CALCULATION:
BINARY RATIO CHECK:
Left Available: 1
Right Available: 0
Lifetime Previous Pairs: 0

Checking 2:1:
Left >= 2? NO (Left = 1 < 2)
Right >= 1? NO (Right = 0 < 1)

Checking 1:2:
Left >= 1? YES (Left = 1 >= 1)
Right >= 2? NO (Right = 0 < 2)

Selected Ratio: NONE
Pairs Calculated: 0
Left PV To Consume: 0
Right PV To Consume: 0
FINAL RESULT = NO PAIR FORMED
Pairs Generated = 0
Payout Generated = 0
Left PV Remaining = 1
Right PV Remaining = 0
========================================

========================================
[BINARY DEBUG]
TIME: 2026-10-01 12:00:49
FUNCTION ENTERED: process_binary
USER ID: 587771
========================================

========================================
[BINARY DEBUG]
TIME: 2026-10-01 12:00:49
USER ID: 587771
FUNCTION: process_binary
========================================

MEMBER INFORMATION:
Member ID: 587771
Member Name: SJ2
Status: 
Rank: Member
Topup: 0.00
Package: 1

FAIL: Member ID 587771 is Inactive / Deactive (Status: , Topup: 0.00). Matching Income skipped.
========================================

========================================
[BINARY DEBUG]
TIME: 2026-10-01 12:00:49
FUNCTION ENTERED: process_binary
USER ID: 587847
========================================

========================================
[BINARY DEBUG]
TIME: 2026-10-01 12:00:49
USER ID: 587847
FUNCTION: process_binary
========================================

MEMBER INFORMATION:
Member ID: 587847
Member Name: Ab1
Status: 
Rank: Member
Topup: 0.00
Package: 1

FAIL: Member ID 587847 is Inactive / Deactive (Status: , Topup: 0.00). Matching Income skipped.
========================================

========================================
[BINARY DEBUG]
TIME: 2026-10-01 12:00:49
FUNCTION ENTERED: process_binary
USER ID: 600562
========================================

========================================
[BINARY DEBUG]
TIME: 2026-10-01 12:00:49
USER ID: 600562
FUNCTION: process_binary
========================================

MEMBER INFORMATION:
Member ID: 600562
Member Name: x3
Status: 
Rank: Member
Topup: 0.00
Package: 1

FAIL: Member ID 600562 is Inactive / Deactive (Status: , Topup: 0.00). Matching Income skipped.
========================================

========================================
[BINARY DEBUG]
TIME: 2026-10-01 12:00:49
FUNCTION ENTERED: process_binary
USER ID: 601329
========================================

========================================
[BINARY DEBUG]
TIME: 2026-10-01 12:00:49
USER ID: 601329
FUNCTION: process_binary
========================================

MEMBER INFORMATION:
Member ID: 601329
Member Name: Abj2
Status: 
Rank: Member
Topup: 0.00
Package: 1

FAIL: Member ID 601329 is Inactive / Deactive (Status: , Topup: 0.00). Matching Income skipped.
========================================

========================================
[BINARY DEBUG]
TIME: 2026-10-01 12:00:49
FUNCTION ENTERED: process_binary
USER ID: 613319
========================================

========================================
[BINARY DEBUG]
TIME: 2026-10-01 12:00:49
USER ID: 613319
FUNCTION: process_binary
========================================

MEMBER INFORMATION:
Member ID: 613319
Member Name: Ab6
Status: 
Rank: Member
Topup: 0.00
Package: 1

FAIL: Member ID 613319 is Inactive / Deactive (Status: , Topup: 0.00). Matching Income skipped.
========================================

========================================
[BINARY DEBUG]
TIME: 2026-10-01 12:00:49
FUNCTION ENTERED: process_binary
USER ID: 618836
========================================

========================================
[BINARY DEBUG]
TIME: 2026-10-01 12:00:49
USER ID: 618836
FUNCTION: process_binary
========================================

MEMBER INFORMATION:
Member ID: 618836
Member Name: Ab17
Status: 
Rank: Member
Topup: 0.00
Package: 1

FAIL: Member ID 618836 is Inactive / Deactive (Status: , Topup: 0.00). Matching Income skipped.
========================================

========================================
[BINARY DEBUG]
TIME: 2026-10-01 12:00:49
FUNCTION ENTERED: process_binary
USER ID: 641071
========================================

========================================
[BINARY DEBUG]
TIME: 2026-10-01 12:00:49
USER ID: 641071
FUNCTION: process_binary
========================================

MEMBER INFORMATION:
Member ID: 641071
Member Name: yogesh vibhute
Status: 
Rank: Member
Topup: 0.00
Package: 1

FAIL: Member ID 641071 is Inactive / Deactive (Status: , Topup: 0.00). Matching Income skipped.
========================================

========================================
[BINARY DEBUG]
TIME: 2026-10-01 12:00:49
FUNCTION ENTERED: process_binary
USER ID: 648234
========================================

========================================
[BINARY DEBUG]
TIME: 2026-10-01 12:00:49
USER ID: 648234
FUNCTION: process_binary
========================================

MEMBER INFORMATION:
Member ID: 648234
Member Name: sushma santosh jadhav
Status: Active
Rank: Member
Topup: 8900.00
Package: 1

TREE / PV INFORMATION:
Total Left PV: 0
Paid Left PV: 0
Available Left PV: 0

Total Right PV: 6
Paid Right PV: 0
Available Right PV: 6

Lifetime Paid Pairs: 0

DIRECT SPONSOR INFORMATION:
Direct Left: 0
Direct Right: 1
(Informational ONLY - Does not block 2:1 / 1:2 PV matching)

PAIR CALCULATION:
BINARY RATIO CHECK:
Left Available: 0
Right Available: 6
Lifetime Previous Pairs: 0

Checking 2:1:
Left >= 2? NO (Left = 0 < 2)
Right >= 1? YES (Right = 6 >= 1)

Checking 1:2:
Left >= 1? NO (Left = 0 < 1)
Right >= 2? YES (Right = 6 >= 2)

Selected Ratio: NONE
Pairs Calculated: 0
Left PV To Consume: 0
Right PV To Consume: 0
FINAL RESULT = NO PAIR FORMED
Pairs Generated = 0
Payout Generated = 0
Left PV Remaining = 0
Right PV Remaining = 6
========================================

========================================
[BINARY DEBUG]
TIME: 2026-10-01 12:00:49
FUNCTION ENTERED: process_binary
USER ID: 658381
========================================

========================================
[BINARY DEBUG]
TIME: 2026-10-01 12:00:49
USER ID: 658381
FUNCTION: process_binary
========================================

MEMBER INFORMATION:
Member ID: 658381
Member Name: xyz2
Status: 
Rank: Member
Topup: 0.00
Package: 1

FAIL: Member ID 658381 is Inactive / Deactive (Status: , Topup: 0.00). Matching Income skipped.
========================================

========================================
[BINARY DEBUG]
TIME: 2026-10-01 12:00:49
FUNCTION ENTERED: process_binary
USER ID: 660503
========================================

========================================
[BINARY DEBUG]
TIME: 2026-10-01 12:00:49
USER ID: 660503
FUNCTION: process_binary
========================================

MEMBER INFORMATION:
Member ID: 660503
Member Name: Santosh dhondu jadhav
Status: Active
Rank: Member
Topup: 8900.00
Package: 1

TREE / PV INFORMATION:
Total Left PV: 0
Paid Left PV: 0
Available Left PV: 0

Total Right PV: 5
Paid Right PV: 0
Available Right PV: 5

Lifetime Paid Pairs: 0

DIRECT SPONSOR INFORMATION:
Direct Left: 0
Direct Right: 0
(Informational ONLY - Does not block 2:1 / 1:2 PV matching)

PAIR CALCULATION:
BINARY RATIO CHECK:
Left Available: 0
Right Available: 5
Lifetime Previous Pairs: 0

Checking 2:1:
Left >= 2? NO (Left = 0 < 2)
Right >= 1? YES (Right = 5 >= 1)

Checking 1:2:
Left >= 1? NO (Left = 0 < 1)
Right >= 2? YES (Right = 5 >= 2)

Selected Ratio: NONE
Pairs Calculated: 0
Left PV To Consume: 0
Right PV To Consume: 0
FINAL RESULT = NO PAIR FORMED
Pairs Generated = 0
Payout Generated = 0
Left PV Remaining = 0
Right PV Remaining = 5
========================================

========================================
[BINARY DEBUG]
TIME: 2026-10-01 12:00:49
FUNCTION ENTERED: process_binary
USER ID: 661505
========================================

========================================
[BINARY DEBUG]
TIME: 2026-10-01 12:00:49
USER ID: 661505
FUNCTION: process_binary
========================================

MEMBER INFORMATION:
Member ID: 661505
Member Name: S2
Status: 
Rank: Member
Topup: 0.00
Package: 1

FAIL: Member ID 661505 is Inactive / Deactive (Status: , Topup: 0.00). Matching Income skipped.
========================================

========================================
[BINARY DEBUG]
TIME: 2026-10-01 12:00:49
FUNCTION ENTERED: process_binary
USER ID: 661678
========================================

========================================
[BINARY DEBUG]
TIME: 2026-10-01 12:00:49
USER ID: 661678
FUNCTION: process_binary
========================================

MEMBER INFORMATION:
Member ID: 661678
Member Name: Shubham santosh jadhav
Status: Active
Rank: Member
Topup: 8900.00
Package: 1

TREE / PV INFORMATION:
Total Left PV: 5
Paid Left PV: 0
Available Left PV: 5

Total Right PV: 0
Paid Right PV: 0
Available Right PV: 0

Lifetime Paid Pairs: 0

DIRECT SPONSOR INFORMATION:
Direct Left: 0
Direct Right: 0
(Informational ONLY - Does not block 2:1 / 1:2 PV matching)

PAIR CALCULATION:
BINARY RATIO CHECK:
Left Available: 5
Right Available: 0
Lifetime Previous Pairs: 0

Checking 2:1:
Left >= 2? YES (Left = 5 >= 2)
Right >= 1? NO (Right = 0 < 1)

Checking 1:2:
Left >= 1? YES (Left = 5 >= 1)
Right >= 2? NO (Right = 0 < 2)

Selected Ratio: NONE
Pairs Calculated: 0
Left PV To Consume: 0
Right PV To Consume: 0
FINAL RESULT = NO PAIR FORMED
Pairs Generated = 0
Payout Generated = 0
Left PV Remaining = 5
Right PV Remaining = 0
========================================

========================================
[BINARY DEBUG]
TIME: 2026-10-01 12:00:49
FUNCTION ENTERED: process_binary
USER ID: 676047
========================================

========================================
[BINARY DEBUG]
TIME: 2026-10-01 12:00:49
USER ID: 676047
FUNCTION: process_binary
========================================

MEMBER INFORMATION:
Member ID: 676047
Member Name: Swati Jagtap
Status: Active
Rank: Member
Topup: 8900.00
Package: 1

TREE / PV INFORMATION:
Total Left PV: 15
Paid Left PV: 0
Available Left PV: 15

Total Right PV: 0
Paid Right PV: 0
Available Right PV: 0

Lifetime Paid Pairs: 0

DIRECT SPONSOR INFORMATION:
Direct Left: 2
Direct Right: 0
(Informational ONLY - Does not block 2:1 / 1:2 PV matching)

PAIR CALCULATION:
BINARY RATIO CHECK:
Left Available: 15
Right Available: 0
Lifetime Previous Pairs: 0

Checking 2:1:
Left >= 2? YES (Left = 15 >= 2)
Right >= 1? NO (Right = 0 < 1)

Checking 1:2:
Left >= 1? YES (Left = 15 >= 1)
Right >= 2? NO (Right = 0 < 2)

Selected Ratio: NONE
Pairs Calculated: 0
Left PV To Consume: 0
Right PV To Consume: 0
FINAL RESULT = NO PAIR FORMED
Pairs Generated = 0
Payout Generated = 0
Left PV Remaining = 15
Right PV Remaining = 0
========================================

========================================
[BINARY DEBUG]
TIME: 2026-10-01 12:00:49
FUNCTION ENTERED: process_binary
USER ID: 680294
========================================

========================================
[BINARY DEBUG]
TIME: 2026-10-01 12:00:49
USER ID: 680294
FUNCTION: process_binary
========================================

MEMBER INFORMATION:
Member ID: 680294
Member Name: Ab11
Status: 
Rank: Member
Topup: 0.00
Package: 1

FAIL: Member ID 680294 is Inactive / Deactive (Status: , Topup: 0.00). Matching Income skipped.
========================================

========================================
[BINARY DEBUG]
TIME: 2026-10-01 12:00:49
FUNCTION ENTERED: process_binary
USER ID: 688532
========================================

========================================
[BINARY DEBUG]
TIME: 2026-10-01 12:00:49
USER ID: 688532
FUNCTION: process_binary
========================================

MEMBER INFORMATION:
Member ID: 688532
Member Name: A4
Status: 
Rank: Member
Topup: 0.00
Package: 1

FAIL: Member ID 688532 is Inactive / Deactive (Status: , Topup: 0.00). Matching Income skipped.
========================================

========================================
[BINARY DEBUG]
TIME: 2026-10-01 12:00:49
FUNCTION ENTERED: process_binary
USER ID: 693489
========================================

========================================
[BINARY DEBUG]
TIME: 2026-10-01 12:00:49
USER ID: 693489
FUNCTION: process_binary
========================================

MEMBER INFORMATION:
Member ID: 693489
Member Name: S7
Status: 
Rank: Member
Topup: 0.00
Package: 1

FAIL: Member ID 693489 is Inactive / Deactive (Status: , Topup: 0.00). Matching Income skipped.
========================================

========================================
[BINARY DEBUG]
TIME: 2026-10-01 12:00:49
FUNCTION ENTERED: process_binary
USER ID: 705615
========================================

========================================
[BINARY DEBUG]
TIME: 2026-10-01 12:00:49
USER ID: 705615
FUNCTION: process_binary
========================================

MEMBER INFORMATION:
Member ID: 705615
Member Name: Yogesh VIBHUTE
Status: 
Rank: Member
Topup: 0.00
Package: 1

FAIL: Member ID 705615 is Inactive / Deactive (Status: , Topup: 0.00). Matching Income skipped.
========================================

========================================
[BINARY DEBUG]
TIME: 2026-10-01 12:00:49
FUNCTION ENTERED: process_binary
USER ID: 707146
========================================

========================================
[BINARY DEBUG]
TIME: 2026-10-01 12:00:49
USER ID: 707146
FUNCTION: process_binary
========================================

MEMBER INFORMATION:
Member ID: 707146
Member Name: V6
Status: 
Rank: Member
Topup: 0.00
Package: 1

FAIL: Member ID 707146 is Inactive / Deactive (Status: , Topup: 0.00). Matching Income skipped.
========================================

========================================
[BINARY DEBUG]
TIME: 2026-10-01 12:00:49
FUNCTION ENTERED: process_binary
USER ID: 712815
========================================

========================================
[BINARY DEBUG]
TIME: 2026-10-01 12:00:49
USER ID: 712815
FUNCTION: process_binary
========================================

MEMBER INFORMATION:
Member ID: 712815
Member Name: SJ4
Status: 
Rank: Member
Topup: 0.00
Package: 1

FAIL: Member ID 712815 is Inactive / Deactive (Status: , Topup: 0.00). Matching Income skipped.
========================================

========================================
[BINARY DEBUG]
TIME: 2026-10-01 12:00:49
FUNCTION ENTERED: process_binary
USER ID: 718420
========================================

========================================
[BINARY DEBUG]
TIME: 2026-10-01 12:00:49
USER ID: 718420
FUNCTION: process_binary
========================================

MEMBER INFORMATION:
Member ID: 718420
Member Name: SJ9
Status: 
Rank: Member
Topup: 0.00
Package: 1

FAIL: Member ID 718420 is Inactive / Deactive (Status: , Topup: 0.00). Matching Income skipped.
========================================

========================================
[BINARY DEBUG]
TIME: 2026-10-01 12:00:49
FUNCTION ENTERED: process_binary
USER ID: 719358
========================================

========================================
[BINARY DEBUG]
TIME: 2026-10-01 12:00:49
USER ID: 719358
FUNCTION: process_binary
========================================

MEMBER INFORMATION:
Member ID: 719358
Member Name: Ab4
Status: 
Rank: Member
Topup: 0.00
Package: 1

FAIL: Member ID 719358 is Inactive / Deactive (Status: , Topup: 0.00). Matching Income skipped.
========================================

========================================
[BINARY DEBUG]
TIME: 2026-10-01 12:00:49
FUNCTION ENTERED: process_binary
USER ID: 724330
========================================

========================================
[BINARY DEBUG]
TIME: 2026-10-01 12:00:49
USER ID: 724330
FUNCTION: process_binary
========================================

MEMBER INFORMATION:
Member ID: 724330
Member Name: x1
Status: 
Rank: Member
Topup: 0.00
Package: 1

FAIL: Member ID 724330 is Inactive / Deactive (Status: , Topup: 0.00). Matching Income skipped.
========================================

========================================
[BINARY DEBUG]
TIME: 2026-10-01 12:00:49
FUNCTION ENTERED: process_binary
USER ID: 738833
========================================

========================================
[BINARY DEBUG]
TIME: 2026-10-01 12:00:49
USER ID: 738833
FUNCTION: process_binary
========================================

MEMBER INFORMATION:
Member ID: 738833
Member Name: Santosh dhondu jadhav
Status: Active
Rank: Member
Topup: 8900.00
Package: 1

TREE / PV INFORMATION:
Total Left PV: 4
Paid Left PV: 0
Available Left PV: 4

Total Right PV: 0
Paid Right PV: 0
Available Right PV: 0

Lifetime Paid Pairs: 0

DIRECT SPONSOR INFORMATION:
Direct Left: 0
Direct Right: 0
(Informational ONLY - Does not block 2:1 / 1:2 PV matching)

PAIR CALCULATION:
BINARY RATIO CHECK:
Left Available: 4
Right Available: 0
Lifetime Previous Pairs: 0

Checking 2:1:
Left >= 2? YES (Left = 4 >= 2)
Right >= 1? NO (Right = 0 < 1)

Checking 1:2:
Left >= 1? YES (Left = 4 >= 1)
Right >= 2? NO (Right = 0 < 2)

Selected Ratio: NONE
Pairs Calculated: 0
Left PV To Consume: 0
Right PV To Consume: 0
FINAL RESULT = NO PAIR FORMED
Pairs Generated = 0
Payout Generated = 0
Left PV Remaining = 4
Right PV Remaining = 0
========================================

========================================
[BINARY DEBUG]
TIME: 2026-10-01 12:00:49
FUNCTION ENTERED: process_binary
USER ID: 745065
========================================

========================================
[BINARY DEBUG]
TIME: 2026-10-01 12:00:49
USER ID: 745065
FUNCTION: process_binary
========================================

MEMBER INFORMATION:
Member ID: 745065
Member Name: Ab3
Status: 
Rank: Member
Topup: 0.00
Package: 1

FAIL: Member ID 745065 is Inactive / Deactive (Status: , Topup: 0.00). Matching Income skipped.
========================================

========================================
[BINARY DEBUG]
TIME: 2026-10-01 12:00:49
FUNCTION ENTERED: process_binary
USER ID: 747553
========================================

========================================
[BINARY DEBUG]
TIME: 2026-10-01 12:00:49
USER ID: 747553
FUNCTION: process_binary
========================================

MEMBER INFORMATION:
Member ID: 747553
Member Name: Abhishek jagatap
Status: 
Rank: Member
Topup: 0.00
Package: 1

FAIL: Member ID 747553 is Inactive / Deactive (Status: , Topup: 0.00). Matching Income skipped.
========================================

========================================
[BINARY DEBUG]
TIME: 2026-10-01 12:00:49
FUNCTION ENTERED: process_binary
USER ID: 748766
========================================

========================================
[BINARY DEBUG]
TIME: 2026-10-01 12:00:49
USER ID: 748766
FUNCTION: process_binary
========================================

MEMBER INFORMATION:
Member ID: 748766
Member Name: S8
Status: 
Rank: Member
Topup: 0.00
Package: 1

FAIL: Member ID 748766 is Inactive / Deactive (Status: , Topup: 0.00). Matching Income skipped.
========================================

========================================
[BINARY DEBUG]
TIME: 2026-10-01 12:00:49
FUNCTION ENTERED: process_binary
USER ID: 750555
========================================

========================================
[BINARY DEBUG]
TIME: 2026-10-01 12:00:49
USER ID: 750555
FUNCTION: process_binary
========================================

MEMBER INFORMATION:
Member ID: 750555
Member Name: Ab5
Status: 
Rank: Member
Topup: 0.00
Package: 1

FAIL: Member ID 750555 is Inactive / Deactive (Status: , Topup: 0.00). Matching Income skipped.
========================================

========================================
[BINARY DEBUG]
TIME: 2026-10-01 12:00:49
FUNCTION ENTERED: process_binary
USER ID: 777020
========================================

========================================
[BINARY DEBUG]
TIME: 2026-10-01 12:00:49
USER ID: 777020
FUNCTION: process_binary
========================================

MEMBER INFORMATION:
Member ID: 777020
Member Name: S4
Status: 
Rank: Member
Topup: 0.00
Package: 1

FAIL: Member ID 777020 is Inactive / Deactive (Status: , Topup: 0.00). Matching Income skipped.
========================================

========================================
[BINARY DEBUG]
TIME: 2026-10-01 12:00:49
FUNCTION ENTERED: process_binary
USER ID: 792551
========================================

========================================
[BINARY DEBUG]
TIME: 2026-10-01 12:00:49
USER ID: 792551
FUNCTION: process_binary
========================================

MEMBER INFORMATION:
Member ID: 792551
Member Name: Abj4
Status: 
Rank: Member
Topup: 0.00
Package: 1

FAIL: Member ID 792551 is Inactive / Deactive (Status: , Topup: 0.00). Matching Income skipped.
========================================

========================================
[BINARY DEBUG]
TIME: 2026-10-01 12:00:49
FUNCTION ENTERED: process_binary
USER ID: 798469
========================================

========================================
[BINARY DEBUG]
TIME: 2026-10-01 12:00:49
USER ID: 798469
FUNCTION: process_binary
========================================

MEMBER INFORMATION:
Member ID: 798469
Member Name: Ab18
Status: 
Rank: Member
Topup: 0.00
Package: 1

FAIL: Member ID 798469 is Inactive / Deactive (Status: , Topup: 0.00). Matching Income skipped.
========================================

========================================
[BINARY DEBUG]
TIME: 2026-10-01 12:00:49
FUNCTION ENTERED: process_binary
USER ID: 800686
========================================

========================================
[BINARY DEBUG]
TIME: 2026-10-01 12:00:49
USER ID: 800686
FUNCTION: process_binary
========================================

MEMBER INFORMATION:
Member ID: 800686
Member Name: D3
Status: 
Rank: Member
Topup: 0.00
Package: 1

FAIL: Member ID 800686 is Inactive / Deactive (Status: , Topup: 0.00). Matching Income skipped.
========================================

========================================
[BINARY DEBUG]
TIME: 2026-10-01 12:00:49
FUNCTION ENTERED: process_binary
USER ID: 806549
========================================

========================================
[BINARY DEBUG]
TIME: 2026-10-01 12:00:49
USER ID: 806549
FUNCTION: process_binary
========================================

MEMBER INFORMATION:
Member ID: 806549
Member Name: Sneha nar
Status: Active
Rank: Member
Topup: 8900.00
Package: 1

TREE / PV INFORMATION:
Total Left PV: 1
Paid Left PV: 1
Available Left PV: 0

Total Right PV: 2
Paid Right PV: 2
Available Right PV: 0

Lifetime Paid Pairs: 1

DIRECT SPONSOR INFORMATION:
Direct Left: 0
Direct Right: 1
(Informational ONLY - Does not block 2:1 / 1:2 PV matching)

PAIR CALCULATION:
BINARY RATIO CHECK:
Left Available: 0
Right Available: 0
Lifetime Previous Pairs: 1

Checking 2:1:
Left >= 2? NO (Left = 0 < 2)
Right >= 1? NO (Right = 0 < 1)

Checking 1:2:
Left >= 1? NO (Left = 0 < 1)
Right >= 2? NO (Right = 0 < 2)

Selected Ratio: NONE
Pairs Calculated: 0
Left PV To Consume: 0
Right PV To Consume: 0
FINAL RESULT = NO PAIR FORMED
Pairs Generated = 0
Payout Generated = 0
Left PV Remaining = 0
Right PV Remaining = 0
========================================

========================================
[BINARY DEBUG]
TIME: 2026-10-01 12:00:49
FUNCTION ENTERED: process_binary
USER ID: 807348
========================================

========================================
[BINARY DEBUG]
TIME: 2026-10-01 12:00:49
USER ID: 807348
FUNCTION: process_binary
========================================

MEMBER INFORMATION:
Member ID: 807348
Member Name: V2
Status: 
Rank: Member
Topup: 0.00
Package: 1

FAIL: Member ID 807348 is Inactive / Deactive (Status: , Topup: 0.00). Matching Income skipped.
========================================

========================================
[BINARY DEBUG]
TIME: 2026-10-01 12:00:49
FUNCTION ENTERED: process_binary
USER ID: 809502
========================================

========================================
[BINARY DEBUG]
TIME: 2026-10-01 12:00:49
USER ID: 809502
FUNCTION: process_binary
========================================

MEMBER INFORMATION:
Member ID: 809502
Member Name: Ab20
Status: 
Rank: Member
Topup: 0.00
Package: 1

FAIL: Member ID 809502 is Inactive / Deactive (Status: , Topup: 0.00). Matching Income skipped.
========================================

========================================
[BINARY DEBUG]
TIME: 2026-10-01 12:00:49
FUNCTION ENTERED: process_binary
USER ID: 810210
========================================

========================================
[BINARY DEBUG]
TIME: 2026-10-01 12:00:49
USER ID: 810210
FUNCTION: process_binary
========================================

MEMBER INFORMATION:
Member ID: 810210
Member Name: D1
Status: 
Rank: Member
Topup: 0.00
Package: 1

FAIL: Member ID 810210 is Inactive / Deactive (Status: , Topup: 0.00). Matching Income skipped.
========================================

========================================
[BINARY DEBUG]
TIME: 2026-10-01 12:00:49
FUNCTION ENTERED: process_binary
USER ID: 810604
========================================

========================================
[BINARY DEBUG]
TIME: 2026-10-01 12:00:49
USER ID: 810604
FUNCTION: process_binary
========================================

MEMBER INFORMATION:
Member ID: 810604
Member Name: x8
Status: 
Rank: Member
Topup: 0.00
Package: 1

FAIL: Member ID 810604 is Inactive / Deactive (Status: , Topup: 0.00). Matching Income skipped.
========================================

========================================
[BINARY DEBUG]
TIME: 2026-10-01 12:00:49
FUNCTION ENTERED: process_binary
USER ID: 812940
========================================

========================================
[BINARY DEBUG]
TIME: 2026-10-01 12:00:49
USER ID: 812940
FUNCTION: process_binary
========================================

MEMBER INFORMATION:
Member ID: 812940
Member Name: Jagruti adiwarakar
Status: Active
Rank: Member
Topup: 8900.00
Package: 1

TREE / PV INFORMATION:
Total Left PV: 3
Paid Left PV: 0
Available Left PV: 3

Total Right PV: 0
Paid Right PV: 0
Available Right PV: 0

Lifetime Paid Pairs: 0

DIRECT SPONSOR INFORMATION:
Direct Left: 1
Direct Right: 0
(Informational ONLY - Does not block 2:1 / 1:2 PV matching)

PAIR CALCULATION:
BINARY RATIO CHECK:
Left Available: 3
Right Available: 0
Lifetime Previous Pairs: 0

Checking 2:1:
Left >= 2? YES (Left = 3 >= 2)
Right >= 1? NO (Right = 0 < 1)

Checking 1:2:
Left >= 1? YES (Left = 3 >= 1)
Right >= 2? NO (Right = 0 < 2)

Selected Ratio: NONE
Pairs Calculated: 0
Left PV To Consume: 0
Right PV To Consume: 0
FINAL RESULT = NO PAIR FORMED
Pairs Generated = 0
Payout Generated = 0
Left PV Remaining = 3
Right PV Remaining = 0
========================================

========================================
[BINARY DEBUG]
TIME: 2026-10-01 12:00:49
FUNCTION ENTERED: process_binary
USER ID: 815248
========================================

========================================
[BINARY DEBUG]
TIME: 2026-10-01 12:00:49
USER ID: 815248
FUNCTION: process_binary
========================================

MEMBER INFORMATION:
Member ID: 815248
Member Name: x3
Status: 
Rank: Member
Topup: 0.00
Package: 1

FAIL: Member ID 815248 is Inactive / Deactive (Status: , Topup: 0.00). Matching Income skipped.
========================================

========================================
[BINARY DEBUG]
TIME: 2026-10-01 12:00:49
FUNCTION ENTERED: process_binary
USER ID: 817956
========================================

========================================
[BINARY DEBUG]
TIME: 2026-10-01 12:00:49
USER ID: 817956
FUNCTION: process_binary
========================================

MEMBER INFORMATION:
Member ID: 817956
Member Name: D7
Status: 
Rank: Member
Topup: 0.00
Package: 1

FAIL: Member ID 817956 is Inactive / Deactive (Status: , Topup: 0.00). Matching Income skipped.
========================================

========================================
[BINARY DEBUG]
TIME: 2026-10-01 12:00:49
FUNCTION ENTERED: process_binary
USER ID: 823448
========================================

========================================
[BINARY DEBUG]
TIME: 2026-10-01 12:00:49
USER ID: 823448
FUNCTION: process_binary
========================================

MEMBER INFORMATION:
Member ID: 823448
Member Name: A3
Status: 
Rank: Member
Topup: 0.00
Package: 1

FAIL: Member ID 823448 is Inactive / Deactive (Status: , Topup: 0.00). Matching Income skipped.
========================================

========================================
[BINARY DEBUG]
TIME: 2026-10-01 12:00:49
FUNCTION ENTERED: process_binary
USER ID: 825106
========================================

========================================
[BINARY DEBUG]
TIME: 2026-10-01 12:00:49
USER ID: 825106
FUNCTION: process_binary
========================================

MEMBER INFORMATION:
Member ID: 825106
Member Name: V8
Status: 
Rank: Member
Topup: 0.00
Package: 1

FAIL: Member ID 825106 is Inactive / Deactive (Status: , Topup: 0.00). Matching Income skipped.
========================================

========================================
[BINARY DEBUG]
TIME: 2026-10-01 12:00:49
FUNCTION ENTERED: process_binary
USER ID: 850226
========================================

========================================
[BINARY DEBUG]
TIME: 2026-10-01 12:00:49
USER ID: 850226
FUNCTION: process_binary
========================================

MEMBER INFORMATION:
Member ID: 850226
Member Name: SJ10
Status: 
Rank: Member
Topup: 0.00
Package: 1

FAIL: Member ID 850226 is Inactive / Deactive (Status: , Topup: 0.00). Matching Income skipped.
========================================

========================================
[BINARY DEBUG]
TIME: 2026-10-01 12:00:49
FUNCTION ENTERED: process_binary
USER ID: 852960
========================================

========================================
[BINARY DEBUG]
TIME: 2026-10-01 12:00:49
USER ID: 852960
FUNCTION: process_binary
========================================

MEMBER INFORMATION:
Member ID: 852960
Member Name: S3
Status: 
Rank: Member
Topup: 0.00
Package: 1

FAIL: Member ID 852960 is Inactive / Deactive (Status: , Topup: 0.00). Matching Income skipped.
========================================

========================================
[BINARY DEBUG]
TIME: 2026-10-01 12:00:49
FUNCTION ENTERED: process_binary
USER ID: 860002
========================================

========================================
[BINARY DEBUG]
TIME: 2026-10-01 12:00:49
USER ID: 860002
FUNCTION: process_binary
========================================

MEMBER INFORMATION:
Member ID: 860002
Member Name: S1
Status: 
Rank: Member
Topup: 0.00
Package: 1

FAIL: Member ID 860002 is Inactive / Deactive (Status: , Topup: 0.00). Matching Income skipped.
========================================

========================================
[BINARY DEBUG]
TIME: 2026-10-01 12:00:49
FUNCTION ENTERED: process_binary
USER ID: 867373
========================================

========================================
[BINARY DEBUG]
TIME: 2026-10-01 12:00:49
USER ID: 867373
FUNCTION: process_binary
========================================

MEMBER INFORMATION:
Member ID: 867373
Member Name: V3
Status: 
Rank: Member
Topup: 0.00
Package: 1

FAIL: Member ID 867373 is Inactive / Deactive (Status: , Topup: 0.00). Matching Income skipped.
========================================

========================================
[BINARY DEBUG]
TIME: 2026-10-01 12:00:49
FUNCTION ENTERED: process_binary
USER ID: 867837
========================================

========================================
[BINARY DEBUG]
TIME: 2026-10-01 12:00:49
USER ID: 867837
FUNCTION: process_binary
========================================

MEMBER INFORMATION:
Member ID: 867837
Member Name: S10
Status: 
Rank: Member
Topup: 0.00
Package: 1

FAIL: Member ID 867837 is Inactive / Deactive (Status: , Topup: 0.00). Matching Income skipped.
========================================

========================================
[BINARY DEBUG]
TIME: 2026-10-01 12:00:49
FUNCTION ENTERED: process_binary
USER ID: 871990
========================================

========================================
[BINARY DEBUG]
TIME: 2026-10-01 12:00:49
USER ID: 871990
FUNCTION: process_binary
========================================

MEMBER INFORMATION:
Member ID: 871990
Member Name: Jayawant adiwarakar
Status: Active
Rank: Member
Topup: 8900.00
Package: 1

TREE / PV INFORMATION:
Total Left PV: 2
Paid Left PV: 0
Available Left PV: 2

Total Right PV: 0
Paid Right PV: 0
Available Right PV: 0

Lifetime Paid Pairs: 0

DIRECT SPONSOR INFORMATION:
Direct Left: 0
Direct Right: 0
(Informational ONLY - Does not block 2:1 / 1:2 PV matching)

PAIR CALCULATION:
BINARY RATIO CHECK:
Left Available: 2
Right Available: 0
Lifetime Previous Pairs: 0

Checking 2:1:
Left >= 2? YES (Left = 2 >= 2)
Right >= 1? NO (Right = 0 < 1)

Checking 1:2:
Left >= 1? YES (Left = 2 >= 1)
Right >= 2? NO (Right = 0 < 2)

Selected Ratio: NONE
Pairs Calculated: 0
Left PV To Consume: 0
Right PV To Consume: 0
FINAL RESULT = NO PAIR FORMED
Pairs Generated = 0
Payout Generated = 0
Left PV Remaining = 2
Right PV Remaining = 0
========================================

========================================
[BINARY DEBUG]
TIME: 2026-10-01 12:00:49
FUNCTION ENTERED: process_binary
USER ID: 872736
========================================

========================================
[BINARY DEBUG]
TIME: 2026-10-01 12:00:49
USER ID: 872736
FUNCTION: process_binary
========================================

MEMBER INFORMATION:
Member ID: 872736
Member Name: V5
Status: 
Rank: Member
Topup: 0.00
Package: 1

FAIL: Member ID 872736 is Inactive / Deactive (Status: , Topup: 0.00). Matching Income skipped.
========================================

========================================
[BINARY DEBUG]
TIME: 2026-10-01 12:00:49
FUNCTION ENTERED: process_binary
USER ID: 880876
========================================

========================================
[BINARY DEBUG]
TIME: 2026-10-01 12:00:49
USER ID: 880876
FUNCTION: process_binary
========================================

MEMBER INFORMATION:
Member ID: 880876
Member Name: xyz7
Status: 
Rank: Member
Topup: 0.00
Package: 1

FAIL: Member ID 880876 is Inactive / Deactive (Status: , Topup: 0.00). Matching Income skipped.
========================================

========================================
[BINARY DEBUG]
TIME: 2026-10-01 12:00:49
FUNCTION ENTERED: process_binary
USER ID: 884661
========================================

========================================
[BINARY DEBUG]
TIME: 2026-10-01 12:00:49
USER ID: 884661
FUNCTION: process_binary
========================================

MEMBER INFORMATION:
Member ID: 884661
Member Name: sagar patil
Status: 
Rank: Member
Topup: 0.00
Package: 1

FAIL: Member ID 884661 is Inactive / Deactive (Status: , Topup: 0.00). Matching Income skipped.
========================================

========================================
[BINARY DEBUG]
TIME: 2026-10-01 12:00:49
FUNCTION ENTERED: process_binary
USER ID: 895344
========================================

========================================
[BINARY DEBUG]
TIME: 2026-10-01 12:00:49
USER ID: 895344
FUNCTION: process_binary
========================================

MEMBER INFORMATION:
Member ID: 895344
Member Name: SJ6
Status: 
Rank: Member
Topup: 0.00
Package: 1

FAIL: Member ID 895344 is Inactive / Deactive (Status: , Topup: 0.00). Matching Income skipped.
========================================

========================================
[BINARY DEBUG]
TIME: 2026-10-01 12:00:49
FUNCTION ENTERED: process_binary
USER ID: 900013
========================================

========================================
[BINARY DEBUG]
TIME: 2026-10-01 12:00:49
USER ID: 900013
FUNCTION: process_binary
========================================

MEMBER INFORMATION:
Member ID: 900013
Member Name: Ab9
Status: 
Rank: Member
Topup: 0.00
Package: 1

FAIL: Member ID 900013 is Inactive / Deactive (Status: , Topup: 0.00). Matching Income skipped.
========================================

========================================
[BINARY DEBUG]
TIME: 2026-10-01 12:00:49
FUNCTION ENTERED: process_binary
USER ID: 907249
========================================

========================================
[BINARY DEBUG]
TIME: 2026-10-01 12:00:49
USER ID: 907249
FUNCTION: process_binary
========================================

MEMBER INFORMATION:
Member ID: 907249
Member Name: S6
Status: 
Rank: Member
Topup: 0.00
Package: 1

FAIL: Member ID 907249 is Inactive / Deactive (Status: , Topup: 0.00). Matching Income skipped.
========================================

========================================
[BINARY DEBUG]
TIME: 2026-10-01 12:00:49
FUNCTION ENTERED: process_binary
USER ID: 907471
========================================

========================================
[BINARY DEBUG]
TIME: 2026-10-01 12:00:49
USER ID: 907471
FUNCTION: process_binary
========================================

MEMBER INFORMATION:
Member ID: 907471
Member Name: V10
Status: 
Rank: Member
Topup: 0.00
Package: 1

FAIL: Member ID 907471 is Inactive / Deactive (Status: , Topup: 0.00). Matching Income skipped.
========================================

========================================
[BINARY DEBUG]
TIME: 2026-10-01 12:00:49
FUNCTION ENTERED: process_binary
USER ID: 921920
========================================

========================================
[BINARY DEBUG]
TIME: 2026-10-01 12:00:49
USER ID: 921920
FUNCTION: process_binary
========================================

MEMBER INFORMATION:
Member ID: 921920
Member Name: Ab16
Status: 
Rank: Member
Topup: 0.00
Package: 1

FAIL: Member ID 921920 is Inactive / Deactive (Status: , Topup: 0.00). Matching Income skipped.
========================================

========================================
[BINARY DEBUG]
TIME: 2026-10-01 12:00:49
FUNCTION ENTERED: process_binary
USER ID: 941139
========================================

========================================
[BINARY DEBUG]
TIME: 2026-10-01 12:00:49
USER ID: 941139
FUNCTION: process_binary
========================================

MEMBER INFORMATION:
Member ID: 941139
Member Name: D2
Status: 
Rank: Member
Topup: 0.00
Package: 1

FAIL: Member ID 941139 is Inactive / Deactive (Status: , Topup: 0.00). Matching Income skipped.
========================================

========================================
[BINARY DEBUG]
TIME: 2026-10-01 12:00:49
FUNCTION ENTERED: process_binary
USER ID: 962055
========================================

========================================
[BINARY DEBUG]
TIME: 2026-10-01 12:00:49
USER ID: 962055
FUNCTION: process_binary
========================================

MEMBER INFORMATION:
Member ID: 962055
Member Name: Ab15
Status: 
Rank: Member
Topup: 0.00
Package: 1

FAIL: Member ID 962055 is Inactive / Deactive (Status: , Topup: 0.00). Matching Income skipped.
========================================

========================================
[BINARY DEBUG]
TIME: 2026-10-01 12:00:49
FUNCTION ENTERED: process_binary
USER ID: 970737
========================================

========================================
[BINARY DEBUG]
TIME: 2026-10-01 12:00:49
USER ID: 970737
FUNCTION: process_binary
========================================

MEMBER INFORMATION:
Member ID: 970737
Member Name: x2
Status: 
Rank: Member
Topup: 0.00
Package: 1

FAIL: Member ID 970737 is Inactive / Deactive (Status: , Topup: 0.00). Matching Income skipped.
========================================

========================================
[BINARY DEBUG]
TIME: 2026-10-01 12:00:49
FUNCTION ENTERED: process_binary
USER ID: 976891
========================================

========================================
[BINARY DEBUG]
TIME: 2026-10-01 12:00:49
USER ID: 976891
FUNCTION: process_binary
========================================

MEMBER INFORMATION:
Member ID: 976891
Member Name: xyz10
Status: 
Rank: Member
Topup: 0.00
Package: 1

FAIL: Member ID 976891 is Inactive / Deactive (Status: , Topup: 0.00). Matching Income skipped.
========================================

========================================
[BINARY DEBUG]
TIME: 2026-10-01 12:00:49
FUNCTION ENTERED: process_binary
USER ID: 985261
========================================

========================================
[BINARY DEBUG]
TIME: 2026-10-01 12:00:49
USER ID: 985261
FUNCTION: process_binary
========================================

MEMBER INFORMATION:
Member ID: 985261
Member Name: S5
Status: 
Rank: Member
Topup: 0.00
Package: 1

FAIL: Member ID 985261 is Inactive / Deactive (Status: , Topup: 0.00). Matching Income skipped.
========================================

========================================
[BINARY DEBUG]
TIME: 2026-10-01 12:00:49
FUNCTION ENTERED: process_binary
USER ID: 988780
========================================

========================================
[BINARY DEBUG]
TIME: 2026-10-01 12:00:49
USER ID: 988780
FUNCTION: process_binary
========================================

MEMBER INFORMATION:
Member ID: 988780
Member Name: Dr Ram  kale
Status: 
Rank: Member
Topup: 0.00
Package: 1

FAIL: Member ID 988780 is Inactive / Deactive (Status: , Topup: 0.00). Matching Income skipped.
========================================

========================================
[BINARY DEBUG]
TIME: 2026-10-01 12:00:52
FUNCTION ENTERED: process_binary
USER ID: 1001
========================================

========================================
[BINARY DEBUG]
TIME: 2026-10-01 12:00:52
USER ID: 1001
FUNCTION: process_binary
========================================

MEMBER INFORMATION:
Member ID: 1001
Member Name: Green Amrut Herbal Multitrade Private Limited
Status: Active
Rank: Member
Topup: 8900.00
Package: 1

TREE / PV INFORMATION:
Total Left PV: 16
Paid Left PV: 3
Available Left PV: 13

Total Right PV: 2
Paid Right PV: 2
Available Right PV: 0

Lifetime Paid Pairs: 2

DIRECT SPONSOR INFORMATION:
Direct Left: 1
Direct Right: 1
(Informational ONLY - Does not block 2:1 / 1:2 PV matching)

PAIR CALCULATION:
BINARY RATIO CHECK:
Left Available: 13
Right Available: 0
Lifetime Previous Pairs: 2

Checking 2:1:
Left >= 2? YES (Left = 13 >= 2)
Right >= 1? NO (Right = 0 < 1)

Checking 1:2:
Left >= 1? YES (Left = 13 >= 1)
Right >= 2? NO (Right = 0 < 2)

Selected Ratio: NONE
Pairs Calculated: 0
Left PV To Consume: 0
Right PV To Consume: 0
FINAL RESULT = NO PAIR FORMED
Pairs Generated = 0
Payout Generated = 0
Left PV Remaining = 13
Right PV Remaining = 0
========================================

========================================
[BINARY DEBUG]
TIME: 2026-10-01 12:00:52
FUNCTION ENTERED: process_binary
USER ID: 102433
========================================

========================================
[BINARY DEBUG]
TIME: 2026-10-01 12:00:52
USER ID: 102433
FUNCTION: process_binary
========================================

MEMBER INFORMATION:
Member ID: 102433
Member Name: S6
Status: 
Rank: Member
Topup: 0.00
Package: 1

FAIL: Member ID 102433 is Inactive / Deactive (Status: , Topup: 0.00). Matching Income skipped.
========================================

========================================
[BINARY DEBUG]
TIME: 2026-10-01 12:00:52
FUNCTION ENTERED: process_binary
USER ID: 105729
========================================

========================================
[BINARY DEBUG]
TIME: 2026-10-01 12:00:52
USER ID: 105729
FUNCTION: process_binary
========================================

MEMBER INFORMATION:
Member ID: 105729
Member Name: S10
Status: 
Rank: Member
Topup: 0.00
Package: 1

FAIL: Member ID 105729 is Inactive / Deactive (Status: , Topup: 0.00). Matching Income skipped.
========================================

========================================
[BINARY DEBUG]
TIME: 2026-10-01 12:00:52
FUNCTION ENTERED: process_binary
USER ID: 125171
========================================

========================================
[BINARY DEBUG]
TIME: 2026-10-01 12:00:52
USER ID: 125171
FUNCTION: process_binary
========================================

MEMBER INFORMATION:
Member ID: 125171
Member Name: Ganesh  sharma
Status: Active
Rank: Member
Topup: 8900.00
Package: 1

TREE / PV INFORMATION:
Total Left PV: 0
Paid Left PV: 0
Available Left PV: 0

Total Right PV: 0
Paid Right PV: 0
Available Right PV: 0

Lifetime Paid Pairs: 0

DIRECT SPONSOR INFORMATION:
Direct Left: 0
Direct Right: 0
(Informational ONLY - Does not block 2:1 / 1:2 PV matching)

PAIR CALCULATION:
BINARY RATIO CHECK:
Left Available: 0
Right Available: 0
Lifetime Previous Pairs: 0

Checking 2:1:
Left >= 2? NO (Left = 0 < 2)
Right >= 1? NO (Right = 0 < 1)

Checking 1:2:
Left >= 1? NO (Left = 0 < 1)
Right >= 2? NO (Right = 0 < 2)

Selected Ratio: NONE
Pairs Calculated: 0
Left PV To Consume: 0
Right PV To Consume: 0
FINAL RESULT = NO PAIR FORMED
Pairs Generated = 0
Payout Generated = 0
Left PV Remaining = 0
Right PV Remaining = 0
========================================

========================================
[BINARY DEBUG]
TIME: 2026-10-01 12:00:52
FUNCTION ENTERED: process_binary
USER ID: 137988
========================================

========================================
[BINARY DEBUG]
TIME: 2026-10-01 12:00:52
USER ID: 137988
FUNCTION: process_binary
========================================

MEMBER INFORMATION:
Member ID: 137988
Member Name: XYZ5
Status: 
Rank: Member
Topup: 0.00
Package: 1

FAIL: Member ID 137988 is Inactive / Deactive (Status: , Topup: 0.00). Matching Income skipped.
========================================

========================================
[BINARY DEBUG]
TIME: 2026-10-01 12:00:52
FUNCTION ENTERED: process_binary
USER ID: 144756
========================================

========================================
[BINARY DEBUG]
TIME: 2026-10-01 12:00:52
USER ID: 144756
FUNCTION: process_binary
========================================

MEMBER INFORMATION:
Member ID: 144756
Member Name: Dr Abhishek jagatap
Status: 
Rank: Member
Topup: 0.00
Package: 1

FAIL: Member ID 144756 is Inactive / Deactive (Status: , Topup: 0.00). Matching Income skipped.
========================================

========================================
[BINARY DEBUG]
TIME: 2026-10-01 12:00:52
FUNCTION ENTERED: process_binary
USER ID: 162703
========================================

========================================
[BINARY DEBUG]
TIME: 2026-10-01 12:00:52
USER ID: 162703
FUNCTION: process_binary
========================================

MEMBER INFORMATION:
Member ID: 162703
Member Name: Ab12
Status: 
Rank: Member
Topup: 0.00
Package: 1

FAIL: Member ID 162703 is Inactive / Deactive (Status: , Topup: 0.00). Matching Income skipped.
========================================

========================================
[BINARY DEBUG]
TIME: 2026-10-01 12:00:52
FUNCTION ENTERED: process_binary
USER ID: 165442
========================================

========================================
[BINARY DEBUG]
TIME: 2026-10-01 12:00:52
USER ID: 165442
FUNCTION: process_binary
========================================

MEMBER INFORMATION:
Member ID: 165442
Member Name: S9
Status: 
Rank: Member
Topup: 0.00
Package: 1

FAIL: Member ID 165442 is Inactive / Deactive (Status: , Topup: 0.00). Matching Income skipped.
========================================

========================================
[BINARY DEBUG]
TIME: 2026-10-01 12:00:52
FUNCTION ENTERED: process_binary
USER ID: 169726
========================================

========================================
[BINARY DEBUG]
TIME: 2026-10-01 12:00:52
USER ID: 169726
FUNCTION: process_binary
========================================

MEMBER INFORMATION:
Member ID: 169726
Member Name: xyz3
Status: 
Rank: Member
Topup: 0.00
Package: 1

FAIL: Member ID 169726 is Inactive / Deactive (Status: , Topup: 0.00). Matching Income skipped.
========================================

========================================
[BINARY DEBUG]
TIME: 2026-10-01 12:00:52
FUNCTION ENTERED: process_binary
USER ID: 170795
========================================

========================================
[BINARY DEBUG]
TIME: 2026-10-01 12:00:52
USER ID: 170795
FUNCTION: process_binary
========================================

MEMBER INFORMATION:
Member ID: 170795
Member Name: SJ7
Status: 
Rank: Member
Topup: 0.00
Package: 1

FAIL: Member ID 170795 is Inactive / Deactive (Status: , Topup: 0.00). Matching Income skipped.
========================================

========================================
[BINARY DEBUG]
TIME: 2026-10-01 12:00:52
FUNCTION ENTERED: process_binary
USER ID: 181192
========================================

========================================
[BINARY DEBUG]
TIME: 2026-10-01 12:00:52
USER ID: 181192
FUNCTION: process_binary
========================================

MEMBER INFORMATION:
Member ID: 181192
Member Name: Ab14
Status: 
Rank: Member
Topup: 0.00
Package: 1

FAIL: Member ID 181192 is Inactive / Deactive (Status: , Topup: 0.00). Matching Income skipped.
========================================

========================================
[BINARY DEBUG]
TIME: 2026-10-01 12:00:52
FUNCTION ENTERED: process_binary
USER ID: 182145
========================================

========================================
[BINARY DEBUG]
TIME: 2026-10-01 12:00:52
USER ID: 182145
FUNCTION: process_binary
========================================

MEMBER INFORMATION:
Member ID: 182145
Member Name: Ab13
Status: 
Rank: Member
Topup: 0.00
Package: 1

FAIL: Member ID 182145 is Inactive / Deactive (Status: , Topup: 0.00). Matching Income skipped.
========================================

========================================
[BINARY DEBUG]
TIME: 2026-10-01 12:00:52
FUNCTION ENTERED: process_binary
USER ID: 190613
========================================

========================================
[BINARY DEBUG]
TIME: 2026-10-01 12:00:52
USER ID: 190613
FUNCTION: process_binary
========================================

MEMBER INFORMATION:
Member ID: 190613
Member Name: S3
Status: 
Rank: Member
Topup: 0.00
Package: 1

FAIL: Member ID 190613 is Inactive / Deactive (Status: , Topup: 0.00). Matching Income skipped.
========================================

========================================
[BINARY DEBUG]
TIME: 2026-10-01 12:00:52
FUNCTION ENTERED: process_binary
USER ID: 217105
========================================

========================================
[BINARY DEBUG]
TIME: 2026-10-01 12:00:52
USER ID: 217105
FUNCTION: process_binary
========================================

MEMBER INFORMATION:
Member ID: 217105
Member Name: Abj1
Status: 
Rank: Member
Topup: 0.00
Package: 1

FAIL: Member ID 217105 is Inactive / Deactive (Status: , Topup: 0.00). Matching Income skipped.
========================================

========================================
[BINARY DEBUG]
TIME: 2026-10-01 12:00:52
FUNCTION ENTERED: process_binary
USER ID: 225419
========================================

========================================
[BINARY DEBUG]
TIME: 2026-10-01 12:00:52
USER ID: 225419
FUNCTION: process_binary
========================================

MEMBER INFORMATION:
Member ID: 225419
Member Name: x10
Status: 
Rank: Member
Topup: 0.00
Package: 1

FAIL: Member ID 225419 is Inactive / Deactive (Status: , Topup: 0.00). Matching Income skipped.
========================================

========================================
[BINARY DEBUG]
TIME: 2026-10-01 12:00:52
FUNCTION ENTERED: process_binary
USER ID: 228742
========================================

========================================
[BINARY DEBUG]
TIME: 2026-10-01 12:00:52
USER ID: 228742
FUNCTION: process_binary
========================================

MEMBER INFORMATION:
Member ID: 228742
Member Name: x2
Status: Suspend
Rank: Member
Topup: 0.00
Package: 1

FAIL: Member ID 228742 is Inactive / Deactive (Status: Suspend, Topup: 0.00). Matching Income skipped.
========================================

========================================
[BINARY DEBUG]
TIME: 2026-10-01 12:00:52
FUNCTION ENTERED: process_binary
USER ID: 233793
========================================

========================================
[BINARY DEBUG]
TIME: 2026-10-01 12:00:52
USER ID: 233793
FUNCTION: process_binary
========================================

MEMBER INFORMATION:
Member ID: 233793
Member Name: S7
Status: 
Rank: Member
Topup: 0.00
Package: 1

FAIL: Member ID 233793 is Inactive / Deactive (Status: , Topup: 0.00). Matching Income skipped.
========================================

========================================
[BINARY DEBUG]
TIME: 2026-10-01 12:00:52
FUNCTION ENTERED: process_binary
USER ID: 237651
========================================

========================================
[BINARY DEBUG]
TIME: 2026-10-01 12:00:52
USER ID: 237651
FUNCTION: process_binary
========================================

MEMBER INFORMATION:
Member ID: 237651
Member Name: S2
Status: 
Rank: Member
Topup: 0.00
Package: 1

FAIL: Member ID 237651 is Inactive / Deactive (Status: , Topup: 0.00). Matching Income skipped.
========================================

========================================
[BINARY DEBUG]
TIME: 2026-10-01 12:00:52
FUNCTION ENTERED: process_binary
USER ID: 243579
========================================

========================================
[BINARY DEBUG]
TIME: 2026-10-01 12:00:52
USER ID: 243579
FUNCTION: process_binary
========================================

MEMBER INFORMATION:
Member ID: 243579
Member Name: Avani mapuskar
Status: Active
Rank: Member
Topup: 8900.00
Package: 1

TREE / PV INFORMATION:
Total Left PV: 0
Paid Left PV: 0
Available Left PV: 0

Total Right PV: 0
Paid Right PV: 0
Available Right PV: 0

Lifetime Paid Pairs: 0

DIRECT SPONSOR INFORMATION:
Direct Left: 0
Direct Right: 0
(Informational ONLY - Does not block 2:1 / 1:2 PV matching)

PAIR CALCULATION:
BINARY RATIO CHECK:
Left Available: 0
Right Available: 0
Lifetime Previous Pairs: 0

Checking 2:1:
Left >= 2? NO (Left = 0 < 2)
Right >= 1? NO (Right = 0 < 1)

Checking 1:2:
Left >= 1? NO (Left = 0 < 1)
Right >= 2? NO (Right = 0 < 2)

Selected Ratio: NONE
Pairs Calculated: 0
Left PV To Consume: 0
Right PV To Consume: 0
FINAL RESULT = NO PAIR FORMED
Pairs Generated = 0
Payout Generated = 0
Left PV Remaining = 0
Right PV Remaining = 0
========================================

========================================
[BINARY DEBUG]
TIME: 2026-10-01 12:00:52
FUNCTION ENTERED: process_binary
USER ID: 245622
========================================

========================================
[BINARY DEBUG]
TIME: 2026-10-01 12:00:52
USER ID: 245622
FUNCTION: process_binary
========================================

MEMBER INFORMATION:
Member ID: 245622
Member Name: SJ5
Status: 
Rank: Member
Topup: 0.00
Package: 1

FAIL: Member ID 245622 is Inactive / Deactive (Status: , Topup: 0.00). Matching Income skipped.
========================================

========================================
[BINARY DEBUG]
TIME: 2026-10-01 12:00:52
FUNCTION ENTERED: process_binary
USER ID: 247117
========================================

========================================
[BINARY DEBUG]
TIME: 2026-10-01 12:00:52
USER ID: 247117
FUNCTION: process_binary
========================================

MEMBER INFORMATION:
Member ID: 247117
Member Name: Rajedra  jadhav
Status: Active
Rank: Member
Topup: 8900.00
Package: 1

TREE / PV INFORMATION:
Total Left PV: 0
Paid Left PV: 0
Available Left PV: 0

Total Right PV: 4
Paid Right PV: 0
Available Right PV: 4

Lifetime Paid Pairs: 0

DIRECT SPONSOR INFORMATION:
Direct Left: 0
Direct Right: 0
(Informational ONLY - Does not block 2:1 / 1:2 PV matching)

PAIR CALCULATION:
BINARY RATIO CHECK:
Left Available: 0
Right Available: 4
Lifetime Previous Pairs: 0

Checking 2:1:
Left >= 2? NO (Left = 0 < 2)
Right >= 1? YES (Right = 4 >= 1)

Checking 1:2:
Left >= 1? NO (Left = 0 < 1)
Right >= 2? YES (Right = 4 >= 2)

Selected Ratio: NONE
Pairs Calculated: 0
Left PV To Consume: 0
Right PV To Consume: 0
FINAL RESULT = NO PAIR FORMED
Pairs Generated = 0
Payout Generated = 0
Left PV Remaining = 0
Right PV Remaining = 4
========================================

========================================
[BINARY DEBUG]
TIME: 2026-10-01 12:00:52
FUNCTION ENTERED: process_binary
USER ID: 250086
========================================

========================================
[BINARY DEBUG]
TIME: 2026-10-01 12:00:52
USER ID: 250086
FUNCTION: process_binary
========================================

MEMBER INFORMATION:
Member ID: 250086
Member Name: Ab19
Status: 
Rank: Member
Topup: 0.00
Package: 1

FAIL: Member ID 250086 is Inactive / Deactive (Status: , Topup: 0.00). Matching Income skipped.
========================================

========================================
[BINARY DEBUG]
TIME: 2026-10-01 12:00:52
FUNCTION ENTERED: process_binary
USER ID: 250656
========================================

========================================
[BINARY DEBUG]
TIME: 2026-10-01 12:00:52
USER ID: 250656
FUNCTION: process_binary
========================================

MEMBER INFORMATION:
Member ID: 250656
Member Name: SJ8
Status: 
Rank: Member
Topup: 0.00
Package: 1

FAIL: Member ID 250656 is Inactive / Deactive (Status: , Topup: 0.00). Matching Income skipped.
========================================

========================================
[BINARY DEBUG]
TIME: 2026-10-01 12:00:52
FUNCTION ENTERED: process_binary
USER ID: 288915
========================================

========================================
[BINARY DEBUG]
TIME: 2026-10-01 12:00:52
USER ID: 288915
FUNCTION: process_binary
========================================

MEMBER INFORMATION:
Member ID: 288915
Member Name: V1
Status: 
Rank: Member
Topup: 0.00
Package: 1

FAIL: Member ID 288915 is Inactive / Deactive (Status: , Topup: 0.00). Matching Income skipped.
========================================

========================================
[BINARY DEBUG]
TIME: 2026-10-01 12:00:52
FUNCTION ENTERED: process_binary
USER ID: 304222
========================================

========================================
[BINARY DEBUG]
TIME: 2026-10-01 12:00:52
USER ID: 304222
FUNCTION: process_binary
========================================

MEMBER INFORMATION:
Member ID: 304222
Member Name: Ab8
Status: 
Rank: Member
Topup: 0.00
Package: 1

FAIL: Member ID 304222 is Inactive / Deactive (Status: , Topup: 0.00). Matching Income skipped.
========================================

========================================
[BINARY DEBUG]
TIME: 2026-10-01 12:00:52
FUNCTION ENTERED: process_binary
USER ID: 306183
========================================

========================================
[BINARY DEBUG]
TIME: 2026-10-01 12:00:52
USER ID: 306183
FUNCTION: process_binary
========================================

MEMBER INFORMATION:
Member ID: 306183
Member Name: xyz4
Status: 
Rank: Member
Topup: 0.00
Package: 1

FAIL: Member ID 306183 is Inactive / Deactive (Status: , Topup: 0.00). Matching Income skipped.
========================================

========================================
[BINARY DEBUG]
TIME: 2026-10-01 12:00:52
FUNCTION ENTERED: process_binary
USER ID: 315152
========================================

========================================
[BINARY DEBUG]
TIME: 2026-10-01 12:00:52
USER ID: 315152
FUNCTION: process_binary
========================================

MEMBER INFORMATION:
Member ID: 315152
Member Name: Ab 10
Status: 
Rank: Member
Topup: 0.00
Package: 1

FAIL: Member ID 315152 is Inactive / Deactive (Status: , Topup: 0.00). Matching Income skipped.
========================================

========================================
[BINARY DEBUG]
TIME: 2026-10-01 12:00:52
FUNCTION ENTERED: process_binary
USER ID: 329246
========================================

========================================
[BINARY DEBUG]
TIME: 2026-10-01 12:00:52
USER ID: 329246
FUNCTION: process_binary
========================================

MEMBER INFORMATION:
Member ID: 329246
Member Name: SANDIP PATIL
Status: Active
Rank: Member
Topup: 8900.00
Package: 1

TREE / PV INFORMATION:
Total Left PV: 14
Paid Left PV: 0
Available Left PV: 14

Total Right PV: 0
Paid Right PV: 0
Available Right PV: 0

Lifetime Paid Pairs: 0

DIRECT SPONSOR INFORMATION:
Direct Left: 0
Direct Right: 0
(Informational ONLY - Does not block 2:1 / 1:2 PV matching)

PAIR CALCULATION:
BINARY RATIO CHECK:
Left Available: 14
Right Available: 0
Lifetime Previous Pairs: 0

Checking 2:1:
Left >= 2? YES (Left = 14 >= 2)
Right >= 1? NO (Right = 0 < 1)

Checking 1:2:
Left >= 1? YES (Left = 14 >= 1)
Right >= 2? NO (Right = 0 < 2)

Selected Ratio: NONE
Pairs Calculated: 0
Left PV To Consume: 0
Right PV To Consume: 0
FINAL RESULT = NO PAIR FORMED
Pairs Generated = 0
Payout Generated = 0
Left PV Remaining = 14
Right PV Remaining = 0
========================================

========================================
[BINARY DEBUG]
TIME: 2026-10-01 12:00:52
FUNCTION ENTERED: process_binary
USER ID: 340209
========================================

========================================
[BINARY DEBUG]
TIME: 2026-10-01 12:00:52
USER ID: 340209
FUNCTION: process_binary
========================================

MEMBER INFORMATION:
Member ID: 340209
Member Name: S8
Status: 
Rank: Member
Topup: 0.00
Package: 1

FAIL: Member ID 340209 is Inactive / Deactive (Status: , Topup: 0.00). Matching Income skipped.
========================================

========================================
[BINARY DEBUG]
TIME: 2026-10-01 12:00:52
FUNCTION ENTERED: process_binary
USER ID: 345333
========================================

========================================
[BINARY DEBUG]
TIME: 2026-10-01 12:00:52
USER ID: 345333
FUNCTION: process_binary
========================================

MEMBER INFORMATION:
Member ID: 345333
Member Name: xyz7
Status: 
Rank: Member
Topup: 0.00
Package: 1

FAIL: Member ID 345333 is Inactive / Deactive (Status: , Topup: 0.00). Matching Income skipped.
========================================

========================================
[BINARY DEBUG]
TIME: 2026-10-01 12:00:52
FUNCTION ENTERED: process_binary
USER ID: 352204
========================================

========================================
[BINARY DEBUG]
TIME: 2026-10-01 12:00:52
USER ID: 352204
FUNCTION: process_binary
========================================

MEMBER INFORMATION:
Member ID: 352204
Member Name: xyz
Status: 
Rank: Member
Topup: 0.00
Package: 1

FAIL: Member ID 352204 is Inactive / Deactive (Status: , Topup: 0.00). Matching Income skipped.
========================================

========================================
[BINARY DEBUG]
TIME: 2026-10-01 12:00:52
FUNCTION ENTERED: process_binary
USER ID: 357973
========================================

========================================
[BINARY DEBUG]
TIME: 2026-10-01 12:00:52
USER ID: 357973
FUNCTION: process_binary
========================================

MEMBER INFORMATION:
Member ID: 357973
Member Name: x9
Status: 
Rank: Member
Topup: 0.00
Package: 1

FAIL: Member ID 357973 is Inactive / Deactive (Status: , Topup: 0.00). Matching Income skipped.
========================================

========================================
[BINARY DEBUG]
TIME: 2026-10-01 12:00:52
FUNCTION ENTERED: process_binary
USER ID: 360931
========================================

========================================
[BINARY DEBUG]
TIME: 2026-10-01 12:00:52
USER ID: 360931
FUNCTION: process_binary
========================================

MEMBER INFORMATION:
Member ID: 360931
Member Name: SJ3
Status: 
Rank: Member
Topup: 0.00
Package: 1

FAIL: Member ID 360931 is Inactive / Deactive (Status: , Topup: 0.00). Matching Income skipped.
========================================

========================================
[BINARY DEBUG]
TIME: 2026-10-01 12:00:52
FUNCTION ENTERED: process_binary
USER ID: 365796
========================================

========================================
[BINARY DEBUG]
TIME: 2026-10-01 12:00:52
USER ID: 365796
FUNCTION: process_binary
========================================

MEMBER INFORMATION:
Member ID: 365796
Member Name: yogesh vibhute
Status: 
Rank: Member
Topup: 0.00
Package: 1

FAIL: Member ID 365796 is Inactive / Deactive (Status: , Topup: 0.00). Matching Income skipped.
========================================

========================================
[BINARY DEBUG]
TIME: 2026-10-01 12:00:52
FUNCTION ENTERED: process_binary
USER ID: 379448
========================================

========================================
[BINARY DEBUG]
TIME: 2026-10-01 12:00:52
USER ID: 379448
FUNCTION: process_binary
========================================

MEMBER INFORMATION:
Member ID: 379448
Member Name: xyz6
Status: 
Rank: Member
Topup: 0.00
Package: 1

FAIL: Member ID 379448 is Inactive / Deactive (Status: , Topup: 0.00). Matching Income skipped.
========================================

========================================
[BINARY DEBUG]
TIME: 2026-10-01 12:00:52
FUNCTION ENTERED: process_binary
USER ID: 380222
========================================

========================================
[BINARY DEBUG]
TIME: 2026-10-01 12:00:52
USER ID: 380222
FUNCTION: process_binary
========================================

MEMBER INFORMATION:
Member ID: 380222
Member Name: S5
Status: 
Rank: Member
Topup: 0.00
Package: 1

FAIL: Member ID 380222 is Inactive / Deactive (Status: , Topup: 0.00). Matching Income skipped.
========================================

========================================
[BINARY DEBUG]
TIME: 2026-10-01 12:00:52
FUNCTION ENTERED: process_binary
USER ID: 388566
========================================

========================================
[BINARY DEBUG]
TIME: 2026-10-01 12:00:52
USER ID: 388566
FUNCTION: process_binary
========================================

MEMBER INFORMATION:
Member ID: 388566
Member Name: Ab7
Status: 
Rank: Member
Topup: 0.00
Package: 1

FAIL: Member ID 388566 is Inactive / Deactive (Status: , Topup: 0.00). Matching Income skipped.
========================================

========================================
[BINARY DEBUG]
TIME: 2026-10-01 12:00:52
FUNCTION ENTERED: process_binary
USER ID: 416894
========================================

========================================
[BINARY DEBUG]
TIME: 2026-10-01 12:00:52
USER ID: 416894
FUNCTION: process_binary
========================================

MEMBER INFORMATION:
Member ID: 416894
Member Name: Abhishek jagatap
Status: 
Rank: Member
Topup: 0.00
Package: 1

FAIL: Member ID 416894 is Inactive / Deactive (Status: , Topup: 0.00). Matching Income skipped.
========================================

========================================
[BINARY DEBUG]
TIME: 2026-10-01 12:00:52
FUNCTION ENTERED: process_binary
USER ID: 417881
========================================

========================================
[BINARY DEBUG]
TIME: 2026-10-01 12:00:52
USER ID: 417881
FUNCTION: process_binary
========================================

MEMBER INFORMATION:
Member ID: 417881
Member Name: S9
Status: 
Rank: Member
Topup: 0.00
Package: 1

FAIL: Member ID 417881 is Inactive / Deactive (Status: , Topup: 0.00). Matching Income skipped.
========================================

========================================
[BINARY DEBUG]
TIME: 2026-10-01 12:00:52
FUNCTION ENTERED: process_binary
USER ID: 432965
========================================

========================================
[BINARY DEBUG]
TIME: 2026-10-01 12:00:52
USER ID: 432965
FUNCTION: process_binary
========================================

MEMBER INFORMATION:
Member ID: 432965
Member Name: D6
Status: 
Rank: Member
Topup: 0.00
Package: 1

FAIL: Member ID 432965 is Inactive / Deactive (Status: , Topup: 0.00). Matching Income skipped.
========================================

========================================
[BINARY DEBUG]
TIME: 2026-10-01 12:00:52
FUNCTION ENTERED: process_binary
USER ID: 435306
========================================

========================================
[BINARY DEBUG]
TIME: 2026-10-01 12:00:52
USER ID: 435306
FUNCTION: process_binary
========================================

MEMBER INFORMATION:
Member ID: 435306
Member Name: V7
Status: 
Rank: Member
Topup: 0.00
Package: 1

FAIL: Member ID 435306 is Inactive / Deactive (Status: , Topup: 0.00). Matching Income skipped.
========================================

========================================
[BINARY DEBUG]
TIME: 2026-10-01 12:00:52
FUNCTION ENTERED: process_binary
USER ID: 458902
========================================

========================================
[BINARY DEBUG]
TIME: 2026-10-01 12:00:52
USER ID: 458902
FUNCTION: process_binary
========================================

MEMBER INFORMATION:
Member ID: 458902
Member Name: Sneha nar
Status: Active
Rank: Member
Topup: 8900.00
Package: 1

TREE / PV INFORMATION:
Total Left PV: 0
Paid Left PV: 0
Available Left PV: 0

Total Right PV: 0
Paid Right PV: 0
Available Right PV: 0

Lifetime Paid Pairs: 0

DIRECT SPONSOR INFORMATION:
Direct Left: 0
Direct Right: 0
(Informational ONLY - Does not block 2:1 / 1:2 PV matching)

PAIR CALCULATION:
BINARY RATIO CHECK:
Left Available: 0
Right Available: 0
Lifetime Previous Pairs: 0

Checking 2:1:
Left >= 2? NO (Left = 0 < 2)
Right >= 1? NO (Right = 0 < 1)

Checking 1:2:
Left >= 1? NO (Left = 0 < 1)
Right >= 2? NO (Right = 0 < 2)

Selected Ratio: NONE
Pairs Calculated: 0
Left PV To Consume: 0
Right PV To Consume: 0
FINAL RESULT = NO PAIR FORMED
Pairs Generated = 0
Payout Generated = 0
Left PV Remaining = 0
Right PV Remaining = 0
========================================

========================================
[BINARY DEBUG]
TIME: 2026-10-01 12:00:52
FUNCTION ENTERED: process_binary
USER ID: 465060
========================================

========================================
[BINARY DEBUG]
TIME: 2026-10-01 12:00:52
USER ID: 465060
FUNCTION: process_binary
========================================

MEMBER INFORMATION:
Member ID: 465060
Member Name: SHUBHAM SANTOSH JADHAV
Status: 
Rank: Member
Topup: 0.00
Package: 1

FAIL: Member ID 465060 is Inactive / Deactive (Status: , Topup: 0.00). Matching Income skipped.
========================================

========================================
[BINARY DEBUG]
TIME: 2026-10-01 12:00:52
FUNCTION ENTERED: process_binary
USER ID: 473462
========================================

========================================
[BINARY DEBUG]
TIME: 2026-10-01 12:00:52
USER ID: 473462
FUNCTION: process_binary
========================================

MEMBER INFORMATION:
Member ID: 473462
Member Name: Rupesh waikul
Status: Active
Rank: Member
Topup: 8900.00
Package: 1

TREE / PV INFORMATION:
Total Left PV: 0
Paid Left PV: 0
Available Left PV: 0

Total Right PV: 0
Paid Right PV: 0
Available Right PV: 0

Lifetime Paid Pairs: 0

DIRECT SPONSOR INFORMATION:
Direct Left: 0
Direct Right: 0
(Informational ONLY - Does not block 2:1 / 1:2 PV matching)

PAIR CALCULATION:
BINARY RATIO CHECK:
Left Available: 0
Right Available: 0
Lifetime Previous Pairs: 0

Checking 2:1:
Left >= 2? NO (Left = 0 < 2)
Right >= 1? NO (Right = 0 < 1)

Checking 1:2:
Left >= 1? NO (Left = 0 < 1)
Right >= 2? NO (Right = 0 < 2)

Selected Ratio: NONE
Pairs Calculated: 0
Left PV To Consume: 0
Right PV To Consume: 0
FINAL RESULT = NO PAIR FORMED
Pairs Generated = 0
Payout Generated = 0
Left PV Remaining = 0
Right PV Remaining = 0
========================================

========================================
[BINARY DEBUG]
TIME: 2026-10-01 12:00:52
FUNCTION ENTERED: process_binary
USER ID: 473536
========================================

========================================
[BINARY DEBUG]
TIME: 2026-10-01 12:00:52
USER ID: 473536
FUNCTION: process_binary
========================================

MEMBER INFORMATION:
Member ID: 473536
Member Name: A2
Status: 
Rank: Member
Topup: 0.00
Package: 1

FAIL: Member ID 473536 is Inactive / Deactive (Status: , Topup: 0.00). Matching Income skipped.
========================================

========================================
[BINARY DEBUG]
TIME: 2026-10-01 12:00:52
FUNCTION ENTERED: process_binary
USER ID: 488132
========================================

========================================
[BINARY DEBUG]
TIME: 2026-10-01 12:00:52
USER ID: 488132
FUNCTION: process_binary
========================================

MEMBER INFORMATION:
Member ID: 488132
Member Name: x5
Status: 
Rank: Member
Topup: 0.00
Package: 1

FAIL: Member ID 488132 is Inactive / Deactive (Status: , Topup: 0.00). Matching Income skipped.
========================================

========================================
[BINARY DEBUG]
TIME: 2026-10-01 12:00:52
FUNCTION ENTERED: process_binary
USER ID: 518417
========================================

========================================
[BINARY DEBUG]
TIME: 2026-10-01 12:00:52
USER ID: 518417
FUNCTION: process_binary
========================================

MEMBER INFORMATION:
Member ID: 518417
Member Name: Abj3
Status: 
Rank: Member
Topup: 0.00
Package: 1

FAIL: Member ID 518417 is Inactive / Deactive (Status: , Topup: 0.00). Matching Income skipped.
========================================

========================================
[BINARY DEBUG]
TIME: 2026-10-01 12:00:52
FUNCTION ENTERED: process_binary
USER ID: 525476
========================================

========================================
[BINARY DEBUG]
TIME: 2026-10-01 12:00:52
USER ID: 525476
FUNCTION: process_binary
========================================

MEMBER INFORMATION:
Member ID: 525476
Member Name: Ab2
Status: 
Rank: Member
Topup: 0.00
Package: 1

FAIL: Member ID 525476 is Inactive / Deactive (Status: , Topup: 0.00). Matching Income skipped.
========================================

========================================
[BINARY DEBUG]
TIME: 2026-10-01 12:00:52
FUNCTION ENTERED: process_binary
USER ID: 532054
========================================

========================================
[BINARY DEBUG]
TIME: 2026-10-01 12:00:52
USER ID: 532054
FUNCTION: process_binary
========================================

MEMBER INFORMATION:
Member ID: 532054
Member Name: S4
Status: 
Rank: Member
Topup: 0.00
Package: 1

FAIL: Member ID 532054 is Inactive / Deactive (Status: , Topup: 0.00). Matching Income skipped.
========================================

========================================
[BINARY DEBUG]
TIME: 2026-10-01 12:00:52
FUNCTION ENTERED: process_binary
USER ID: 536193
========================================

========================================
[BINARY DEBUG]
TIME: 2026-10-01 12:00:52
USER ID: 536193
FUNCTION: process_binary
========================================

MEMBER INFORMATION:
Member ID: 536193
Member Name: V9
Status: 
Rank: Member
Topup: 0.00
Package: 1

FAIL: Member ID 536193 is Inactive / Deactive (Status: , Topup: 0.00). Matching Income skipped.
========================================

========================================
[BINARY DEBUG]
TIME: 2026-10-01 12:00:52
FUNCTION ENTERED: process_binary
USER ID: 536314
========================================

========================================
[BINARY DEBUG]
TIME: 2026-10-01 12:00:52
USER ID: 536314
FUNCTION: process_binary
========================================

MEMBER INFORMATION:
Member ID: 536314
Member Name: yogesh vibhute
Status: 
Rank: Member
Topup: 0.00
Package: 1

FAIL: Member ID 536314 is Inactive / Deactive (Status: , Topup: 0.00). Matching Income skipped.
========================================

========================================
[BINARY DEBUG]
TIME: 2026-10-01 12:00:52
FUNCTION ENTERED: process_binary
USER ID: 537738
========================================

========================================
[BINARY DEBUG]
TIME: 2026-10-01 12:00:52
USER ID: 537738
FUNCTION: process_binary
========================================

MEMBER INFORMATION:
Member ID: 537738
Member Name: swati jagtap
Status: Active
Rank: Member
Topup: 8900.00
Package: 1

TREE / PV INFORMATION:
Total Left PV: 0
Paid Left PV: 0
Available Left PV: 0

Total Right PV: 1
Paid Right PV: 0
Available Right PV: 1

Lifetime Paid Pairs: 0

DIRECT SPONSOR INFORMATION:
Direct Left: 0
Direct Right: 0
(Informational ONLY - Does not block 2:1 / 1:2 PV matching)

PAIR CALCULATION:
BINARY RATIO CHECK:
Left Available: 0
Right Available: 1
Lifetime Previous Pairs: 0

Checking 2:1:
Left >= 2? NO (Left = 0 < 2)
Right >= 1? YES (Right = 1 >= 1)

Checking 1:2:
Left >= 1? NO (Left = 0 < 1)
Right >= 2? NO (Right = 1 < 2)

Selected Ratio: NONE
Pairs Calculated: 0
Left PV To Consume: 0
Right PV To Consume: 0
FINAL RESULT = NO PAIR FORMED
Pairs Generated = 0
Payout Generated = 0
Left PV Remaining = 0
Right PV Remaining = 1
========================================

========================================
[BINARY DEBUG]
TIME: 2026-10-01 12:00:52
FUNCTION ENTERED: process_binary
USER ID: 542226
========================================

========================================
[BINARY DEBUG]
TIME: 2026-10-01 12:00:52
USER ID: 542226
FUNCTION: process_binary
========================================

MEMBER INFORMATION:
Member ID: 542226
Member Name: Sneha nar
Status: Active
Rank: Member
Topup: 8900.00
Package: 1

TREE / PV INFORMATION:
Total Left PV: 0
Paid Left PV: 0
Available Left PV: 0

Total Right PV: 1
Paid Right PV: 0
Available Right PV: 1

Lifetime Paid Pairs: 0

DIRECT SPONSOR INFORMATION:
Direct Left: 0
Direct Right: 1
(Informational ONLY - Does not block 2:1 / 1:2 PV matching)

PAIR CALCULATION:
BINARY RATIO CHECK:
Left Available: 0
Right Available: 1
Lifetime Previous Pairs: 0

Checking 2:1:
Left >= 2? NO (Left = 0 < 2)
Right >= 1? YES (Right = 1 >= 1)

Checking 1:2:
Left >= 1? NO (Left = 0 < 1)
Right >= 2? NO (Right = 1 < 2)

Selected Ratio: NONE
Pairs Calculated: 0
Left PV To Consume: 0
Right PV To Consume: 0
FINAL RESULT = NO PAIR FORMED
Pairs Generated = 0
Payout Generated = 0
Left PV Remaining = 0
Right PV Remaining = 1
========================================

========================================
[BINARY DEBUG]
TIME: 2026-10-01 12:00:52
FUNCTION ENTERED: process_binary
USER ID: 543390
========================================

========================================
[BINARY DEBUG]
TIME: 2026-10-01 12:00:52
USER ID: 543390
FUNCTION: process_binary
========================================

MEMBER INFORMATION:
Member ID: 543390
Member Name: xyz9
Status: 
Rank: Member
Topup: 0.00
Package: 1

FAIL: Member ID 543390 is Inactive / Deactive (Status: , Topup: 0.00). Matching Income skipped.
========================================

========================================
[BINARY DEBUG]
TIME: 2026-10-01 12:00:52
FUNCTION ENTERED: process_binary
USER ID: 563633
========================================

========================================
[BINARY DEBUG]
TIME: 2026-10-01 12:00:52
USER ID: 563633
FUNCTION: process_binary
========================================

MEMBER INFORMATION:
Member ID: 563633
Member Name: x7
Status: 
Rank: Member
Topup: 0.00
Package: 1

FAIL: Member ID 563633 is Inactive / Deactive (Status: , Topup: 0.00). Matching Income skipped.
========================================

========================================
[BINARY DEBUG]
TIME: 2026-10-01 12:00:52
FUNCTION ENTERED: process_binary
USER ID: 572928
========================================

========================================
[BINARY DEBUG]
TIME: 2026-10-01 12:00:52
USER ID: 572928
FUNCTION: process_binary
========================================

MEMBER INFORMATION:
Member ID: 572928
Member Name: Santosh dhondu jadhav
Status: Active
Rank: Member
Topup: 8900.00
Package: 1

TREE / PV INFORMATION:
Total Left PV: 6
Paid Left PV: 6
Available Left PV: 0

Total Right PV: 7
Paid Right PV: 5
Available Right PV: 2

Lifetime Paid Pairs: 5

DIRECT SPONSOR INFORMATION:
Direct Left: 5
Direct Right: 3
(Informational ONLY - Does not block 2:1 / 1:2 PV matching)

PAIR CALCULATION:
BINARY RATIO CHECK:
Left Available: 0
Right Available: 2
Lifetime Previous Pairs: 5

Checking 2:1:
Left >= 2? NO (Left = 0 < 2)
Right >= 1? YES (Right = 2 >= 1)

Checking 1:2:
Left >= 1? NO (Left = 0 < 1)
Right >= 2? YES (Right = 2 >= 2)

Selected Ratio: NONE
Pairs Calculated: 0
Left PV To Consume: 0
Right PV To Consume: 0
FINAL RESULT = NO PAIR FORMED
Pairs Generated = 0
Payout Generated = 0
Left PV Remaining = 0
Right PV Remaining = 2
========================================

========================================
[BINARY DEBUG]
TIME: 2026-10-01 12:00:52
FUNCTION ENTERED: process_binary
USER ID: 576171
========================================

========================================
[BINARY DEBUG]
TIME: 2026-10-01 12:00:52
USER ID: 576171
FUNCTION: process_binary
========================================

MEMBER INFORMATION:
Member ID: 576171
Member Name: A4
Status: 
Rank: Member
Topup: 0.00
Package: 1

FAIL: Member ID 576171 is Inactive / Deactive (Status: , Topup: 0.00). Matching Income skipped.
========================================

========================================
[BINARY DEBUG]
TIME: 2026-10-01 12:00:52
FUNCTION ENTERED: process_binary
USER ID: 584474
========================================

========================================
[BINARY DEBUG]
TIME: 2026-10-01 12:00:52
USER ID: 584474
FUNCTION: process_binary
========================================

MEMBER INFORMATION:
Member ID: 584474
Member Name: shila kadam
Status: Active
Rank: Member
Topup: 8900.00
Package: 1

TREE / PV INFORMATION:
Total Left PV: 1
Paid Left PV: 0
Available Left PV: 1

Total Right PV: 0
Paid Right PV: 0
Available Right PV: 0

Lifetime Paid Pairs: 0

DIRECT SPONSOR INFORMATION:
Direct Left: 0
Direct Right: 0
(Informational ONLY - Does not block 2:1 / 1:2 PV matching)

PAIR CALCULATION:
BINARY RATIO CHECK:
Left Available: 1
Right Available: 0
Lifetime Previous Pairs: 0

Checking 2:1:
Left >= 2? NO (Left = 1 < 2)
Right >= 1? NO (Right = 0 < 1)

Checking 1:2:
Left >= 1? YES (Left = 1 >= 1)
Right >= 2? NO (Right = 0 < 2)

Selected Ratio: NONE
Pairs Calculated: 0
Left PV To Consume: 0
Right PV To Consume: 0
FINAL RESULT = NO PAIR FORMED
Pairs Generated = 0
Payout Generated = 0
Left PV Remaining = 1
Right PV Remaining = 0
========================================

========================================
[BINARY DEBUG]
TIME: 2026-10-01 12:00:52
FUNCTION ENTERED: process_binary
USER ID: 587771
========================================

========================================
[BINARY DEBUG]
TIME: 2026-10-01 12:00:52
USER ID: 587771
FUNCTION: process_binary
========================================

MEMBER INFORMATION:
Member ID: 587771
Member Name: SJ2
Status: 
Rank: Member
Topup: 0.00
Package: 1

FAIL: Member ID 587771 is Inactive / Deactive (Status: , Topup: 0.00). Matching Income skipped.
========================================

========================================
[BINARY DEBUG]
TIME: 2026-10-01 12:00:52
FUNCTION ENTERED: process_binary
USER ID: 587847
========================================

========================================
[BINARY DEBUG]
TIME: 2026-10-01 12:00:52
USER ID: 587847
FUNCTION: process_binary
========================================

MEMBER INFORMATION:
Member ID: 587847
Member Name: Ab1
Status: 
Rank: Member
Topup: 0.00
Package: 1

FAIL: Member ID 587847 is Inactive / Deactive (Status: , Topup: 0.00). Matching Income skipped.
========================================

========================================
[BINARY DEBUG]
TIME: 2026-10-01 12:00:52
FUNCTION ENTERED: process_binary
USER ID: 600562
========================================

========================================
[BINARY DEBUG]
TIME: 2026-10-01 12:00:52
USER ID: 600562
FUNCTION: process_binary
========================================

MEMBER INFORMATION:
Member ID: 600562
Member Name: x3
Status: 
Rank: Member
Topup: 0.00
Package: 1

FAIL: Member ID 600562 is Inactive / Deactive (Status: , Topup: 0.00). Matching Income skipped.
========================================

========================================
[BINARY DEBUG]
TIME: 2026-10-01 12:00:52
FUNCTION ENTERED: process_binary
USER ID: 601329
========================================

========================================
[BINARY DEBUG]
TIME: 2026-10-01 12:00:52
USER ID: 601329
FUNCTION: process_binary
========================================

MEMBER INFORMATION:
Member ID: 601329
Member Name: Abj2
Status: 
Rank: Member
Topup: 0.00
Package: 1

FAIL: Member ID 601329 is Inactive / Deactive (Status: , Topup: 0.00). Matching Income skipped.
========================================

========================================
[BINARY DEBUG]
TIME: 2026-10-01 12:00:52
FUNCTION ENTERED: process_binary
USER ID: 613319
========================================

========================================
[BINARY DEBUG]
TIME: 2026-10-01 12:00:52
USER ID: 613319
FUNCTION: process_binary
========================================

MEMBER INFORMATION:
Member ID: 613319
Member Name: Ab6
Status: 
Rank: Member
Topup: 0.00
Package: 1

FAIL: Member ID 613319 is Inactive / Deactive (Status: , Topup: 0.00). Matching Income skipped.
========================================

========================================
[BINARY DEBUG]
TIME: 2026-10-01 12:00:52
FUNCTION ENTERED: process_binary
USER ID: 618836
========================================

========================================
[BINARY DEBUG]
TIME: 2026-10-01 12:00:52
USER ID: 618836
FUNCTION: process_binary
========================================

MEMBER INFORMATION:
Member ID: 618836
Member Name: Ab17
Status: 
Rank: Member
Topup: 0.00
Package: 1

FAIL: Member ID 618836 is Inactive / Deactive (Status: , Topup: 0.00). Matching Income skipped.
========================================

========================================
[BINARY DEBUG]
TIME: 2026-10-01 12:00:52
FUNCTION ENTERED: process_binary
USER ID: 641071
========================================

========================================
[BINARY DEBUG]
TIME: 2026-10-01 12:00:52
USER ID: 641071
FUNCTION: process_binary
========================================

MEMBER INFORMATION:
Member ID: 641071
Member Name: yogesh vibhute
Status: 
Rank: Member
Topup: 0.00
Package: 1

FAIL: Member ID 641071 is Inactive / Deactive (Status: , Topup: 0.00). Matching Income skipped.
========================================

========================================
[BINARY DEBUG]
TIME: 2026-10-01 12:00:52
FUNCTION ENTERED: process_binary
USER ID: 648234
========================================

========================================
[BINARY DEBUG]
TIME: 2026-10-01 12:00:52
USER ID: 648234
FUNCTION: process_binary
========================================

MEMBER INFORMATION:
Member ID: 648234
Member Name: sushma santosh jadhav
Status: Active
Rank: Member
Topup: 8900.00
Package: 1

TREE / PV INFORMATION:
Total Left PV: 0
Paid Left PV: 0
Available Left PV: 0

Total Right PV: 6
Paid Right PV: 0
Available Right PV: 6

Lifetime Paid Pairs: 0

DIRECT SPONSOR INFORMATION:
Direct Left: 0
Direct Right: 1
(Informational ONLY - Does not block 2:1 / 1:2 PV matching)

PAIR CALCULATION:
BINARY RATIO CHECK:
Left Available: 0
Right Available: 6
Lifetime Previous Pairs: 0

Checking 2:1:
Left >= 2? NO (Left = 0 < 2)
Right >= 1? YES (Right = 6 >= 1)

Checking 1:2:
Left >= 1? NO (Left = 0 < 1)
Right >= 2? YES (Right = 6 >= 2)

Selected Ratio: NONE
Pairs Calculated: 0
Left PV To Consume: 0
Right PV To Consume: 0
FINAL RESULT = NO PAIR FORMED
Pairs Generated = 0
Payout Generated = 0
Left PV Remaining = 0
Right PV Remaining = 6
========================================

========================================
[BINARY DEBUG]
TIME: 2026-10-01 12:00:52
FUNCTION ENTERED: process_binary
USER ID: 658381
========================================

========================================
[BINARY DEBUG]
TIME: 2026-10-01 12:00:52
USER ID: 658381
FUNCTION: process_binary
========================================

MEMBER INFORMATION:
Member ID: 658381
Member Name: xyz2
Status: 
Rank: Member
Topup: 0.00
Package: 1

FAIL: Member ID 658381 is Inactive / Deactive (Status: , Topup: 0.00). Matching Income skipped.
========================================

========================================
[BINARY DEBUG]
TIME: 2026-10-01 12:00:52
FUNCTION ENTERED: process_binary
USER ID: 660503
========================================

========================================
[BINARY DEBUG]
TIME: 2026-10-01 12:00:52
USER ID: 660503
FUNCTION: process_binary
========================================

MEMBER INFORMATION:
Member ID: 660503
Member Name: Santosh dhondu jadhav
Status: Active
Rank: Member
Topup: 8900.00
Package: 1

TREE / PV INFORMATION:
Total Left PV: 0
Paid Left PV: 0
Available Left PV: 0

Total Right PV: 5
Paid Right PV: 0
Available Right PV: 5

Lifetime Paid Pairs: 0

DIRECT SPONSOR INFORMATION:
Direct Left: 0
Direct Right: 0
(Informational ONLY - Does not block 2:1 / 1:2 PV matching)

PAIR CALCULATION:
BINARY RATIO CHECK:
Left Available: 0
Right Available: 5
Lifetime Previous Pairs: 0

Checking 2:1:
Left >= 2? NO (Left = 0 < 2)
Right >= 1? YES (Right = 5 >= 1)

Checking 1:2:
Left >= 1? NO (Left = 0 < 1)
Right >= 2? YES (Right = 5 >= 2)

Selected Ratio: NONE
Pairs Calculated: 0
Left PV To Consume: 0
Right PV To Consume: 0
FINAL RESULT = NO PAIR FORMED
Pairs Generated = 0
Payout Generated = 0
Left PV Remaining = 0
Right PV Remaining = 5
========================================

========================================
[BINARY DEBUG]
TIME: 2026-10-01 12:00:52
FUNCTION ENTERED: process_binary
USER ID: 661505
========================================

========================================
[BINARY DEBUG]
TIME: 2026-10-01 12:00:52
USER ID: 661505
FUNCTION: process_binary
========================================

MEMBER INFORMATION:
Member ID: 661505
Member Name: S2
Status: 
Rank: Member
Topup: 0.00
Package: 1

FAIL: Member ID 661505 is Inactive / Deactive (Status: , Topup: 0.00). Matching Income skipped.
========================================

========================================
[BINARY DEBUG]
TIME: 2026-10-01 12:00:52
FUNCTION ENTERED: process_binary
USER ID: 661678
========================================

========================================
[BINARY DEBUG]
TIME: 2026-10-01 12:00:52
USER ID: 661678
FUNCTION: process_binary
========================================

MEMBER INFORMATION:
Member ID: 661678
Member Name: Shubham santosh jadhav
Status: Active
Rank: Member
Topup: 8900.00
Package: 1

TREE / PV INFORMATION:
Total Left PV: 5
Paid Left PV: 0
Available Left PV: 5

Total Right PV: 0
Paid Right PV: 0
Available Right PV: 0

Lifetime Paid Pairs: 0

DIRECT SPONSOR INFORMATION:
Direct Left: 0
Direct Right: 0
(Informational ONLY - Does not block 2:1 / 1:2 PV matching)

PAIR CALCULATION:
BINARY RATIO CHECK:
Left Available: 5
Right Available: 0
Lifetime Previous Pairs: 0

Checking 2:1:
Left >= 2? YES (Left = 5 >= 2)
Right >= 1? NO (Right = 0 < 1)

Checking 1:2:
Left >= 1? YES (Left = 5 >= 1)
Right >= 2? NO (Right = 0 < 2)

Selected Ratio: NONE
Pairs Calculated: 0
Left PV To Consume: 0
Right PV To Consume: 0
FINAL RESULT = NO PAIR FORMED
Pairs Generated = 0
Payout Generated = 0
Left PV Remaining = 5
Right PV Remaining = 0
========================================

========================================
[BINARY DEBUG]
TIME: 2026-10-01 12:00:52
FUNCTION ENTERED: process_binary
USER ID: 676047
========================================

========================================
[BINARY DEBUG]
TIME: 2026-10-01 12:00:52
USER ID: 676047
FUNCTION: process_binary
========================================

MEMBER INFORMATION:
Member ID: 676047
Member Name: Swati Jagtap
Status: Active
Rank: Member
Topup: 8900.00
Package: 1

TREE / PV INFORMATION:
Total Left PV: 15
Paid Left PV: 0
Available Left PV: 15

Total Right PV: 0
Paid Right PV: 0
Available Right PV: 0

Lifetime Paid Pairs: 0

DIRECT SPONSOR INFORMATION:
Direct Left: 2
Direct Right: 0
(Informational ONLY - Does not block 2:1 / 1:2 PV matching)

PAIR CALCULATION:
BINARY RATIO CHECK:
Left Available: 15
Right Available: 0
Lifetime Previous Pairs: 0

Checking 2:1:
Left >= 2? YES (Left = 15 >= 2)
Right >= 1? NO (Right = 0 < 1)

Checking 1:2:
Left >= 1? YES (Left = 15 >= 1)
Right >= 2? NO (Right = 0 < 2)

Selected Ratio: NONE
Pairs Calculated: 0
Left PV To Consume: 0
Right PV To Consume: 0
FINAL RESULT = NO PAIR FORMED
Pairs Generated = 0
Payout Generated = 0
Left PV Remaining = 15
Right PV Remaining = 0
========================================

========================================
[BINARY DEBUG]
TIME: 2026-10-01 12:00:52
FUNCTION ENTERED: process_binary
USER ID: 680294
========================================

========================================
[BINARY DEBUG]
TIME: 2026-10-01 12:00:52
USER ID: 680294
FUNCTION: process_binary
========================================

MEMBER INFORMATION:
Member ID: 680294
Member Name: Ab11
Status: 
Rank: Member
Topup: 0.00
Package: 1

FAIL: Member ID 680294 is Inactive / Deactive (Status: , Topup: 0.00). Matching Income skipped.
========================================

========================================
[BINARY DEBUG]
TIME: 2026-10-01 12:00:52
FUNCTION ENTERED: process_binary
USER ID: 688532
========================================

========================================
[BINARY DEBUG]
TIME: 2026-10-01 12:00:52
USER ID: 688532
FUNCTION: process_binary
========================================

MEMBER INFORMATION:
Member ID: 688532
Member Name: A4
Status: 
Rank: Member
Topup: 0.00
Package: 1

FAIL: Member ID 688532 is Inactive / Deactive (Status: , Topup: 0.00). Matching Income skipped.
========================================

========================================
[BINARY DEBUG]
TIME: 2026-10-01 12:00:52
FUNCTION ENTERED: process_binary
USER ID: 693489
========================================

========================================
[BINARY DEBUG]
TIME: 2026-10-01 12:00:52
USER ID: 693489
FUNCTION: process_binary
========================================

MEMBER INFORMATION:
Member ID: 693489
Member Name: S7
Status: 
Rank: Member
Topup: 0.00
Package: 1

FAIL: Member ID 693489 is Inactive / Deactive (Status: , Topup: 0.00). Matching Income skipped.
========================================

========================================
[BINARY DEBUG]
TIME: 2026-10-01 12:00:52
FUNCTION ENTERED: process_binary
USER ID: 705615
========================================

========================================
[BINARY DEBUG]
TIME: 2026-10-01 12:00:52
USER ID: 705615
FUNCTION: process_binary
========================================

MEMBER INFORMATION:
Member ID: 705615
Member Name: Yogesh VIBHUTE
Status: 
Rank: Member
Topup: 0.00
Package: 1

FAIL: Member ID 705615 is Inactive / Deactive (Status: , Topup: 0.00). Matching Income skipped.
========================================

========================================
[BINARY DEBUG]
TIME: 2026-10-01 12:00:52
FUNCTION ENTERED: process_binary
USER ID: 707146
========================================

========================================
[BINARY DEBUG]
TIME: 2026-10-01 12:00:52
USER ID: 707146
FUNCTION: process_binary
========================================

MEMBER INFORMATION:
Member ID: 707146
Member Name: V6
Status: 
Rank: Member
Topup: 0.00
Package: 1

FAIL: Member ID 707146 is Inactive / Deactive (Status: , Topup: 0.00). Matching Income skipped.
========================================

========================================
[BINARY DEBUG]
TIME: 2026-10-01 12:00:52
FUNCTION ENTERED: process_binary
USER ID: 712815
========================================

========================================
[BINARY DEBUG]
TIME: 2026-10-01 12:00:52
USER ID: 712815
FUNCTION: process_binary
========================================

MEMBER INFORMATION:
Member ID: 712815
Member Name: SJ4
Status: 
Rank: Member
Topup: 0.00
Package: 1

FAIL: Member ID 712815 is Inactive / Deactive (Status: , Topup: 0.00). Matching Income skipped.
========================================

========================================
[BINARY DEBUG]
TIME: 2026-10-01 12:00:52
FUNCTION ENTERED: process_binary
USER ID: 718420
========================================

========================================
[BINARY DEBUG]
TIME: 2026-10-01 12:00:52
USER ID: 718420
FUNCTION: process_binary
========================================

MEMBER INFORMATION:
Member ID: 718420
Member Name: SJ9
Status: 
Rank: Member
Topup: 0.00
Package: 1

FAIL: Member ID 718420 is Inactive / Deactive (Status: , Topup: 0.00). Matching Income skipped.
========================================

========================================
[BINARY DEBUG]
TIME: 2026-10-01 12:00:52
FUNCTION ENTERED: process_binary
USER ID: 719358
========================================

========================================
[BINARY DEBUG]
TIME: 2026-10-01 12:00:52
USER ID: 719358
FUNCTION: process_binary
========================================

MEMBER INFORMATION:
Member ID: 719358
Member Name: Ab4
Status: 
Rank: Member
Topup: 0.00
Package: 1

FAIL: Member ID 719358 is Inactive / Deactive (Status: , Topup: 0.00). Matching Income skipped.
========================================

========================================
[BINARY DEBUG]
TIME: 2026-10-01 12:00:52
FUNCTION ENTERED: process_binary
USER ID: 724330
========================================

========================================
[BINARY DEBUG]
TIME: 2026-10-01 12:00:52
USER ID: 724330
FUNCTION: process_binary
========================================

MEMBER INFORMATION:
Member ID: 724330
Member Name: x1
Status: 
Rank: Member
Topup: 0.00
Package: 1

FAIL: Member ID 724330 is Inactive / Deactive (Status: , Topup: 0.00). Matching Income skipped.
========================================

========================================
[BINARY DEBUG]
TIME: 2026-10-01 12:00:52
FUNCTION ENTERED: process_binary
USER ID: 738833
========================================

========================================
[BINARY DEBUG]
TIME: 2026-10-01 12:00:52
USER ID: 738833
FUNCTION: process_binary
========================================

MEMBER INFORMATION:
Member ID: 738833
Member Name: Santosh dhondu jadhav
Status: Active
Rank: Member
Topup: 8900.00
Package: 1

TREE / PV INFORMATION:
Total Left PV: 4
Paid Left PV: 0
Available Left PV: 4

Total Right PV: 0
Paid Right PV: 0
Available Right PV: 0

Lifetime Paid Pairs: 0

DIRECT SPONSOR INFORMATION:
Direct Left: 0
Direct Right: 0
(Informational ONLY - Does not block 2:1 / 1:2 PV matching)

PAIR CALCULATION:
BINARY RATIO CHECK:
Left Available: 4
Right Available: 0
Lifetime Previous Pairs: 0

Checking 2:1:
Left >= 2? YES (Left = 4 >= 2)
Right >= 1? NO (Right = 0 < 1)

Checking 1:2:
Left >= 1? YES (Left = 4 >= 1)
Right >= 2? NO (Right = 0 < 2)

Selected Ratio: NONE
Pairs Calculated: 0
Left PV To Consume: 0
Right PV To Consume: 0
FINAL RESULT = NO PAIR FORMED
Pairs Generated = 0
Payout Generated = 0
Left PV Remaining = 4
Right PV Remaining = 0
========================================

========================================
[BINARY DEBUG]
TIME: 2026-10-01 12:00:52
FUNCTION ENTERED: process_binary
USER ID: 745065
========================================

========================================
[BINARY DEBUG]
TIME: 2026-10-01 12:00:52
USER ID: 745065
FUNCTION: process_binary
========================================

MEMBER INFORMATION:
Member ID: 745065
Member Name: Ab3
Status: 
Rank: Member
Topup: 0.00
Package: 1

FAIL: Member ID 745065 is Inactive / Deactive (Status: , Topup: 0.00). Matching Income skipped.
========================================

========================================
[BINARY DEBUG]
TIME: 2026-10-01 12:00:52
FUNCTION ENTERED: process_binary
USER ID: 747553
========================================

========================================
[BINARY DEBUG]
TIME: 2026-10-01 12:00:52
USER ID: 747553
FUNCTION: process_binary
========================================

MEMBER INFORMATION:
Member ID: 747553
Member Name: Abhishek jagatap
Status: 
Rank: Member
Topup: 0.00
Package: 1

FAIL: Member ID 747553 is Inactive / Deactive (Status: , Topup: 0.00). Matching Income skipped.
========================================

========================================
[BINARY DEBUG]
TIME: 2026-10-01 12:00:52
FUNCTION ENTERED: process_binary
USER ID: 748766
========================================

========================================
[BINARY DEBUG]
TIME: 2026-10-01 12:00:52
USER ID: 748766
FUNCTION: process_binary
========================================

MEMBER INFORMATION:
Member ID: 748766
Member Name: S8
Status: 
Rank: Member
Topup: 0.00
Package: 1

FAIL: Member ID 748766 is Inactive / Deactive (Status: , Topup: 0.00). Matching Income skipped.
========================================

========================================
[BINARY DEBUG]
TIME: 2026-10-01 12:00:52
FUNCTION ENTERED: process_binary
USER ID: 750555
========================================

========================================
[BINARY DEBUG]
TIME: 2026-10-01 12:00:52
USER ID: 750555
FUNCTION: process_binary
========================================

MEMBER INFORMATION:
Member ID: 750555
Member Name: Ab5
Status: 
Rank: Member
Topup: 0.00
Package: 1

FAIL: Member ID 750555 is Inactive / Deactive (Status: , Topup: 0.00). Matching Income skipped.
========================================

========================================
[BINARY DEBUG]
TIME: 2026-10-01 12:00:52
FUNCTION ENTERED: process_binary
USER ID: 777020
========================================

========================================
[BINARY DEBUG]
TIME: 2026-10-01 12:00:52
USER ID: 777020
FUNCTION: process_binary
========================================

MEMBER INFORMATION:
Member ID: 777020
Member Name: S4
Status: 
Rank: Member
Topup: 0.00
Package: 1

FAIL: Member ID 777020 is Inactive / Deactive (Status: , Topup: 0.00). Matching Income skipped.
========================================

========================================
[BINARY DEBUG]
TIME: 2026-10-01 12:00:52
FUNCTION ENTERED: process_binary
USER ID: 792551
========================================

========================================
[BINARY DEBUG]
TIME: 2026-10-01 12:00:52
USER ID: 792551
FUNCTION: process_binary
========================================

MEMBER INFORMATION:
Member ID: 792551
Member Name: Abj4
Status: 
Rank: Member
Topup: 0.00
Package: 1

FAIL: Member ID 792551 is Inactive / Deactive (Status: , Topup: 0.00). Matching Income skipped.
========================================

========================================
[BINARY DEBUG]
TIME: 2026-10-01 12:00:52
FUNCTION ENTERED: process_binary
USER ID: 798469
========================================

========================================
[BINARY DEBUG]
TIME: 2026-10-01 12:00:52
USER ID: 798469
FUNCTION: process_binary
========================================

MEMBER INFORMATION:
Member ID: 798469
Member Name: Ab18
Status: 
Rank: Member
Topup: 0.00
Package: 1

FAIL: Member ID 798469 is Inactive / Deactive (Status: , Topup: 0.00). Matching Income skipped.
========================================

========================================
[BINARY DEBUG]
TIME: 2026-10-01 12:00:52
FUNCTION ENTERED: process_binary
USER ID: 800686
========================================

========================================
[BINARY DEBUG]
TIME: 2026-10-01 12:00:52
USER ID: 800686
FUNCTION: process_binary
========================================

MEMBER INFORMATION:
Member ID: 800686
Member Name: D3
Status: 
Rank: Member
Topup: 0.00
Package: 1

FAIL: Member ID 800686 is Inactive / Deactive (Status: , Topup: 0.00). Matching Income skipped.
========================================

========================================
[BINARY DEBUG]
TIME: 2026-10-01 12:00:52
FUNCTION ENTERED: process_binary
USER ID: 806549
========================================

========================================
[BINARY DEBUG]
TIME: 2026-10-01 12:00:52
USER ID: 806549
FUNCTION: process_binary
========================================

MEMBER INFORMATION:
Member ID: 806549
Member Name: Sneha nar
Status: Active
Rank: Member
Topup: 8900.00
Package: 1

TREE / PV INFORMATION:
Total Left PV: 1
Paid Left PV: 1
Available Left PV: 0

Total Right PV: 2
Paid Right PV: 2
Available Right PV: 0

Lifetime Paid Pairs: 1

DIRECT SPONSOR INFORMATION:
Direct Left: 0
Direct Right: 1
(Informational ONLY - Does not block 2:1 / 1:2 PV matching)

PAIR CALCULATION:
BINARY RATIO CHECK:
Left Available: 0
Right Available: 0
Lifetime Previous Pairs: 1

Checking 2:1:
Left >= 2? NO (Left = 0 < 2)
Right >= 1? NO (Right = 0 < 1)

Checking 1:2:
Left >= 1? NO (Left = 0 < 1)
Right >= 2? NO (Right = 0 < 2)

Selected Ratio: NONE
Pairs Calculated: 0
Left PV To Consume: 0
Right PV To Consume: 0
FINAL RESULT = NO PAIR FORMED
Pairs Generated = 0
Payout Generated = 0
Left PV Remaining = 0
Right PV Remaining = 0
========================================

========================================
[BINARY DEBUG]
TIME: 2026-10-01 12:00:52
FUNCTION ENTERED: process_binary
USER ID: 807348
========================================

========================================
[BINARY DEBUG]
TIME: 2026-10-01 12:00:52
USER ID: 807348
FUNCTION: process_binary
========================================

MEMBER INFORMATION:
Member ID: 807348
Member Name: V2
Status: 
Rank: Member
Topup: 0.00
Package: 1

FAIL: Member ID 807348 is Inactive / Deactive (Status: , Topup: 0.00). Matching Income skipped.
========================================

========================================
[BINARY DEBUG]
TIME: 2026-10-01 12:00:52
FUNCTION ENTERED: process_binary
USER ID: 809502
========================================

========================================
[BINARY DEBUG]
TIME: 2026-10-01 12:00:52
USER ID: 809502
FUNCTION: process_binary
========================================

MEMBER INFORMATION:
Member ID: 809502
Member Name: Ab20
Status: 
Rank: Member
Topup: 0.00
Package: 1

FAIL: Member ID 809502 is Inactive / Deactive (Status: , Topup: 0.00). Matching Income skipped.
========================================

========================================
[BINARY DEBUG]
TIME: 2026-10-01 12:00:52
FUNCTION ENTERED: process_binary
USER ID: 810210
========================================

========================================
[BINARY DEBUG]
TIME: 2026-10-01 12:00:52
USER ID: 810210
FUNCTION: process_binary
========================================

MEMBER INFORMATION:
Member ID: 810210
Member Name: D1
Status: 
Rank: Member
Topup: 0.00
Package: 1

FAIL: Member ID 810210 is Inactive / Deactive (Status: , Topup: 0.00). Matching Income skipped.
========================================

========================================
[BINARY DEBUG]
TIME: 2026-10-01 12:00:52
FUNCTION ENTERED: process_binary
USER ID: 810604
========================================

========================================
[BINARY DEBUG]
TIME: 2026-10-01 12:00:52
USER ID: 810604
FUNCTION: process_binary
========================================

MEMBER INFORMATION:
Member ID: 810604
Member Name: x8
Status: 
Rank: Member
Topup: 0.00
Package: 1

FAIL: Member ID 810604 is Inactive / Deactive (Status: , Topup: 0.00). Matching Income skipped.
========================================

========================================
[BINARY DEBUG]
TIME: 2026-10-01 12:00:52
FUNCTION ENTERED: process_binary
USER ID: 812940
========================================

========================================
[BINARY DEBUG]
TIME: 2026-10-01 12:00:52
USER ID: 812940
FUNCTION: process_binary
========================================

MEMBER INFORMATION:
Member ID: 812940
Member Name: Jagruti adiwarakar
Status: Active
Rank: Member
Topup: 8900.00
Package: 1

TREE / PV INFORMATION:
Total Left PV: 3
Paid Left PV: 0
Available Left PV: 3

Total Right PV: 0
Paid Right PV: 0
Available Right PV: 0

Lifetime Paid Pairs: 0

DIRECT SPONSOR INFORMATION:
Direct Left: 1
Direct Right: 0
(Informational ONLY - Does not block 2:1 / 1:2 PV matching)

PAIR CALCULATION:
BINARY RATIO CHECK:
Left Available: 3
Right Available: 0
Lifetime Previous Pairs: 0

Checking 2:1:
Left >= 2? YES (Left = 3 >= 2)
Right >= 1? NO (Right = 0 < 1)

Checking 1:2:
Left >= 1? YES (Left = 3 >= 1)
Right >= 2? NO (Right = 0 < 2)

Selected Ratio: NONE
Pairs Calculated: 0
Left PV To Consume: 0
Right PV To Consume: 0
FINAL RESULT = NO PAIR FORMED
Pairs Generated = 0
Payout Generated = 0
Left PV Remaining = 3
Right PV Remaining = 0
========================================

========================================
[BINARY DEBUG]
TIME: 2026-10-01 12:00:52
FUNCTION ENTERED: process_binary
USER ID: 815248
========================================

========================================
[BINARY DEBUG]
TIME: 2026-10-01 12:00:52
USER ID: 815248
FUNCTION: process_binary
========================================

MEMBER INFORMATION:
Member ID: 815248
Member Name: x3
Status: 
Rank: Member
Topup: 0.00
Package: 1

FAIL: Member ID 815248 is Inactive / Deactive (Status: , Topup: 0.00). Matching Income skipped.
========================================

========================================
[BINARY DEBUG]
TIME: 2026-10-01 12:00:52
FUNCTION ENTERED: process_binary
USER ID: 817956
========================================

========================================
[BINARY DEBUG]
TIME: 2026-10-01 12:00:52
USER ID: 817956
FUNCTION: process_binary
========================================

MEMBER INFORMATION:
Member ID: 817956
Member Name: D7
Status: 
Rank: Member
Topup: 0.00
Package: 1

FAIL: Member ID 817956 is Inactive / Deactive (Status: , Topup: 0.00). Matching Income skipped.
========================================

========================================
[BINARY DEBUG]
TIME: 2026-10-01 12:00:52
FUNCTION ENTERED: process_binary
USER ID: 823448
========================================

========================================
[BINARY DEBUG]
TIME: 2026-10-01 12:00:52
USER ID: 823448
FUNCTION: process_binary
========================================

MEMBER INFORMATION:
Member ID: 823448
Member Name: A3
Status: 
Rank: Member
Topup: 0.00
Package: 1

FAIL: Member ID 823448 is Inactive / Deactive (Status: , Topup: 0.00). Matching Income skipped.
========================================

========================================
[BINARY DEBUG]
TIME: 2026-10-01 12:00:52
FUNCTION ENTERED: process_binary
USER ID: 825106
========================================

========================================
[BINARY DEBUG]
TIME: 2026-10-01 12:00:52
USER ID: 825106
FUNCTION: process_binary
========================================

MEMBER INFORMATION:
Member ID: 825106
Member Name: V8
Status: 
Rank: Member
Topup: 0.00
Package: 1

FAIL: Member ID 825106 is Inactive / Deactive (Status: , Topup: 0.00). Matching Income skipped.
========================================

========================================
[BINARY DEBUG]
TIME: 2026-10-01 12:00:52
FUNCTION ENTERED: process_binary
USER ID: 850226
========================================

========================================
[BINARY DEBUG]
TIME: 2026-10-01 12:00:52
USER ID: 850226
FUNCTION: process_binary
========================================

MEMBER INFORMATION:
Member ID: 850226
Member Name: SJ10
Status: 
Rank: Member
Topup: 0.00
Package: 1

FAIL: Member ID 850226 is Inactive / Deactive (Status: , Topup: 0.00). Matching Income skipped.
========================================

========================================
[BINARY DEBUG]
TIME: 2026-10-01 12:00:52
FUNCTION ENTERED: process_binary
USER ID: 852960
========================================

========================================
[BINARY DEBUG]
TIME: 2026-10-01 12:00:52
USER ID: 852960
FUNCTION: process_binary
========================================

MEMBER INFORMATION:
Member ID: 852960
Member Name: S3
Status: 
Rank: Member
Topup: 0.00
Package: 1

FAIL: Member ID 852960 is Inactive / Deactive (Status: , Topup: 0.00). Matching Income skipped.
========================================

========================================
[BINARY DEBUG]
TIME: 2026-10-01 12:00:52
FUNCTION ENTERED: process_binary
USER ID: 860002
========================================

========================================
[BINARY DEBUG]
TIME: 2026-10-01 12:00:52
USER ID: 860002
FUNCTION: process_binary
========================================

MEMBER INFORMATION:
Member ID: 860002
Member Name: S1
Status: 
Rank: Member
Topup: 0.00
Package: 1

FAIL: Member ID 860002 is Inactive / Deactive (Status: , Topup: 0.00). Matching Income skipped.
========================================

========================================
[BINARY DEBUG]
TIME: 2026-10-01 12:00:52
FUNCTION ENTERED: process_binary
USER ID: 867373
========================================

========================================
[BINARY DEBUG]
TIME: 2026-10-01 12:00:52
USER ID: 867373
FUNCTION: process_binary
========================================

MEMBER INFORMATION:
Member ID: 867373
Member Name: V3
Status: 
Rank: Member
Topup: 0.00
Package: 1

FAIL: Member ID 867373 is Inactive / Deactive (Status: , Topup: 0.00). Matching Income skipped.
========================================

========================================
[BINARY DEBUG]
TIME: 2026-10-01 12:00:52
FUNCTION ENTERED: process_binary
USER ID: 867837
========================================

========================================
[BINARY DEBUG]
TIME: 2026-10-01 12:00:52
USER ID: 867837
FUNCTION: process_binary
========================================

MEMBER INFORMATION:
Member ID: 867837
Member Name: S10
Status: 
Rank: Member
Topup: 0.00
Package: 1

FAIL: Member ID 867837 is Inactive / Deactive (Status: , Topup: 0.00). Matching Income skipped.
========================================

========================================
[BINARY DEBUG]
TIME: 2026-10-01 12:00:52
FUNCTION ENTERED: process_binary
USER ID: 871990
========================================

========================================
[BINARY DEBUG]
TIME: 2026-10-01 12:00:52
USER ID: 871990
FUNCTION: process_binary
========================================

MEMBER INFORMATION:
Member ID: 871990
Member Name: Jayawant adiwarakar
Status: Active
Rank: Member
Topup: 8900.00
Package: 1

TREE / PV INFORMATION:
Total Left PV: 2
Paid Left PV: 0
Available Left PV: 2

Total Right PV: 0
Paid Right PV: 0
Available Right PV: 0

Lifetime Paid Pairs: 0

DIRECT SPONSOR INFORMATION:
Direct Left: 0
Direct Right: 0
(Informational ONLY - Does not block 2:1 / 1:2 PV matching)

PAIR CALCULATION:
BINARY RATIO CHECK:
Left Available: 2
Right Available: 0
Lifetime Previous Pairs: 0

Checking 2:1:
Left >= 2? YES (Left = 2 >= 2)
Right >= 1? NO (Right = 0 < 1)

Checking 1:2:
Left >= 1? YES (Left = 2 >= 1)
Right >= 2? NO (Right = 0 < 2)

Selected Ratio: NONE
Pairs Calculated: 0
Left PV To Consume: 0
Right PV To Consume: 0
FINAL RESULT = NO PAIR FORMED
Pairs Generated = 0
Payout Generated = 0
Left PV Remaining = 2
Right PV Remaining = 0
========================================

========================================
[BINARY DEBUG]
TIME: 2026-10-01 12:00:52
FUNCTION ENTERED: process_binary
USER ID: 872736
========================================

========================================
[BINARY DEBUG]
TIME: 2026-10-01 12:00:52
USER ID: 872736
FUNCTION: process_binary
========================================

MEMBER INFORMATION:
Member ID: 872736
Member Name: V5
Status: 
Rank: Member
Topup: 0.00
Package: 1

FAIL: Member ID 872736 is Inactive / Deactive (Status: , Topup: 0.00). Matching Income skipped.
========================================

========================================
[BINARY DEBUG]
TIME: 2026-10-01 12:00:52
FUNCTION ENTERED: process_binary
USER ID: 880876
========================================

========================================
[BINARY DEBUG]
TIME: 2026-10-01 12:00:52
USER ID: 880876
FUNCTION: process_binary
========================================

MEMBER INFORMATION:
Member ID: 880876
Member Name: xyz7
Status: 
Rank: Member
Topup: 0.00
Package: 1

FAIL: Member ID 880876 is Inactive / Deactive (Status: , Topup: 0.00). Matching Income skipped.
========================================

========================================
[BINARY DEBUG]
TIME: 2026-10-01 12:00:52
FUNCTION ENTERED: process_binary
USER ID: 884661
========================================

========================================
[BINARY DEBUG]
TIME: 2026-10-01 12:00:52
USER ID: 884661
FUNCTION: process_binary
========================================

MEMBER INFORMATION:
Member ID: 884661
Member Name: sagar patil
Status: 
Rank: Member
Topup: 0.00
Package: 1

FAIL: Member ID 884661 is Inactive / Deactive (Status: , Topup: 0.00). Matching Income skipped.
========================================

========================================
[BINARY DEBUG]
TIME: 2026-10-01 12:00:52
FUNCTION ENTERED: process_binary
USER ID: 895344
========================================

========================================
[BINARY DEBUG]
TIME: 2026-10-01 12:00:52
USER ID: 895344
FUNCTION: process_binary
========================================

MEMBER INFORMATION:
Member ID: 895344
Member Name: SJ6
Status: 
Rank: Member
Topup: 0.00
Package: 1

FAIL: Member ID 895344 is Inactive / Deactive (Status: , Topup: 0.00). Matching Income skipped.
========================================

========================================
[BINARY DEBUG]
TIME: 2026-10-01 12:00:52
FUNCTION ENTERED: process_binary
USER ID: 900013
========================================

========================================
[BINARY DEBUG]
TIME: 2026-10-01 12:00:52
USER ID: 900013
FUNCTION: process_binary
========================================

MEMBER INFORMATION:
Member ID: 900013
Member Name: Ab9
Status: 
Rank: Member
Topup: 0.00
Package: 1

FAIL: Member ID 900013 is Inactive / Deactive (Status: , Topup: 0.00). Matching Income skipped.
========================================

========================================
[BINARY DEBUG]
TIME: 2026-10-01 12:00:52
FUNCTION ENTERED: process_binary
USER ID: 907249
========================================

========================================
[BINARY DEBUG]
TIME: 2026-10-01 12:00:52
USER ID: 907249
FUNCTION: process_binary
========================================

MEMBER INFORMATION:
Member ID: 907249
Member Name: S6
Status: 
Rank: Member
Topup: 0.00
Package: 1

FAIL: Member ID 907249 is Inactive / Deactive (Status: , Topup: 0.00). Matching Income skipped.
========================================

========================================
[BINARY DEBUG]
TIME: 2026-10-01 12:00:52
FUNCTION ENTERED: process_binary
USER ID: 907471
========================================

========================================
[BINARY DEBUG]
TIME: 2026-10-01 12:00:52
USER ID: 907471
FUNCTION: process_binary
========================================

MEMBER INFORMATION:
Member ID: 907471
Member Name: V10
Status: 
Rank: Member
Topup: 0.00
Package: 1

FAIL: Member ID 907471 is Inactive / Deactive (Status: , Topup: 0.00). Matching Income skipped.
========================================

========================================
[BINARY DEBUG]
TIME: 2026-10-01 12:00:52
FUNCTION ENTERED: process_binary
USER ID: 921920
========================================

========================================
[BINARY DEBUG]
TIME: 2026-10-01 12:00:52
USER ID: 921920
FUNCTION: process_binary
========================================

MEMBER INFORMATION:
Member ID: 921920
Member Name: Ab16
Status: 
Rank: Member
Topup: 0.00
Package: 1

FAIL: Member ID 921920 is Inactive / Deactive (Status: , Topup: 0.00). Matching Income skipped.
========================================

========================================
[BINARY DEBUG]
TIME: 2026-10-01 12:00:52
FUNCTION ENTERED: process_binary
USER ID: 941139
========================================

========================================
[BINARY DEBUG]
TIME: 2026-10-01 12:00:52
USER ID: 941139
FUNCTION: process_binary
========================================

MEMBER INFORMATION:
Member ID: 941139
Member Name: D2
Status: 
Rank: Member
Topup: 0.00
Package: 1

FAIL: Member ID 941139 is Inactive / Deactive (Status: , Topup: 0.00). Matching Income skipped.
========================================

========================================
[BINARY DEBUG]
TIME: 2026-10-01 12:00:52
FUNCTION ENTERED: process_binary
USER ID: 962055
========================================

========================================
[BINARY DEBUG]
TIME: 2026-10-01 12:00:52
USER ID: 962055
FUNCTION: process_binary
========================================

MEMBER INFORMATION:
Member ID: 962055
Member Name: Ab15
Status: 
Rank: Member
Topup: 0.00
Package: 1

FAIL: Member ID 962055 is Inactive / Deactive (Status: , Topup: 0.00). Matching Income skipped.
========================================

========================================
[BINARY DEBUG]
TIME: 2026-10-01 12:00:52
FUNCTION ENTERED: process_binary
USER ID: 970737
========================================

========================================
[BINARY DEBUG]
TIME: 2026-10-01 12:00:52
USER ID: 970737
FUNCTION: process_binary
========================================

MEMBER INFORMATION:
Member ID: 970737
Member Name: x2
Status: 
Rank: Member
Topup: 0.00
Package: 1

FAIL: Member ID 970737 is Inactive / Deactive (Status: , Topup: 0.00). Matching Income skipped.
========================================

========================================
[BINARY DEBUG]
TIME: 2026-10-01 12:00:52
FUNCTION ENTERED: process_binary
USER ID: 976891
========================================

========================================
[BINARY DEBUG]
TIME: 2026-10-01 12:00:52
USER ID: 976891
FUNCTION: process_binary
========================================

MEMBER INFORMATION:
Member ID: 976891
Member Name: xyz10
Status: 
Rank: Member
Topup: 0.00
Package: 1

FAIL: Member ID 976891 is Inactive / Deactive (Status: , Topup: 0.00). Matching Income skipped.
========================================

========================================
[BINARY DEBUG]
TIME: 2026-10-01 12:00:52
FUNCTION ENTERED: process_binary
USER ID: 985261
========================================

========================================
[BINARY DEBUG]
TIME: 2026-10-01 12:00:52
USER ID: 985261
FUNCTION: process_binary
========================================

MEMBER INFORMATION:
Member ID: 985261
Member Name: S5
Status: 
Rank: Member
Topup: 0.00
Package: 1

FAIL: Member ID 985261 is Inactive / Deactive (Status: , Topup: 0.00). Matching Income skipped.
========================================

========================================
[BINARY DEBUG]
TIME: 2026-10-01 12:00:52
FUNCTION ENTERED: process_binary
USER ID: 988780
========================================

========================================
[BINARY DEBUG]
TIME: 2026-10-01 12:00:52
USER ID: 988780
FUNCTION: process_binary
========================================

MEMBER INFORMATION:
Member ID: 988780
Member Name: Dr Ram  kale
Status: 
Rank: Member
Topup: 0.00
Package: 1

FAIL: Member ID 988780 is Inactive / Deactive (Status: , Topup: 0.00). Matching Income skipped.
========================================

========================================
[BINARY DEBUG]
TIME: 2026-10-01 12:00:55
FUNCTION ENTERED: process_binary
USER ID: 1001
========================================

========================================
[BINARY DEBUG]
TIME: 2026-10-01 12:00:55
USER ID: 1001
FUNCTION: process_binary
========================================

MEMBER INFORMATION:
Member ID: 1001
Member Name: Green Amrut Herbal Multitrade Private Limited
Status: Active
Rank: Member
Topup: 8900.00
Package: 1

TREE / PV INFORMATION:
Total Left PV: 16
Paid Left PV: 3
Available Left PV: 13

Total Right PV: 2
Paid Right PV: 2
Available Right PV: 0

Lifetime Paid Pairs: 2

DIRECT SPONSOR INFORMATION:
Direct Left: 1
Direct Right: 1
(Informational ONLY - Does not block 2:1 / 1:2 PV matching)

PAIR CALCULATION:
BINARY RATIO CHECK:
Left Available: 13
Right Available: 0
Lifetime Previous Pairs: 2

Checking 2:1:
Left >= 2? YES (Left = 13 >= 2)
Right >= 1? NO (Right = 0 < 1)

Checking 1:2:
Left >= 1? YES (Left = 13 >= 1)
Right >= 2? NO (Right = 0 < 2)

Selected Ratio: NONE
Pairs Calculated: 0
Left PV To Consume: 0
Right PV To Consume: 0
FINAL RESULT = NO PAIR FORMED
Pairs Generated = 0
Payout Generated = 0
Left PV Remaining = 13
Right PV Remaining = 0
========================================

========================================
[BINARY DEBUG]
TIME: 2026-10-01 12:00:55
FUNCTION ENTERED: process_binary
USER ID: 102433
========================================

========================================
[BINARY DEBUG]
TIME: 2026-10-01 12:00:55
USER ID: 102433
FUNCTION: process_binary
========================================

MEMBER INFORMATION:
Member ID: 102433
Member Name: S6
Status: 
Rank: Member
Topup: 0.00
Package: 1

FAIL: Member ID 102433 is Inactive / Deactive (Status: , Topup: 0.00). Matching Income skipped.
========================================

========================================
[BINARY DEBUG]
TIME: 2026-10-01 12:00:55
FUNCTION ENTERED: process_binary
USER ID: 105729
========================================

========================================
[BINARY DEBUG]
TIME: 2026-10-01 12:00:55
USER ID: 105729
FUNCTION: process_binary
========================================

MEMBER INFORMATION:
Member ID: 105729
Member Name: S10
Status: 
Rank: Member
Topup: 0.00
Package: 1

FAIL: Member ID 105729 is Inactive / Deactive (Status: , Topup: 0.00). Matching Income skipped.
========================================

========================================
[BINARY DEBUG]
TIME: 2026-10-01 12:00:55
FUNCTION ENTERED: process_binary
USER ID: 125171
========================================

========================================
[BINARY DEBUG]
TIME: 2026-10-01 12:00:55
USER ID: 125171
FUNCTION: process_binary
========================================

MEMBER INFORMATION:
Member ID: 125171
Member Name: Ganesh  sharma
Status: Active
Rank: Member
Topup: 8900.00
Package: 1

TREE / PV INFORMATION:
Total Left PV: 0
Paid Left PV: 0
Available Left PV: 0

Total Right PV: 0
Paid Right PV: 0
Available Right PV: 0

Lifetime Paid Pairs: 0

DIRECT SPONSOR INFORMATION:
Direct Left: 0
Direct Right: 0
(Informational ONLY - Does not block 2:1 / 1:2 PV matching)

PAIR CALCULATION:
BINARY RATIO CHECK:
Left Available: 0
Right Available: 0
Lifetime Previous Pairs: 0

Checking 2:1:
Left >= 2? NO (Left = 0 < 2)
Right >= 1? NO (Right = 0 < 1)

Checking 1:2:
Left >= 1? NO (Left = 0 < 1)
Right >= 2? NO (Right = 0 < 2)

Selected Ratio: NONE
Pairs Calculated: 0
Left PV To Consume: 0
Right PV To Consume: 0
FINAL RESULT = NO PAIR FORMED
Pairs Generated = 0
Payout Generated = 0
Left PV Remaining = 0
Right PV Remaining = 0
========================================

========================================
[BINARY DEBUG]
TIME: 2026-10-01 12:00:55
FUNCTION ENTERED: process_binary
USER ID: 137988
========================================

========================================
[BINARY DEBUG]
TIME: 2026-10-01 12:00:55
USER ID: 137988
FUNCTION: process_binary
========================================

MEMBER INFORMATION:
Member ID: 137988
Member Name: XYZ5
Status: 
Rank: Member
Topup: 0.00
Package: 1

FAIL: Member ID 137988 is Inactive / Deactive (Status: , Topup: 0.00). Matching Income skipped.
========================================

========================================
[BINARY DEBUG]
TIME: 2026-10-01 12:00:55
FUNCTION ENTERED: process_binary
USER ID: 144756
========================================

========================================
[BINARY DEBUG]
TIME: 2026-10-01 12:00:55
USER ID: 144756
FUNCTION: process_binary
========================================

MEMBER INFORMATION:
Member ID: 144756
Member Name: Dr Abhishek jagatap
Status: 
Rank: Member
Topup: 0.00
Package: 1

FAIL: Member ID 144756 is Inactive / Deactive (Status: , Topup: 0.00). Matching Income skipped.
========================================

========================================
[BINARY DEBUG]
TIME: 2026-10-01 12:00:55
FUNCTION ENTERED: process_binary
USER ID: 162703
========================================

========================================
[BINARY DEBUG]
TIME: 2026-10-01 12:00:55
USER ID: 162703
FUNCTION: process_binary
========================================

MEMBER INFORMATION:
Member ID: 162703
Member Name: Ab12
Status: 
Rank: Member
Topup: 0.00
Package: 1

FAIL: Member ID 162703 is Inactive / Deactive (Status: , Topup: 0.00). Matching Income skipped.
========================================

========================================
[BINARY DEBUG]
TIME: 2026-10-01 12:00:55
FUNCTION ENTERED: process_binary
USER ID: 165442
========================================

========================================
[BINARY DEBUG]
TIME: 2026-10-01 12:00:55
USER ID: 165442
FUNCTION: process_binary
========================================

MEMBER INFORMATION:
Member ID: 165442
Member Name: S9
Status: 
Rank: Member
Topup: 0.00
Package: 1

FAIL: Member ID 165442 is Inactive / Deactive (Status: , Topup: 0.00). Matching Income skipped.
========================================

========================================
[BINARY DEBUG]
TIME: 2026-10-01 12:00:55
FUNCTION ENTERED: process_binary
USER ID: 169726
========================================

========================================
[BINARY DEBUG]
TIME: 2026-10-01 12:00:55
USER ID: 169726
FUNCTION: process_binary
========================================

MEMBER INFORMATION:
Member ID: 169726
Member Name: xyz3
Status: 
Rank: Member
Topup: 0.00
Package: 1

FAIL: Member ID 169726 is Inactive / Deactive (Status: , Topup: 0.00). Matching Income skipped.
========================================

========================================
[BINARY DEBUG]
TIME: 2026-10-01 12:00:55
FUNCTION ENTERED: process_binary
USER ID: 170795
========================================

========================================
[BINARY DEBUG]
TIME: 2026-10-01 12:00:55
USER ID: 170795
FUNCTION: process_binary
========================================

MEMBER INFORMATION:
Member ID: 170795
Member Name: SJ7
Status: 
Rank: Member
Topup: 0.00
Package: 1

FAIL: Member ID 170795 is Inactive / Deactive (Status: , Topup: 0.00). Matching Income skipped.
========================================

========================================
[BINARY DEBUG]
TIME: 2026-10-01 12:00:55
FUNCTION ENTERED: process_binary
USER ID: 181192
========================================

========================================
[BINARY DEBUG]
TIME: 2026-10-01 12:00:55
USER ID: 181192
FUNCTION: process_binary
========================================

MEMBER INFORMATION:
Member ID: 181192
Member Name: Ab14
Status: 
Rank: Member
Topup: 0.00
Package: 1

FAIL: Member ID 181192 is Inactive / Deactive (Status: , Topup: 0.00). Matching Income skipped.
========================================

========================================
[BINARY DEBUG]
TIME: 2026-10-01 12:00:55
FUNCTION ENTERED: process_binary
USER ID: 182145
========================================

========================================
[BINARY DEBUG]
TIME: 2026-10-01 12:00:55
USER ID: 182145
FUNCTION: process_binary
========================================

MEMBER INFORMATION:
Member ID: 182145
Member Name: Ab13
Status: 
Rank: Member
Topup: 0.00
Package: 1

FAIL: Member ID 182145 is Inactive / Deactive (Status: , Topup: 0.00). Matching Income skipped.
========================================

========================================
[BINARY DEBUG]
TIME: 2026-10-01 12:00:55
FUNCTION ENTERED: process_binary
USER ID: 190613
========================================

========================================
[BINARY DEBUG]
TIME: 2026-10-01 12:00:55
USER ID: 190613
FUNCTION: process_binary
========================================

MEMBER INFORMATION:
Member ID: 190613
Member Name: S3
Status: 
Rank: Member
Topup: 0.00
Package: 1

FAIL: Member ID 190613 is Inactive / Deactive (Status: , Topup: 0.00). Matching Income skipped.
========================================

========================================
[BINARY DEBUG]
TIME: 2026-10-01 12:00:55
FUNCTION ENTERED: process_binary
USER ID: 217105
========================================

========================================
[BINARY DEBUG]
TIME: 2026-10-01 12:00:55
USER ID: 217105
FUNCTION: process_binary
========================================

MEMBER INFORMATION:
Member ID: 217105
Member Name: Abj1
Status: 
Rank: Member
Topup: 0.00
Package: 1

FAIL: Member ID 217105 is Inactive / Deactive (Status: , Topup: 0.00). Matching Income skipped.
========================================

========================================
[BINARY DEBUG]
TIME: 2026-10-01 12:00:55
FUNCTION ENTERED: process_binary
USER ID: 225419
========================================

========================================
[BINARY DEBUG]
TIME: 2026-10-01 12:00:55
USER ID: 225419
FUNCTION: process_binary
========================================

MEMBER INFORMATION:
Member ID: 225419
Member Name: x10
Status: 
Rank: Member
Topup: 0.00
Package: 1

FAIL: Member ID 225419 is Inactive / Deactive (Status: , Topup: 0.00). Matching Income skipped.
========================================

========================================
[BINARY DEBUG]
TIME: 2026-10-01 12:00:55
FUNCTION ENTERED: process_binary
USER ID: 228742
========================================

========================================
[BINARY DEBUG]
TIME: 2026-10-01 12:00:55
USER ID: 228742
FUNCTION: process_binary
========================================

MEMBER INFORMATION:
Member ID: 228742
Member Name: x2
Status: Suspend
Rank: Member
Topup: 0.00
Package: 1

FAIL: Member ID 228742 is Inactive / Deactive (Status: Suspend, Topup: 0.00). Matching Income skipped.
========================================

========================================
[BINARY DEBUG]
TIME: 2026-10-01 12:00:55
FUNCTION ENTERED: process_binary
USER ID: 233793
========================================

========================================
[BINARY DEBUG]
TIME: 2026-10-01 12:00:55
USER ID: 233793
FUNCTION: process_binary
========================================

MEMBER INFORMATION:
Member ID: 233793
Member Name: S7
Status: 
Rank: Member
Topup: 0.00
Package: 1

FAIL: Member ID 233793 is Inactive / Deactive (Status: , Topup: 0.00). Matching Income skipped.
========================================

========================================
[BINARY DEBUG]
TIME: 2026-10-01 12:00:55
FUNCTION ENTERED: process_binary
USER ID: 237651
========================================

========================================
[BINARY DEBUG]
TIME: 2026-10-01 12:00:55
USER ID: 237651
FUNCTION: process_binary
========================================

MEMBER INFORMATION:
Member ID: 237651
Member Name: S2
Status: 
Rank: Member
Topup: 0.00
Package: 1

FAIL: Member ID 237651 is Inactive / Deactive (Status: , Topup: 0.00). Matching Income skipped.
========================================

========================================
[BINARY DEBUG]
TIME: 2026-10-01 12:00:55
FUNCTION ENTERED: process_binary
USER ID: 243579
========================================

========================================
[BINARY DEBUG]
TIME: 2026-10-01 12:00:55
USER ID: 243579
FUNCTION: process_binary
========================================

MEMBER INFORMATION:
Member ID: 243579
Member Name: Avani mapuskar
Status: Active
Rank: Member
Topup: 8900.00
Package: 1

TREE / PV INFORMATION:
Total Left PV: 0
Paid Left PV: 0
Available Left PV: 0

Total Right PV: 0
Paid Right PV: 0
Available Right PV: 0

Lifetime Paid Pairs: 0

DIRECT SPONSOR INFORMATION:
Direct Left: 0
Direct Right: 0
(Informational ONLY - Does not block 2:1 / 1:2 PV matching)

PAIR CALCULATION:
BINARY RATIO CHECK:
Left Available: 0
Right Available: 0
Lifetime Previous Pairs: 0

Checking 2:1:
Left >= 2? NO (Left = 0 < 2)
Right >= 1? NO (Right = 0 < 1)

Checking 1:2:
Left >= 1? NO (Left = 0 < 1)
Right >= 2? NO (Right = 0 < 2)

Selected Ratio: NONE
Pairs Calculated: 0
Left PV To Consume: 0
Right PV To Consume: 0
FINAL RESULT = NO PAIR FORMED
Pairs Generated = 0
Payout Generated = 0
Left PV Remaining = 0
Right PV Remaining = 0
========================================

========================================
[BINARY DEBUG]
TIME: 2026-10-01 12:00:55
FUNCTION ENTERED: process_binary
USER ID: 245622
========================================

========================================
[BINARY DEBUG]
TIME: 2026-10-01 12:00:55
USER ID: 245622
FUNCTION: process_binary
========================================

MEMBER INFORMATION:
Member ID: 245622
Member Name: SJ5
Status: 
Rank: Member
Topup: 0.00
Package: 1

FAIL: Member ID 245622 is Inactive / Deactive (Status: , Topup: 0.00). Matching Income skipped.
========================================

========================================
[BINARY DEBUG]
TIME: 2026-10-01 12:00:55
FUNCTION ENTERED: process_binary
USER ID: 247117
========================================

========================================
[BINARY DEBUG]
TIME: 2026-10-01 12:00:55
USER ID: 247117
FUNCTION: process_binary
========================================

MEMBER INFORMATION:
Member ID: 247117
Member Name: Rajedra  jadhav
Status: Active
Rank: Member
Topup: 8900.00
Package: 1

TREE / PV INFORMATION:
Total Left PV: 0
Paid Left PV: 0
Available Left PV: 0

Total Right PV: 4
Paid Right PV: 0
Available Right PV: 4

Lifetime Paid Pairs: 0

DIRECT SPONSOR INFORMATION:
Direct Left: 0
Direct Right: 0
(Informational ONLY - Does not block 2:1 / 1:2 PV matching)

PAIR CALCULATION:
BINARY RATIO CHECK:
Left Available: 0
Right Available: 4
Lifetime Previous Pairs: 0

Checking 2:1:
Left >= 2? NO (Left = 0 < 2)
Right >= 1? YES (Right = 4 >= 1)

Checking 1:2:
Left >= 1? NO (Left = 0 < 1)
Right >= 2? YES (Right = 4 >= 2)

Selected Ratio: NONE
Pairs Calculated: 0
Left PV To Consume: 0
Right PV To Consume: 0
FINAL RESULT = NO PAIR FORMED
Pairs Generated = 0
Payout Generated = 0
Left PV Remaining = 0
Right PV Remaining = 4
========================================

========================================
[BINARY DEBUG]
TIME: 2026-10-01 12:00:55
FUNCTION ENTERED: process_binary
USER ID: 250086
========================================

========================================
[BINARY DEBUG]
TIME: 2026-10-01 12:00:55
USER ID: 250086
FUNCTION: process_binary
========================================

MEMBER INFORMATION:
Member ID: 250086
Member Name: Ab19
Status: 
Rank: Member
Topup: 0.00
Package: 1

FAIL: Member ID 250086 is Inactive / Deactive (Status: , Topup: 0.00). Matching Income skipped.
========================================

========================================
[BINARY DEBUG]
TIME: 2026-10-01 12:00:55
FUNCTION ENTERED: process_binary
USER ID: 250656
========================================

========================================
[BINARY DEBUG]
TIME: 2026-10-01 12:00:55
USER ID: 250656
FUNCTION: process_binary
========================================

MEMBER INFORMATION:
Member ID: 250656
Member Name: SJ8
Status: 
Rank: Member
Topup: 0.00
Package: 1

FAIL: Member ID 250656 is Inactive / Deactive (Status: , Topup: 0.00). Matching Income skipped.
========================================

========================================
[BINARY DEBUG]
TIME: 2026-10-01 12:00:55
FUNCTION ENTERED: process_binary
USER ID: 288915
========================================

========================================
[BINARY DEBUG]
TIME: 2026-10-01 12:00:55
USER ID: 288915
FUNCTION: process_binary
========================================

MEMBER INFORMATION:
Member ID: 288915
Member Name: V1
Status: 
Rank: Member
Topup: 0.00
Package: 1

FAIL: Member ID 288915 is Inactive / Deactive (Status: , Topup: 0.00). Matching Income skipped.
========================================

========================================
[BINARY DEBUG]
TIME: 2026-10-01 12:00:55
FUNCTION ENTERED: process_binary
USER ID: 304222
========================================

========================================
[BINARY DEBUG]
TIME: 2026-10-01 12:00:55
USER ID: 304222
FUNCTION: process_binary
========================================

MEMBER INFORMATION:
Member ID: 304222
Member Name: Ab8
Status: 
Rank: Member
Topup: 0.00
Package: 1

FAIL: Member ID 304222 is Inactive / Deactive (Status: , Topup: 0.00). Matching Income skipped.
========================================

========================================
[BINARY DEBUG]
TIME: 2026-10-01 12:00:55
FUNCTION ENTERED: process_binary
USER ID: 306183
========================================

========================================
[BINARY DEBUG]
TIME: 2026-10-01 12:00:55
USER ID: 306183
FUNCTION: process_binary
========================================

MEMBER INFORMATION:
Member ID: 306183
Member Name: xyz4
Status: 
Rank: Member
Topup: 0.00
Package: 1

FAIL: Member ID 306183 is Inactive / Deactive (Status: , Topup: 0.00). Matching Income skipped.
========================================

========================================
[BINARY DEBUG]
TIME: 2026-10-01 12:00:55
FUNCTION ENTERED: process_binary
USER ID: 315152
========================================

========================================
[BINARY DEBUG]
TIME: 2026-10-01 12:00:55
USER ID: 315152
FUNCTION: process_binary
========================================

MEMBER INFORMATION:
Member ID: 315152
Member Name: Ab 10
Status: 
Rank: Member
Topup: 0.00
Package: 1

FAIL: Member ID 315152 is Inactive / Deactive (Status: , Topup: 0.00). Matching Income skipped.
========================================

========================================
[BINARY DEBUG]
TIME: 2026-10-01 12:00:55
FUNCTION ENTERED: process_binary
USER ID: 329246
========================================

========================================
[BINARY DEBUG]
TIME: 2026-10-01 12:00:55
USER ID: 329246
FUNCTION: process_binary
========================================

MEMBER INFORMATION:
Member ID: 329246
Member Name: SANDIP PATIL
Status: Active
Rank: Member
Topup: 8900.00
Package: 1

TREE / PV INFORMATION:
Total Left PV: 14
Paid Left PV: 0
Available Left PV: 14

Total Right PV: 0
Paid Right PV: 0
Available Right PV: 0

Lifetime Paid Pairs: 0

DIRECT SPONSOR INFORMATION:
Direct Left: 0
Direct Right: 0
(Informational ONLY - Does not block 2:1 / 1:2 PV matching)

PAIR CALCULATION:
BINARY RATIO CHECK:
Left Available: 14
Right Available: 0
Lifetime Previous Pairs: 0

Checking 2:1:
Left >= 2? YES (Left = 14 >= 2)
Right >= 1? NO (Right = 0 < 1)

Checking 1:2:
Left >= 1? YES (Left = 14 >= 1)
Right >= 2? NO (Right = 0 < 2)

Selected Ratio: NONE
Pairs Calculated: 0
Left PV To Consume: 0
Right PV To Consume: 0
FINAL RESULT = NO PAIR FORMED
Pairs Generated = 0
Payout Generated = 0
Left PV Remaining = 14
Right PV Remaining = 0
========================================

========================================
[BINARY DEBUG]
TIME: 2026-10-01 12:00:55
FUNCTION ENTERED: process_binary
USER ID: 340209
========================================

========================================
[BINARY DEBUG]
TIME: 2026-10-01 12:00:55
USER ID: 340209
FUNCTION: process_binary
========================================

MEMBER INFORMATION:
Member ID: 340209
Member Name: S8
Status: 
Rank: Member
Topup: 0.00
Package: 1

FAIL: Member ID 340209 is Inactive / Deactive (Status: , Topup: 0.00). Matching Income skipped.
========================================

========================================
[BINARY DEBUG]
TIME: 2026-10-01 12:00:55
FUNCTION ENTERED: process_binary
USER ID: 345333
========================================

========================================
[BINARY DEBUG]
TIME: 2026-10-01 12:00:55
USER ID: 345333
FUNCTION: process_binary
========================================

MEMBER INFORMATION:
Member ID: 345333
Member Name: xyz7
Status: 
Rank: Member
Topup: 0.00
Package: 1

FAIL: Member ID 345333 is Inactive / Deactive (Status: , Topup: 0.00). Matching Income skipped.
========================================

========================================
[BINARY DEBUG]
TIME: 2026-10-01 12:00:55
FUNCTION ENTERED: process_binary
USER ID: 352204
========================================

========================================
[BINARY DEBUG]
TIME: 2026-10-01 12:00:55
USER ID: 352204
FUNCTION: process_binary
========================================

MEMBER INFORMATION:
Member ID: 352204
Member Name: xyz
Status: 
Rank: Member
Topup: 0.00
Package: 1

FAIL: Member ID 352204 is Inactive / Deactive (Status: , Topup: 0.00). Matching Income skipped.
========================================

========================================
[BINARY DEBUG]
TIME: 2026-10-01 12:00:55
FUNCTION ENTERED: process_binary
USER ID: 357973
========================================

========================================
[BINARY DEBUG]
TIME: 2026-10-01 12:00:55
USER ID: 357973
FUNCTION: process_binary
========================================

MEMBER INFORMATION:
Member ID: 357973
Member Name: x9
Status: 
Rank: Member
Topup: 0.00
Package: 1

FAIL: Member ID 357973 is Inactive / Deactive (Status: , Topup: 0.00). Matching Income skipped.
========================================

========================================
[BINARY DEBUG]
TIME: 2026-10-01 12:00:55
FUNCTION ENTERED: process_binary
USER ID: 360931
========================================

========================================
[BINARY DEBUG]
TIME: 2026-10-01 12:00:55
USER ID: 360931
FUNCTION: process_binary
========================================

MEMBER INFORMATION:
Member ID: 360931
Member Name: SJ3
Status: 
Rank: Member
Topup: 0.00
Package: 1

FAIL: Member ID 360931 is Inactive / Deactive (Status: , Topup: 0.00). Matching Income skipped.
========================================

========================================
[BINARY DEBUG]
TIME: 2026-10-01 12:00:55
FUNCTION ENTERED: process_binary
USER ID: 365796
========================================

========================================
[BINARY DEBUG]
TIME: 2026-10-01 12:00:55
USER ID: 365796
FUNCTION: process_binary
========================================

MEMBER INFORMATION:
Member ID: 365796
Member Name: yogesh vibhute
Status: 
Rank: Member
Topup: 0.00
Package: 1

FAIL: Member ID 365796 is Inactive / Deactive (Status: , Topup: 0.00). Matching Income skipped.
========================================

========================================
[BINARY DEBUG]
TIME: 2026-10-01 12:00:55
FUNCTION ENTERED: process_binary
USER ID: 379448
========================================

========================================
[BINARY DEBUG]
TIME: 2026-10-01 12:00:55
USER ID: 379448
FUNCTION: process_binary
========================================

MEMBER INFORMATION:
Member ID: 379448
Member Name: xyz6
Status: 
Rank: Member
Topup: 0.00
Package: 1

FAIL: Member ID 379448 is Inactive / Deactive (Status: , Topup: 0.00). Matching Income skipped.
========================================

========================================
[BINARY DEBUG]
TIME: 2026-10-01 12:00:55
FUNCTION ENTERED: process_binary
USER ID: 380222
========================================

========================================
[BINARY DEBUG]
TIME: 2026-10-01 12:00:55
USER ID: 380222
FUNCTION: process_binary
========================================

MEMBER INFORMATION:
Member ID: 380222
Member Name: S5
Status: 
Rank: Member
Topup: 0.00
Package: 1

FAIL: Member ID 380222 is Inactive / Deactive (Status: , Topup: 0.00). Matching Income skipped.
========================================

========================================
[BINARY DEBUG]
TIME: 2026-10-01 12:00:55
FUNCTION ENTERED: process_binary
USER ID: 388566
========================================

========================================
[BINARY DEBUG]
TIME: 2026-10-01 12:00:55
USER ID: 388566
FUNCTION: process_binary
========================================

MEMBER INFORMATION:
Member ID: 388566
Member Name: Ab7
Status: 
Rank: Member
Topup: 0.00
Package: 1

FAIL: Member ID 388566 is Inactive / Deactive (Status: , Topup: 0.00). Matching Income skipped.
========================================

========================================
[BINARY DEBUG]
TIME: 2026-10-01 12:00:55
FUNCTION ENTERED: process_binary
USER ID: 416894
========================================

========================================
[BINARY DEBUG]
TIME: 2026-10-01 12:00:55
USER ID: 416894
FUNCTION: process_binary
========================================

MEMBER INFORMATION:
Member ID: 416894
Member Name: Abhishek jagatap
Status: 
Rank: Member
Topup: 0.00
Package: 1

FAIL: Member ID 416894 is Inactive / Deactive (Status: , Topup: 0.00). Matching Income skipped.
========================================

========================================
[BINARY DEBUG]
TIME: 2026-10-01 12:00:55
FUNCTION ENTERED: process_binary
USER ID: 417881
========================================

========================================
[BINARY DEBUG]
TIME: 2026-10-01 12:00:55
USER ID: 417881
FUNCTION: process_binary
========================================

MEMBER INFORMATION:
Member ID: 417881
Member Name: S9
Status: 
Rank: Member
Topup: 0.00
Package: 1

FAIL: Member ID 417881 is Inactive / Deactive (Status: , Topup: 0.00). Matching Income skipped.
========================================

========================================
[BINARY DEBUG]
TIME: 2026-10-01 12:00:55
FUNCTION ENTERED: process_binary
USER ID: 432965
========================================

========================================
[BINARY DEBUG]
TIME: 2026-10-01 12:00:55
USER ID: 432965
FUNCTION: process_binary
========================================

MEMBER INFORMATION:
Member ID: 432965
Member Name: D6
Status: 
Rank: Member
Topup: 0.00
Package: 1

FAIL: Member ID 432965 is Inactive / Deactive (Status: , Topup: 0.00). Matching Income skipped.
========================================

========================================
[BINARY DEBUG]
TIME: 2026-10-01 12:00:55
FUNCTION ENTERED: process_binary
USER ID: 435306
========================================

========================================
[BINARY DEBUG]
TIME: 2026-10-01 12:00:55
USER ID: 435306
FUNCTION: process_binary
========================================

MEMBER INFORMATION:
Member ID: 435306
Member Name: V7
Status: 
Rank: Member
Topup: 0.00
Package: 1

FAIL: Member ID 435306 is Inactive / Deactive (Status: , Topup: 0.00). Matching Income skipped.
========================================

========================================
[BINARY DEBUG]
TIME: 2026-10-01 12:00:55
FUNCTION ENTERED: process_binary
USER ID: 458902
========================================

========================================
[BINARY DEBUG]
TIME: 2026-10-01 12:00:55
USER ID: 458902
FUNCTION: process_binary
========================================

MEMBER INFORMATION:
Member ID: 458902
Member Name: Sneha nar
Status: Active
Rank: Member
Topup: 8900.00
Package: 1

TREE / PV INFORMATION:
Total Left PV: 0
Paid Left PV: 0
Available Left PV: 0

Total Right PV: 0
Paid Right PV: 0
Available Right PV: 0

Lifetime Paid Pairs: 0

DIRECT SPONSOR INFORMATION:
Direct Left: 0
Direct Right: 0
(Informational ONLY - Does not block 2:1 / 1:2 PV matching)

PAIR CALCULATION:
BINARY RATIO CHECK:
Left Available: 0
Right Available: 0
Lifetime Previous Pairs: 0

Checking 2:1:
Left >= 2? NO (Left = 0 < 2)
Right >= 1? NO (Right = 0 < 1)

Checking 1:2:
Left >= 1? NO (Left = 0 < 1)
Right >= 2? NO (Right = 0 < 2)

Selected Ratio: NONE
Pairs Calculated: 0
Left PV To Consume: 0
Right PV To Consume: 0
FINAL RESULT = NO PAIR FORMED
Pairs Generated = 0
Payout Generated = 0
Left PV Remaining = 0
Right PV Remaining = 0
========================================

========================================
[BINARY DEBUG]
TIME: 2026-10-01 12:00:55
FUNCTION ENTERED: process_binary
USER ID: 465060
========================================

========================================
[BINARY DEBUG]
TIME: 2026-10-01 12:00:55
USER ID: 465060
FUNCTION: process_binary
========================================

MEMBER INFORMATION:
Member ID: 465060
Member Name: SHUBHAM SANTOSH JADHAV
Status: 
Rank: Member
Topup: 0.00
Package: 1

FAIL: Member ID 465060 is Inactive / Deactive (Status: , Topup: 0.00). Matching Income skipped.
========================================

========================================
[BINARY DEBUG]
TIME: 2026-10-01 12:00:55
FUNCTION ENTERED: process_binary
USER ID: 473462
========================================

========================================
[BINARY DEBUG]
TIME: 2026-10-01 12:00:55
USER ID: 473462
FUNCTION: process_binary
========================================

MEMBER INFORMATION:
Member ID: 473462
Member Name: Rupesh waikul
Status: Active
Rank: Member
Topup: 8900.00
Package: 1

TREE / PV INFORMATION:
Total Left PV: 0
Paid Left PV: 0
Available Left PV: 0

Total Right PV: 0
Paid Right PV: 0
Available Right PV: 0

Lifetime Paid Pairs: 0

DIRECT SPONSOR INFORMATION:
Direct Left: 0
Direct Right: 0
(Informational ONLY - Does not block 2:1 / 1:2 PV matching)

PAIR CALCULATION:
BINARY RATIO CHECK:
Left Available: 0
Right Available: 0
Lifetime Previous Pairs: 0

Checking 2:1:
Left >= 2? NO (Left = 0 < 2)
Right >= 1? NO (Right = 0 < 1)

Checking 1:2:
Left >= 1? NO (Left = 0 < 1)
Right >= 2? NO (Right = 0 < 2)

Selected Ratio: NONE
Pairs Calculated: 0
Left PV To Consume: 0
Right PV To Consume: 0
FINAL RESULT = NO PAIR FORMED
Pairs Generated = 0
Payout Generated = 0
Left PV Remaining = 0
Right PV Remaining = 0
========================================

========================================
[BINARY DEBUG]
TIME: 2026-10-01 12:00:55
FUNCTION ENTERED: process_binary
USER ID: 473536
========================================

========================================
[BINARY DEBUG]
TIME: 2026-10-01 12:00:55
USER ID: 473536
FUNCTION: process_binary
========================================

MEMBER INFORMATION:
Member ID: 473536
Member Name: A2
Status: 
Rank: Member
Topup: 0.00
Package: 1

FAIL: Member ID 473536 is Inactive / Deactive (Status: , Topup: 0.00). Matching Income skipped.
========================================

========================================
[BINARY DEBUG]
TIME: 2026-10-01 12:00:55
FUNCTION ENTERED: process_binary
USER ID: 488132
========================================

========================================
[BINARY DEBUG]
TIME: 2026-10-01 12:00:55
USER ID: 488132
FUNCTION: process_binary
========================================

MEMBER INFORMATION:
Member ID: 488132
Member Name: x5
Status: 
Rank: Member
Topup: 0.00
Package: 1

FAIL: Member ID 488132 is Inactive / Deactive (Status: , Topup: 0.00). Matching Income skipped.
========================================

========================================
[BINARY DEBUG]
TIME: 2026-10-01 12:00:55
FUNCTION ENTERED: process_binary
USER ID: 518417
========================================

========================================
[BINARY DEBUG]
TIME: 2026-10-01 12:00:55
USER ID: 518417
FUNCTION: process_binary
========================================

MEMBER INFORMATION:
Member ID: 518417
Member Name: Abj3
Status: 
Rank: Member
Topup: 0.00
Package: 1

FAIL: Member ID 518417 is Inactive / Deactive (Status: , Topup: 0.00). Matching Income skipped.
========================================

========================================
[BINARY DEBUG]
TIME: 2026-10-01 12:00:55
FUNCTION ENTERED: process_binary
USER ID: 525476
========================================

========================================
[BINARY DEBUG]
TIME: 2026-10-01 12:00:55
USER ID: 525476
FUNCTION: process_binary
========================================

MEMBER INFORMATION:
Member ID: 525476
Member Name: Ab2
Status: 
Rank: Member
Topup: 0.00
Package: 1

FAIL: Member ID 525476 is Inactive / Deactive (Status: , Topup: 0.00). Matching Income skipped.
========================================

========================================
[BINARY DEBUG]
TIME: 2026-10-01 12:00:55
FUNCTION ENTERED: process_binary
USER ID: 532054
========================================

========================================
[BINARY DEBUG]
TIME: 2026-10-01 12:00:55
USER ID: 532054
FUNCTION: process_binary
========================================

MEMBER INFORMATION:
Member ID: 532054
Member Name: S4
Status: 
Rank: Member
Topup: 0.00
Package: 1

FAIL: Member ID 532054 is Inactive / Deactive (Status: , Topup: 0.00). Matching Income skipped.
========================================

========================================
[BINARY DEBUG]
TIME: 2026-10-01 12:00:55
FUNCTION ENTERED: process_binary
USER ID: 536193
========================================

========================================
[BINARY DEBUG]
TIME: 2026-10-01 12:00:55
USER ID: 536193
FUNCTION: process_binary
========================================

MEMBER INFORMATION:
Member ID: 536193
Member Name: V9
Status: 
Rank: Member
Topup: 0.00
Package: 1

FAIL: Member ID 536193 is Inactive / Deactive (Status: , Topup: 0.00). Matching Income skipped.
========================================

========================================
[BINARY DEBUG]
TIME: 2026-10-01 12:00:55
FUNCTION ENTERED: process_binary
USER ID: 536314
========================================

========================================
[BINARY DEBUG]
TIME: 2026-10-01 12:00:55
USER ID: 536314
FUNCTION: process_binary
========================================

MEMBER INFORMATION:
Member ID: 536314
Member Name: yogesh vibhute
Status: 
Rank: Member
Topup: 0.00
Package: 1

FAIL: Member ID 536314 is Inactive / Deactive (Status: , Topup: 0.00). Matching Income skipped.
========================================

========================================
[BINARY DEBUG]
TIME: 2026-10-01 12:00:55
FUNCTION ENTERED: process_binary
USER ID: 537738
========================================

========================================
[BINARY DEBUG]
TIME: 2026-10-01 12:00:55
USER ID: 537738
FUNCTION: process_binary
========================================

MEMBER INFORMATION:
Member ID: 537738
Member Name: swati jagtap
Status: Active
Rank: Member
Topup: 8900.00
Package: 1

TREE / PV INFORMATION:
Total Left PV: 0
Paid Left PV: 0
Available Left PV: 0

Total Right PV: 1
Paid Right PV: 0
Available Right PV: 1

Lifetime Paid Pairs: 0

DIRECT SPONSOR INFORMATION:
Direct Left: 0
Direct Right: 0
(Informational ONLY - Does not block 2:1 / 1:2 PV matching)

PAIR CALCULATION:
BINARY RATIO CHECK:
Left Available: 0
Right Available: 1
Lifetime Previous Pairs: 0

Checking 2:1:
Left >= 2? NO (Left = 0 < 2)
Right >= 1? YES (Right = 1 >= 1)

Checking 1:2:
Left >= 1? NO (Left = 0 < 1)
Right >= 2? NO (Right = 1 < 2)

Selected Ratio: NONE
Pairs Calculated: 0
Left PV To Consume: 0
Right PV To Consume: 0
FINAL RESULT = NO PAIR FORMED
Pairs Generated = 0
Payout Generated = 0
Left PV Remaining = 0
Right PV Remaining = 1
========================================

========================================
[BINARY DEBUG]
TIME: 2026-10-01 12:00:55
FUNCTION ENTERED: process_binary
USER ID: 542226
========================================

========================================
[BINARY DEBUG]
TIME: 2026-10-01 12:00:55
USER ID: 542226
FUNCTION: process_binary
========================================

MEMBER INFORMATION:
Member ID: 542226
Member Name: Sneha nar
Status: Active
Rank: Member
Topup: 8900.00
Package: 1

TREE / PV INFORMATION:
Total Left PV: 0
Paid Left PV: 0
Available Left PV: 0

Total Right PV: 1
Paid Right PV: 0
Available Right PV: 1

Lifetime Paid Pairs: 0

DIRECT SPONSOR INFORMATION:
Direct Left: 0
Direct Right: 1
(Informational ONLY - Does not block 2:1 / 1:2 PV matching)

PAIR CALCULATION:
BINARY RATIO CHECK:
Left Available: 0
Right Available: 1
Lifetime Previous Pairs: 0

Checking 2:1:
Left >= 2? NO (Left = 0 < 2)
Right >= 1? YES (Right = 1 >= 1)

Checking 1:2:
Left >= 1? NO (Left = 0 < 1)
Right >= 2? NO (Right = 1 < 2)

Selected Ratio: NONE
Pairs Calculated: 0
Left PV To Consume: 0
Right PV To Consume: 0
FINAL RESULT = NO PAIR FORMED
Pairs Generated = 0
Payout Generated = 0
Left PV Remaining = 0
Right PV Remaining = 1
========================================

========================================
[BINARY DEBUG]
TIME: 2026-10-01 12:00:55
FUNCTION ENTERED: process_binary
USER ID: 543390
========================================

========================================
[BINARY DEBUG]
TIME: 2026-10-01 12:00:55
USER ID: 543390
FUNCTION: process_binary
========================================

MEMBER INFORMATION:
Member ID: 543390
Member Name: xyz9
Status: 
Rank: Member
Topup: 0.00
Package: 1

FAIL: Member ID 543390 is Inactive / Deactive (Status: , Topup: 0.00). Matching Income skipped.
========================================

========================================
[BINARY DEBUG]
TIME: 2026-10-01 12:00:55
FUNCTION ENTERED: process_binary
USER ID: 563633
========================================

========================================
[BINARY DEBUG]
TIME: 2026-10-01 12:00:55
USER ID: 563633
FUNCTION: process_binary
========================================

MEMBER INFORMATION:
Member ID: 563633
Member Name: x7
Status: 
Rank: Member
Topup: 0.00
Package: 1

FAIL: Member ID 563633 is Inactive / Deactive (Status: , Topup: 0.00). Matching Income skipped.
========================================

========================================
[BINARY DEBUG]
TIME: 2026-10-01 12:00:55
FUNCTION ENTERED: process_binary
USER ID: 572928
========================================

========================================
[BINARY DEBUG]
TIME: 2026-10-01 12:00:55
USER ID: 572928
FUNCTION: process_binary
========================================

MEMBER INFORMATION:
Member ID: 572928
Member Name: Santosh dhondu jadhav
Status: Active
Rank: Member
Topup: 8900.00
Package: 1

TREE / PV INFORMATION:
Total Left PV: 6
Paid Left PV: 6
Available Left PV: 0

Total Right PV: 7
Paid Right PV: 5
Available Right PV: 2

Lifetime Paid Pairs: 5

DIRECT SPONSOR INFORMATION:
Direct Left: 5
Direct Right: 3
(Informational ONLY - Does not block 2:1 / 1:2 PV matching)

PAIR CALCULATION:
BINARY RATIO CHECK:
Left Available: 0
Right Available: 2
Lifetime Previous Pairs: 5

Checking 2:1:
Left >= 2? NO (Left = 0 < 2)
Right >= 1? YES (Right = 2 >= 1)

Checking 1:2:
Left >= 1? NO (Left = 0 < 1)
Right >= 2? YES (Right = 2 >= 2)

Selected Ratio: NONE
Pairs Calculated: 0
Left PV To Consume: 0
Right PV To Consume: 0
FINAL RESULT = NO PAIR FORMED
Pairs Generated = 0
Payout Generated = 0
Left PV Remaining = 0
Right PV Remaining = 2
========================================

========================================
[BINARY DEBUG]
TIME: 2026-10-01 12:00:55
FUNCTION ENTERED: process_binary
USER ID: 576171
========================================

========================================
[BINARY DEBUG]
TIME: 2026-10-01 12:00:55
USER ID: 576171
FUNCTION: process_binary
========================================

MEMBER INFORMATION:
Member ID: 576171
Member Name: A4
Status: 
Rank: Member
Topup: 0.00
Package: 1

FAIL: Member ID 576171 is Inactive / Deactive (Status: , Topup: 0.00). Matching Income skipped.
========================================

========================================
[BINARY DEBUG]
TIME: 2026-10-01 12:00:55
FUNCTION ENTERED: process_binary
USER ID: 584474
========================================

========================================
[BINARY DEBUG]
TIME: 2026-10-01 12:00:55
USER ID: 584474
FUNCTION: process_binary
========================================

MEMBER INFORMATION:
Member ID: 584474
Member Name: shila kadam
Status: Active
Rank: Member
Topup: 8900.00
Package: 1

TREE / PV INFORMATION:
Total Left PV: 1
Paid Left PV: 0
Available Left PV: 1

Total Right PV: 0
Paid Right PV: 0
Available Right PV: 0

Lifetime Paid Pairs: 0

DIRECT SPONSOR INFORMATION:
Direct Left: 0
Direct Right: 0
(Informational ONLY - Does not block 2:1 / 1:2 PV matching)

PAIR CALCULATION:
BINARY RATIO CHECK:
Left Available: 1
Right Available: 0
Lifetime Previous Pairs: 0

Checking 2:1:
Left >= 2? NO (Left = 1 < 2)
Right >= 1? NO (Right = 0 < 1)

Checking 1:2:
Left >= 1? YES (Left = 1 >= 1)
Right >= 2? NO (Right = 0 < 2)

Selected Ratio: NONE
Pairs Calculated: 0
Left PV To Consume: 0
Right PV To Consume: 0
FINAL RESULT = NO PAIR FORMED
Pairs Generated = 0
Payout Generated = 0
Left PV Remaining = 1
Right PV Remaining = 0
========================================

========================================
[BINARY DEBUG]
TIME: 2026-10-01 12:00:55
FUNCTION ENTERED: process_binary
USER ID: 587771
========================================

========================================
[BINARY DEBUG]
TIME: 2026-10-01 12:00:55
USER ID: 587771
FUNCTION: process_binary
========================================

MEMBER INFORMATION:
Member ID: 587771
Member Name: SJ2
Status: 
Rank: Member
Topup: 0.00
Package: 1

FAIL: Member ID 587771 is Inactive / Deactive (Status: , Topup: 0.00). Matching Income skipped.
========================================

========================================
[BINARY DEBUG]
TIME: 2026-10-01 12:00:55
FUNCTION ENTERED: process_binary
USER ID: 587847
========================================

========================================
[BINARY DEBUG]
TIME: 2026-10-01 12:00:55
USER ID: 587847
FUNCTION: process_binary
========================================

MEMBER INFORMATION:
Member ID: 587847
Member Name: Ab1
Status: 
Rank: Member
Topup: 0.00
Package: 1

FAIL: Member ID 587847 is Inactive / Deactive (Status: , Topup: 0.00). Matching Income skipped.
========================================

========================================
[BINARY DEBUG]
TIME: 2026-10-01 12:00:55
FUNCTION ENTERED: process_binary
USER ID: 600562
========================================

========================================
[BINARY DEBUG]
TIME: 2026-10-01 12:00:55
USER ID: 600562
FUNCTION: process_binary
========================================

MEMBER INFORMATION:
Member ID: 600562
Member Name: x3
Status: 
Rank: Member
Topup: 0.00
Package: 1

FAIL: Member ID 600562 is Inactive / Deactive (Status: , Topup: 0.00). Matching Income skipped.
========================================

========================================
[BINARY DEBUG]
TIME: 2026-10-01 12:00:55
FUNCTION ENTERED: process_binary
USER ID: 601329
========================================

========================================
[BINARY DEBUG]
TIME: 2026-10-01 12:00:55
USER ID: 601329
FUNCTION: process_binary
========================================

MEMBER INFORMATION:
Member ID: 601329
Member Name: Abj2
Status: 
Rank: Member
Topup: 0.00
Package: 1

FAIL: Member ID 601329 is Inactive / Deactive (Status: , Topup: 0.00). Matching Income skipped.
========================================

========================================
[BINARY DEBUG]
TIME: 2026-10-01 12:00:55
FUNCTION ENTERED: process_binary
USER ID: 613319
========================================

========================================
[BINARY DEBUG]
TIME: 2026-10-01 12:00:55
USER ID: 613319
FUNCTION: process_binary
========================================

MEMBER INFORMATION:
Member ID: 613319
Member Name: Ab6
Status: 
Rank: Member
Topup: 0.00
Package: 1

FAIL: Member ID 613319 is Inactive / Deactive (Status: , Topup: 0.00). Matching Income skipped.
========================================

========================================
[BINARY DEBUG]
TIME: 2026-10-01 12:00:55
FUNCTION ENTERED: process_binary
USER ID: 618836
========================================

========================================
[BINARY DEBUG]
TIME: 2026-10-01 12:00:55
USER ID: 618836
FUNCTION: process_binary
========================================

MEMBER INFORMATION:
Member ID: 618836
Member Name: Ab17
Status: 
Rank: Member
Topup: 0.00
Package: 1

FAIL: Member ID 618836 is Inactive / Deactive (Status: , Topup: 0.00). Matching Income skipped.
========================================

========================================
[BINARY DEBUG]
TIME: 2026-10-01 12:00:55
FUNCTION ENTERED: process_binary
USER ID: 641071
========================================

========================================
[BINARY DEBUG]
TIME: 2026-10-01 12:00:55
USER ID: 641071
FUNCTION: process_binary
========================================

MEMBER INFORMATION:
Member ID: 641071
Member Name: yogesh vibhute
Status: 
Rank: Member
Topup: 0.00
Package: 1

FAIL: Member ID 641071 is Inactive / Deactive (Status: , Topup: 0.00). Matching Income skipped.
========================================

========================================
[BINARY DEBUG]
TIME: 2026-10-01 12:00:55
FUNCTION ENTERED: process_binary
USER ID: 648234
========================================

========================================
[BINARY DEBUG]
TIME: 2026-10-01 12:00:55
USER ID: 648234
FUNCTION: process_binary
========================================

MEMBER INFORMATION:
Member ID: 648234
Member Name: sushma santosh jadhav
Status: Active
Rank: Member
Topup: 8900.00
Package: 1

TREE / PV INFORMATION:
Total Left PV: 0
Paid Left PV: 0
Available Left PV: 0

Total Right PV: 6
Paid Right PV: 0
Available Right PV: 6

Lifetime Paid Pairs: 0

DIRECT SPONSOR INFORMATION:
Direct Left: 0
Direct Right: 1
(Informational ONLY - Does not block 2:1 / 1:2 PV matching)

PAIR CALCULATION:
BINARY RATIO CHECK:
Left Available: 0
Right Available: 6
Lifetime Previous Pairs: 0

Checking 2:1:
Left >= 2? NO (Left = 0 < 2)
Right >= 1? YES (Right = 6 >= 1)

Checking 1:2:
Left >= 1? NO (Left = 0 < 1)
Right >= 2? YES (Right = 6 >= 2)

Selected Ratio: NONE
Pairs Calculated: 0
Left PV To Consume: 0
Right PV To Consume: 0
FINAL RESULT = NO PAIR FORMED
Pairs Generated = 0
Payout Generated = 0
Left PV Remaining = 0
Right PV Remaining = 6
========================================

========================================
[BINARY DEBUG]
TIME: 2026-10-01 12:00:55
FUNCTION ENTERED: process_binary
USER ID: 658381
========================================

========================================
[BINARY DEBUG]
TIME: 2026-10-01 12:00:55
USER ID: 658381
FUNCTION: process_binary
========================================

MEMBER INFORMATION:
Member ID: 658381
Member Name: xyz2
Status: 
Rank: Member
Topup: 0.00
Package: 1

FAIL: Member ID 658381 is Inactive / Deactive (Status: , Topup: 0.00). Matching Income skipped.
========================================

========================================
[BINARY DEBUG]
TIME: 2026-10-01 12:00:55
FUNCTION ENTERED: process_binary
USER ID: 660503
========================================

========================================
[BINARY DEBUG]
TIME: 2026-10-01 12:00:55
USER ID: 660503
FUNCTION: process_binary
========================================

MEMBER INFORMATION:
Member ID: 660503
Member Name: Santosh dhondu jadhav
Status: Active
Rank: Member
Topup: 8900.00
Package: 1

TREE / PV INFORMATION:
Total Left PV: 0
Paid Left PV: 0
Available Left PV: 0

Total Right PV: 5
Paid Right PV: 0
Available Right PV: 5

Lifetime Paid Pairs: 0

DIRECT SPONSOR INFORMATION:
Direct Left: 0
Direct Right: 0
(Informational ONLY - Does not block 2:1 / 1:2 PV matching)

PAIR CALCULATION:
BINARY RATIO CHECK:
Left Available: 0
Right Available: 5
Lifetime Previous Pairs: 0

Checking 2:1:
Left >= 2? NO (Left = 0 < 2)
Right >= 1? YES (Right = 5 >= 1)

Checking 1:2:
Left >= 1? NO (Left = 0 < 1)
Right >= 2? YES (Right = 5 >= 2)

Selected Ratio: NONE
Pairs Calculated: 0
Left PV To Consume: 0
Right PV To Consume: 0
FINAL RESULT = NO PAIR FORMED
Pairs Generated = 0
Payout Generated = 0
Left PV Remaining = 0
Right PV Remaining = 5
========================================

========================================
[BINARY DEBUG]
TIME: 2026-10-01 12:00:55
FUNCTION ENTERED: process_binary
USER ID: 661505
========================================

========================================
[BINARY DEBUG]
TIME: 2026-10-01 12:00:55
USER ID: 661505
FUNCTION: process_binary
========================================

MEMBER INFORMATION:
Member ID: 661505
Member Name: S2
Status: 
Rank: Member
Topup: 0.00
Package: 1

FAIL: Member ID 661505 is Inactive / Deactive (Status: , Topup: 0.00). Matching Income skipped.
========================================

========================================
[BINARY DEBUG]
TIME: 2026-10-01 12:00:55
FUNCTION ENTERED: process_binary
USER ID: 661678
========================================

========================================
[BINARY DEBUG]
TIME: 2026-10-01 12:00:55
USER ID: 661678
FUNCTION: process_binary
========================================

MEMBER INFORMATION:
Member ID: 661678
Member Name: Shubham santosh jadhav
Status: Active
Rank: Member
Topup: 8900.00
Package: 1

TREE / PV INFORMATION:
Total Left PV: 5
Paid Left PV: 0
Available Left PV: 5

Total Right PV: 0
Paid Right PV: 0
Available Right PV: 0

Lifetime Paid Pairs: 0

DIRECT SPONSOR INFORMATION:
Direct Left: 0
Direct Right: 0
(Informational ONLY - Does not block 2:1 / 1:2 PV matching)

PAIR CALCULATION:
BINARY RATIO CHECK:
Left Available: 5
Right Available: 0
Lifetime Previous Pairs: 0

Checking 2:1:
Left >= 2? YES (Left = 5 >= 2)
Right >= 1? NO (Right = 0 < 1)

Checking 1:2:
Left >= 1? YES (Left = 5 >= 1)
Right >= 2? NO (Right = 0 < 2)

Selected Ratio: NONE
Pairs Calculated: 0
Left PV To Consume: 0
Right PV To Consume: 0
FINAL RESULT = NO PAIR FORMED
Pairs Generated = 0
Payout Generated = 0
Left PV Remaining = 5
Right PV Remaining = 0
========================================

========================================
[BINARY DEBUG]
TIME: 2026-10-01 12:00:55
FUNCTION ENTERED: process_binary
USER ID: 676047
========================================

========================================
[BINARY DEBUG]
TIME: 2026-10-01 12:00:55
USER ID: 676047
FUNCTION: process_binary
========================================

MEMBER INFORMATION:
Member ID: 676047
Member Name: Swati Jagtap
Status: Active
Rank: Member
Topup: 8900.00
Package: 1

TREE / PV INFORMATION:
Total Left PV: 15
Paid Left PV: 0
Available Left PV: 15

Total Right PV: 0
Paid Right PV: 0
Available Right PV: 0

Lifetime Paid Pairs: 0

DIRECT SPONSOR INFORMATION:
Direct Left: 2
Direct Right: 0
(Informational ONLY - Does not block 2:1 / 1:2 PV matching)

PAIR CALCULATION:
BINARY RATIO CHECK:
Left Available: 15
Right Available: 0
Lifetime Previous Pairs: 0

Checking 2:1:
Left >= 2? YES (Left = 15 >= 2)
Right >= 1? NO (Right = 0 < 1)

Checking 1:2:
Left >= 1? YES (Left = 15 >= 1)
Right >= 2? NO (Right = 0 < 2)

Selected Ratio: NONE
Pairs Calculated: 0
Left PV To Consume: 0
Right PV To Consume: 0
FINAL RESULT = NO PAIR FORMED
Pairs Generated = 0
Payout Generated = 0
Left PV Remaining = 15
Right PV Remaining = 0
========================================

========================================
[BINARY DEBUG]
TIME: 2026-10-01 12:00:55
FUNCTION ENTERED: process_binary
USER ID: 680294
========================================

========================================
[BINARY DEBUG]
TIME: 2026-10-01 12:00:55
USER ID: 680294
FUNCTION: process_binary
========================================

MEMBER INFORMATION:
Member ID: 680294
Member Name: Ab11
Status: 
Rank: Member
Topup: 0.00
Package: 1

FAIL: Member ID 680294 is Inactive / Deactive (Status: , Topup: 0.00). Matching Income skipped.
========================================

========================================
[BINARY DEBUG]
TIME: 2026-10-01 12:00:55
FUNCTION ENTERED: process_binary
USER ID: 688532
========================================

========================================
[BINARY DEBUG]
TIME: 2026-10-01 12:00:55
USER ID: 688532
FUNCTION: process_binary
========================================

MEMBER INFORMATION:
Member ID: 688532
Member Name: A4
Status: 
Rank: Member
Topup: 0.00
Package: 1

FAIL: Member ID 688532 is Inactive / Deactive (Status: , Topup: 0.00). Matching Income skipped.
========================================

========================================
[BINARY DEBUG]
TIME: 2026-10-01 12:00:55
FUNCTION ENTERED: process_binary
USER ID: 693489
========================================

========================================
[BINARY DEBUG]
TIME: 2026-10-01 12:00:55
USER ID: 693489
FUNCTION: process_binary
========================================

MEMBER INFORMATION:
Member ID: 693489
Member Name: S7
Status: 
Rank: Member
Topup: 0.00
Package: 1

FAIL: Member ID 693489 is Inactive / Deactive (Status: , Topup: 0.00). Matching Income skipped.
========================================

========================================
[BINARY DEBUG]
TIME: 2026-10-01 12:00:55
FUNCTION ENTERED: process_binary
USER ID: 705615
========================================

========================================
[BINARY DEBUG]
TIME: 2026-10-01 12:00:55
USER ID: 705615
FUNCTION: process_binary
========================================

MEMBER INFORMATION:
Member ID: 705615
Member Name: Yogesh VIBHUTE
Status: 
Rank: Member
Topup: 0.00
Package: 1

FAIL: Member ID 705615 is Inactive / Deactive (Status: , Topup: 0.00). Matching Income skipped.
========================================

========================================
[BINARY DEBUG]
TIME: 2026-10-01 12:00:55
FUNCTION ENTERED: process_binary
USER ID: 707146
========================================

========================================
[BINARY DEBUG]
TIME: 2026-10-01 12:00:55
USER ID: 707146
FUNCTION: process_binary
========================================

MEMBER INFORMATION:
Member ID: 707146
Member Name: V6
Status: 
Rank: Member
Topup: 0.00
Package: 1

FAIL: Member ID 707146 is Inactive / Deactive (Status: , Topup: 0.00). Matching Income skipped.
========================================

========================================
[BINARY DEBUG]
TIME: 2026-10-01 12:00:55
FUNCTION ENTERED: process_binary
USER ID: 712815
========================================

========================================
[BINARY DEBUG]
TIME: 2026-10-01 12:00:55
USER ID: 712815
FUNCTION: process_binary
========================================

MEMBER INFORMATION:
Member ID: 712815
Member Name: SJ4
Status: 
Rank: Member
Topup: 0.00
Package: 1

FAIL: Member ID 712815 is Inactive / Deactive (Status: , Topup: 0.00). Matching Income skipped.
========================================

========================================
[BINARY DEBUG]
TIME: 2026-10-01 12:00:55
FUNCTION ENTERED: process_binary
USER ID: 718420
========================================

========================================
[BINARY DEBUG]
TIME: 2026-10-01 12:00:55
USER ID: 718420
FUNCTION: process_binary
========================================

MEMBER INFORMATION:
Member ID: 718420
Member Name: SJ9
Status: 
Rank: Member
Topup: 0.00
Package: 1

FAIL: Member ID 718420 is Inactive / Deactive (Status: , Topup: 0.00). Matching Income skipped.
========================================

========================================
[BINARY DEBUG]
TIME: 2026-10-01 12:00:55
FUNCTION ENTERED: process_binary
USER ID: 719358
========================================

========================================
[BINARY DEBUG]
TIME: 2026-10-01 12:00:55
USER ID: 719358
FUNCTION: process_binary
========================================

MEMBER INFORMATION:
Member ID: 719358
Member Name: Ab4
Status: 
Rank: Member
Topup: 0.00
Package: 1

FAIL: Member ID 719358 is Inactive / Deactive (Status: , Topup: 0.00). Matching Income skipped.
========================================

========================================
[BINARY DEBUG]
TIME: 2026-10-01 12:00:55
FUNCTION ENTERED: process_binary
USER ID: 724330
========================================

========================================
[BINARY DEBUG]
TIME: 2026-10-01 12:00:55
USER ID: 724330
FUNCTION: process_binary
========================================

MEMBER INFORMATION:
Member ID: 724330
Member Name: x1
Status: 
Rank: Member
Topup: 0.00
Package: 1

FAIL: Member ID 724330 is Inactive / Deactive (Status: , Topup: 0.00). Matching Income skipped.
========================================

========================================
[BINARY DEBUG]
TIME: 2026-10-01 12:00:55
FUNCTION ENTERED: process_binary
USER ID: 738833
========================================

========================================
[BINARY DEBUG]
TIME: 2026-10-01 12:00:55
USER ID: 738833
FUNCTION: process_binary
========================================

MEMBER INFORMATION:
Member ID: 738833
Member Name: Santosh dhondu jadhav
Status: Active
Rank: Member
Topup: 8900.00
Package: 1

TREE / PV INFORMATION:
Total Left PV: 4
Paid Left PV: 0
Available Left PV: 4

Total Right PV: 0
Paid Right PV: 0
Available Right PV: 0

Lifetime Paid Pairs: 0

DIRECT SPONSOR INFORMATION:
Direct Left: 0
Direct Right: 0
(Informational ONLY - Does not block 2:1 / 1:2 PV matching)

PAIR CALCULATION:
BINARY RATIO CHECK:
Left Available: 4
Right Available: 0
Lifetime Previous Pairs: 0

Checking 2:1:
Left >= 2? YES (Left = 4 >= 2)
Right >= 1? NO (Right = 0 < 1)

Checking 1:2:
Left >= 1? YES (Left = 4 >= 1)
Right >= 2? NO (Right = 0 < 2)

Selected Ratio: NONE
Pairs Calculated: 0
Left PV To Consume: 0
Right PV To Consume: 0
FINAL RESULT = NO PAIR FORMED
Pairs Generated = 0
Payout Generated = 0
Left PV Remaining = 4
Right PV Remaining = 0
========================================

========================================
[BINARY DEBUG]
TIME: 2026-10-01 12:00:55
FUNCTION ENTERED: process_binary
USER ID: 745065
========================================

========================================
[BINARY DEBUG]
TIME: 2026-10-01 12:00:55
USER ID: 745065
FUNCTION: process_binary
========================================

MEMBER INFORMATION:
Member ID: 745065
Member Name: Ab3
Status: 
Rank: Member
Topup: 0.00
Package: 1

FAIL: Member ID 745065 is Inactive / Deactive (Status: , Topup: 0.00). Matching Income skipped.
========================================

========================================
[BINARY DEBUG]
TIME: 2026-10-01 12:00:55
FUNCTION ENTERED: process_binary
USER ID: 747553
========================================

========================================
[BINARY DEBUG]
TIME: 2026-10-01 12:00:55
USER ID: 747553
FUNCTION: process_binary
========================================

MEMBER INFORMATION:
Member ID: 747553
Member Name: Abhishek jagatap
Status: 
Rank: Member
Topup: 0.00
Package: 1

FAIL: Member ID 747553 is Inactive / Deactive (Status: , Topup: 0.00). Matching Income skipped.
========================================

========================================
[BINARY DEBUG]
TIME: 2026-10-01 12:00:55
FUNCTION ENTERED: process_binary
USER ID: 748766
========================================

========================================
[BINARY DEBUG]
TIME: 2026-10-01 12:00:55
USER ID: 748766
FUNCTION: process_binary
========================================

MEMBER INFORMATION:
Member ID: 748766
Member Name: S8
Status: 
Rank: Member
Topup: 0.00
Package: 1

FAIL: Member ID 748766 is Inactive / Deactive (Status: , Topup: 0.00). Matching Income skipped.
========================================

========================================
[BINARY DEBUG]
TIME: 2026-10-01 12:00:55
FUNCTION ENTERED: process_binary
USER ID: 750555
========================================

========================================
[BINARY DEBUG]
TIME: 2026-10-01 12:00:55
USER ID: 750555
FUNCTION: process_binary
========================================

MEMBER INFORMATION:
Member ID: 750555
Member Name: Ab5
Status: 
Rank: Member
Topup: 0.00
Package: 1

FAIL: Member ID 750555 is Inactive / Deactive (Status: , Topup: 0.00). Matching Income skipped.
========================================

========================================
[BINARY DEBUG]
TIME: 2026-10-01 12:00:55
FUNCTION ENTERED: process_binary
USER ID: 777020
========================================

========================================
[BINARY DEBUG]
TIME: 2026-10-01 12:00:55
USER ID: 777020
FUNCTION: process_binary
========================================

MEMBER INFORMATION:
Member ID: 777020
Member Name: S4
Status: 
Rank: Member
Topup: 0.00
Package: 1

FAIL: Member ID 777020 is Inactive / Deactive (Status: , Topup: 0.00). Matching Income skipped.
========================================

========================================
[BINARY DEBUG]
TIME: 2026-10-01 12:00:55
FUNCTION ENTERED: process_binary
USER ID: 792551
========================================

========================================
[BINARY DEBUG]
TIME: 2026-10-01 12:00:55
USER ID: 792551
FUNCTION: process_binary
========================================

MEMBER INFORMATION:
Member ID: 792551
Member Name: Abj4
Status: 
Rank: Member
Topup: 0.00
Package: 1

FAIL: Member ID 792551 is Inactive / Deactive (Status: , Topup: 0.00). Matching Income skipped.
========================================

========================================
[BINARY DEBUG]
TIME: 2026-10-01 12:00:55
FUNCTION ENTERED: process_binary
USER ID: 798469
========================================

========================================
[BINARY DEBUG]
TIME: 2026-10-01 12:00:55
USER ID: 798469
FUNCTION: process_binary
========================================

MEMBER INFORMATION:
Member ID: 798469
Member Name: Ab18
Status: 
Rank: Member
Topup: 0.00
Package: 1

FAIL: Member ID 798469 is Inactive / Deactive (Status: , Topup: 0.00). Matching Income skipped.
========================================

========================================
[BINARY DEBUG]
TIME: 2026-10-01 12:00:55
FUNCTION ENTERED: process_binary
USER ID: 800686
========================================

========================================
[BINARY DEBUG]
TIME: 2026-10-01 12:00:55
USER ID: 800686
FUNCTION: process_binary
========================================

MEMBER INFORMATION:
Member ID: 800686
Member Name: D3
Status: 
Rank: Member
Topup: 0.00
Package: 1

FAIL: Member ID 800686 is Inactive / Deactive (Status: , Topup: 0.00). Matching Income skipped.
========================================

========================================
[BINARY DEBUG]
TIME: 2026-10-01 12:00:55
FUNCTION ENTERED: process_binary
USER ID: 806549
========================================

========================================
[BINARY DEBUG]
TIME: 2026-10-01 12:00:55
USER ID: 806549
FUNCTION: process_binary
========================================

MEMBER INFORMATION:
Member ID: 806549
Member Name: Sneha nar
Status: Active
Rank: Member
Topup: 8900.00
Package: 1

TREE / PV INFORMATION:
Total Left PV: 1
Paid Left PV: 1
Available Left PV: 0

Total Right PV: 2
Paid Right PV: 2
Available Right PV: 0

Lifetime Paid Pairs: 1

DIRECT SPONSOR INFORMATION:
Direct Left: 0
Direct Right: 1
(Informational ONLY - Does not block 2:1 / 1:2 PV matching)

PAIR CALCULATION:
BINARY RATIO CHECK:
Left Available: 0
Right Available: 0
Lifetime Previous Pairs: 1

Checking 2:1:
Left >= 2? NO (Left = 0 < 2)
Right >= 1? NO (Right = 0 < 1)

Checking 1:2:
Left >= 1? NO (Left = 0 < 1)
Right >= 2? NO (Right = 0 < 2)

Selected Ratio: NONE
Pairs Calculated: 0
Left PV To Consume: 0
Right PV To Consume: 0
FINAL RESULT = NO PAIR FORMED
Pairs Generated = 0
Payout Generated = 0
Left PV Remaining = 0
Right PV Remaining = 0
========================================

========================================
[BINARY DEBUG]
TIME: 2026-10-01 12:00:55
FUNCTION ENTERED: process_binary
USER ID: 807348
========================================

========================================
[BINARY DEBUG]
TIME: 2026-10-01 12:00:55
USER ID: 807348
FUNCTION: process_binary
========================================

MEMBER INFORMATION:
Member ID: 807348
Member Name: V2
Status: 
Rank: Member
Topup: 0.00
Package: 1

FAIL: Member ID 807348 is Inactive / Deactive (Status: , Topup: 0.00). Matching Income skipped.
========================================

========================================
[BINARY DEBUG]
TIME: 2026-10-01 12:00:55
FUNCTION ENTERED: process_binary
USER ID: 809502
========================================

========================================
[BINARY DEBUG]
TIME: 2026-10-01 12:00:55
USER ID: 809502
FUNCTION: process_binary
========================================

MEMBER INFORMATION:
Member ID: 809502
Member Name: Ab20
Status: 
Rank: Member
Topup: 0.00
Package: 1

FAIL: Member ID 809502 is Inactive / Deactive (Status: , Topup: 0.00). Matching Income skipped.
========================================

========================================
[BINARY DEBUG]
TIME: 2026-10-01 12:00:55
FUNCTION ENTERED: process_binary
USER ID: 810210
========================================

========================================
[BINARY DEBUG]
TIME: 2026-10-01 12:00:55
USER ID: 810210
FUNCTION: process_binary
========================================

MEMBER INFORMATION:
Member ID: 810210
Member Name: D1
Status: 
Rank: Member
Topup: 0.00
Package: 1

FAIL: Member ID 810210 is Inactive / Deactive (Status: , Topup: 0.00). Matching Income skipped.
========================================

========================================
[BINARY DEBUG]
TIME: 2026-10-01 12:00:55
FUNCTION ENTERED: process_binary
USER ID: 810604
========================================

========================================
[BINARY DEBUG]
TIME: 2026-10-01 12:00:55
USER ID: 810604
FUNCTION: process_binary
========================================

MEMBER INFORMATION:
Member ID: 810604
Member Name: x8
Status: 
Rank: Member
Topup: 0.00
Package: 1

FAIL: Member ID 810604 is Inactive / Deactive (Status: , Topup: 0.00). Matching Income skipped.
========================================

========================================
[BINARY DEBUG]
TIME: 2026-10-01 12:00:55
FUNCTION ENTERED: process_binary
USER ID: 812940
========================================

========================================
[BINARY DEBUG]
TIME: 2026-10-01 12:00:55
USER ID: 812940
FUNCTION: process_binary
========================================

MEMBER INFORMATION:
Member ID: 812940
Member Name: Jagruti adiwarakar
Status: Active
Rank: Member
Topup: 8900.00
Package: 1

TREE / PV INFORMATION:
Total Left PV: 3
Paid Left PV: 0
Available Left PV: 3

Total Right PV: 0
Paid Right PV: 0
Available Right PV: 0

Lifetime Paid Pairs: 0

DIRECT SPONSOR INFORMATION:
Direct Left: 1
Direct Right: 0
(Informational ONLY - Does not block 2:1 / 1:2 PV matching)

PAIR CALCULATION:
BINARY RATIO CHECK:
Left Available: 3
Right Available: 0
Lifetime Previous Pairs: 0

Checking 2:1:
Left >= 2? YES (Left = 3 >= 2)
Right >= 1? NO (Right = 0 < 1)

Checking 1:2:
Left >= 1? YES (Left = 3 >= 1)
Right >= 2? NO (Right = 0 < 2)

Selected Ratio: NONE
Pairs Calculated: 0
Left PV To Consume: 0
Right PV To Consume: 0
FINAL RESULT = NO PAIR FORMED
Pairs Generated = 0
Payout Generated = 0
Left PV Remaining = 3
Right PV Remaining = 0
========================================

========================================
[BINARY DEBUG]
TIME: 2026-10-01 12:00:55
FUNCTION ENTERED: process_binary
USER ID: 815248
========================================

========================================
[BINARY DEBUG]
TIME: 2026-10-01 12:00:55
USER ID: 815248
FUNCTION: process_binary
========================================

MEMBER INFORMATION:
Member ID: 815248
Member Name: x3
Status: 
Rank: Member
Topup: 0.00
Package: 1

FAIL: Member ID 815248 is Inactive / Deactive (Status: , Topup: 0.00). Matching Income skipped.
========================================

========================================
[BINARY DEBUG]
TIME: 2026-10-01 12:00:55
FUNCTION ENTERED: process_binary
USER ID: 817956
========================================

========================================
[BINARY DEBUG]
TIME: 2026-10-01 12:00:55
USER ID: 817956
FUNCTION: process_binary
========================================

MEMBER INFORMATION:
Member ID: 817956
Member Name: D7
Status: 
Rank: Member
Topup: 0.00
Package: 1

FAIL: Member ID 817956 is Inactive / Deactive (Status: , Topup: 0.00). Matching Income skipped.
========================================

========================================
[BINARY DEBUG]
TIME: 2026-10-01 12:00:55
FUNCTION ENTERED: process_binary
USER ID: 823448
========================================

========================================
[BINARY DEBUG]
TIME: 2026-10-01 12:00:55
USER ID: 823448
FUNCTION: process_binary
========================================

MEMBER INFORMATION:
Member ID: 823448
Member Name: A3
Status: 
Rank: Member
Topup: 0.00
Package: 1

FAIL: Member ID 823448 is Inactive / Deactive (Status: , Topup: 0.00). Matching Income skipped.
========================================

========================================
[BINARY DEBUG]
TIME: 2026-10-01 12:00:55
FUNCTION ENTERED: process_binary
USER ID: 825106
========================================

========================================
[BINARY DEBUG]
TIME: 2026-10-01 12:00:55
USER ID: 825106
FUNCTION: process_binary
========================================

MEMBER INFORMATION:
Member ID: 825106
Member Name: V8
Status: 
Rank: Member
Topup: 0.00
Package: 1

FAIL: Member ID 825106 is Inactive / Deactive (Status: , Topup: 0.00). Matching Income skipped.
========================================

========================================
[BINARY DEBUG]
TIME: 2026-10-01 12:00:55
FUNCTION ENTERED: process_binary
USER ID: 850226
========================================

========================================
[BINARY DEBUG]
TIME: 2026-10-01 12:00:55
USER ID: 850226
FUNCTION: process_binary
========================================

MEMBER INFORMATION:
Member ID: 850226
Member Name: SJ10
Status: 
Rank: Member
Topup: 0.00
Package: 1

FAIL: Member ID 850226 is Inactive / Deactive (Status: , Topup: 0.00). Matching Income skipped.
========================================

========================================
[BINARY DEBUG]
TIME: 2026-10-01 12:00:55
FUNCTION ENTERED: process_binary
USER ID: 852960
========================================

========================================
[BINARY DEBUG]
TIME: 2026-10-01 12:00:55
USER ID: 852960
FUNCTION: process_binary
========================================

MEMBER INFORMATION:
Member ID: 852960
Member Name: S3
Status: 
Rank: Member
Topup: 0.00
Package: 1

FAIL: Member ID 852960 is Inactive / Deactive (Status: , Topup: 0.00). Matching Income skipped.
========================================

========================================
[BINARY DEBUG]
TIME: 2026-10-01 12:00:55
FUNCTION ENTERED: process_binary
USER ID: 860002
========================================

========================================
[BINARY DEBUG]
TIME: 2026-10-01 12:00:55
USER ID: 860002
FUNCTION: process_binary
========================================

MEMBER INFORMATION:
Member ID: 860002
Member Name: S1
Status: 
Rank: Member
Topup: 0.00
Package: 1

FAIL: Member ID 860002 is Inactive / Deactive (Status: , Topup: 0.00). Matching Income skipped.
========================================

========================================
[BINARY DEBUG]
TIME: 2026-10-01 12:00:55
FUNCTION ENTERED: process_binary
USER ID: 867373
========================================

========================================
[BINARY DEBUG]
TIME: 2026-10-01 12:00:55
USER ID: 867373
FUNCTION: process_binary
========================================

MEMBER INFORMATION:
Member ID: 867373
Member Name: V3
Status: 
Rank: Member
Topup: 0.00
Package: 1

FAIL: Member ID 867373 is Inactive / Deactive (Status: , Topup: 0.00). Matching Income skipped.
========================================

========================================
[BINARY DEBUG]
TIME: 2026-10-01 12:00:55
FUNCTION ENTERED: process_binary
USER ID: 867837
========================================

========================================
[BINARY DEBUG]
TIME: 2026-10-01 12:00:55
USER ID: 867837
FUNCTION: process_binary
========================================

MEMBER INFORMATION:
Member ID: 867837
Member Name: S10
Status: 
Rank: Member
Topup: 0.00
Package: 1

FAIL: Member ID 867837 is Inactive / Deactive (Status: , Topup: 0.00). Matching Income skipped.
========================================

========================================
[BINARY DEBUG]
TIME: 2026-10-01 12:00:55
FUNCTION ENTERED: process_binary
USER ID: 871990
========================================

========================================
[BINARY DEBUG]
TIME: 2026-10-01 12:00:55
USER ID: 871990
FUNCTION: process_binary
========================================

MEMBER INFORMATION:
Member ID: 871990
Member Name: Jayawant adiwarakar
Status: Active
Rank: Member
Topup: 8900.00
Package: 1

TREE / PV INFORMATION:
Total Left PV: 2
Paid Left PV: 0
Available Left PV: 2

Total Right PV: 0
Paid Right PV: 0
Available Right PV: 0

Lifetime Paid Pairs: 0

DIRECT SPONSOR INFORMATION:
Direct Left: 0
Direct Right: 0
(Informational ONLY - Does not block 2:1 / 1:2 PV matching)

PAIR CALCULATION:
BINARY RATIO CHECK:
Left Available: 2
Right Available: 0
Lifetime Previous Pairs: 0

Checking 2:1:
Left >= 2? YES (Left = 2 >= 2)
Right >= 1? NO (Right = 0 < 1)

Checking 1:2:
Left >= 1? YES (Left = 2 >= 1)
Right >= 2? NO (Right = 0 < 2)

Selected Ratio: NONE
Pairs Calculated: 0
Left PV To Consume: 0
Right PV To Consume: 0
FINAL RESULT = NO PAIR FORMED
Pairs Generated = 0
Payout Generated = 0
Left PV Remaining = 2
Right PV Remaining = 0
========================================

========================================
[BINARY DEBUG]
TIME: 2026-10-01 12:00:55
FUNCTION ENTERED: process_binary
USER ID: 872736
========================================

========================================
[BINARY DEBUG]
TIME: 2026-10-01 12:00:55
USER ID: 872736
FUNCTION: process_binary
========================================

MEMBER INFORMATION:
Member ID: 872736
Member Name: V5
Status: 
Rank: Member
Topup: 0.00
Package: 1

FAIL: Member ID 872736 is Inactive / Deactive (Status: , Topup: 0.00). Matching Income skipped.
========================================

========================================
[BINARY DEBUG]
TIME: 2026-10-01 12:00:55
FUNCTION ENTERED: process_binary
USER ID: 880876
========================================

========================================
[BINARY DEBUG]
TIME: 2026-10-01 12:00:55
USER ID: 880876
FUNCTION: process_binary
========================================

MEMBER INFORMATION:
Member ID: 880876
Member Name: xyz7
Status: 
Rank: Member
Topup: 0.00
Package: 1

FAIL: Member ID 880876 is Inactive / Deactive (Status: , Topup: 0.00). Matching Income skipped.
========================================

========================================
[BINARY DEBUG]
TIME: 2026-10-01 12:00:55
FUNCTION ENTERED: process_binary
USER ID: 884661
========================================

========================================
[BINARY DEBUG]
TIME: 2026-10-01 12:00:55
USER ID: 884661
FUNCTION: process_binary
========================================

MEMBER INFORMATION:
Member ID: 884661
Member Name: sagar patil
Status: 
Rank: Member
Topup: 0.00
Package: 1

FAIL: Member ID 884661 is Inactive / Deactive (Status: , Topup: 0.00). Matching Income skipped.
========================================

========================================
[BINARY DEBUG]
TIME: 2026-10-01 12:00:55
FUNCTION ENTERED: process_binary
USER ID: 895344
========================================

========================================
[BINARY DEBUG]
TIME: 2026-10-01 12:00:55
USER ID: 895344
FUNCTION: process_binary
========================================

MEMBER INFORMATION:
Member ID: 895344
Member Name: SJ6
Status: 
Rank: Member
Topup: 0.00
Package: 1

FAIL: Member ID 895344 is Inactive / Deactive (Status: , Topup: 0.00). Matching Income skipped.
========================================

========================================
[BINARY DEBUG]
TIME: 2026-10-01 12:00:55
FUNCTION ENTERED: process_binary
USER ID: 900013
========================================

========================================
[BINARY DEBUG]
TIME: 2026-10-01 12:00:55
USER ID: 900013
FUNCTION: process_binary
========================================

MEMBER INFORMATION:
Member ID: 900013
Member Name: Ab9
Status: 
Rank: Member
Topup: 0.00
Package: 1

FAIL: Member ID 900013 is Inactive / Deactive (Status: , Topup: 0.00). Matching Income skipped.
========================================

========================================
[BINARY DEBUG]
TIME: 2026-10-01 12:00:55
FUNCTION ENTERED: process_binary
USER ID: 907249
========================================

========================================
[BINARY DEBUG]
TIME: 2026-10-01 12:00:55
USER ID: 907249
FUNCTION: process_binary
========================================

MEMBER INFORMATION:
Member ID: 907249
Member Name: S6
Status: 
Rank: Member
Topup: 0.00
Package: 1

FAIL: Member ID 907249 is Inactive / Deactive (Status: , Topup: 0.00). Matching Income skipped.
========================================

========================================
[BINARY DEBUG]
TIME: 2026-10-01 12:00:55
FUNCTION ENTERED: process_binary
USER ID: 907471
========================================

========================================
[BINARY DEBUG]
TIME: 2026-10-01 12:00:55
USER ID: 907471
FUNCTION: process_binary
========================================

MEMBER INFORMATION:
Member ID: 907471
Member Name: V10
Status: 
Rank: Member
Topup: 0.00
Package: 1

FAIL: Member ID 907471 is Inactive / Deactive (Status: , Topup: 0.00). Matching Income skipped.
========================================

========================================
[BINARY DEBUG]
TIME: 2026-10-01 12:00:55
FUNCTION ENTERED: process_binary
USER ID: 921920
========================================

========================================
[BINARY DEBUG]
TIME: 2026-10-01 12:00:55
USER ID: 921920
FUNCTION: process_binary
========================================

MEMBER INFORMATION:
Member ID: 921920
Member Name: Ab16
Status: 
Rank: Member
Topup: 0.00
Package: 1

FAIL: Member ID 921920 is Inactive / Deactive (Status: , Topup: 0.00). Matching Income skipped.
========================================

========================================
[BINARY DEBUG]
TIME: 2026-10-01 12:00:55
FUNCTION ENTERED: process_binary
USER ID: 941139
========================================

========================================
[BINARY DEBUG]
TIME: 2026-10-01 12:00:55
USER ID: 941139
FUNCTION: process_binary
========================================

MEMBER INFORMATION:
Member ID: 941139
Member Name: D2
Status: 
Rank: Member
Topup: 0.00
Package: 1

FAIL: Member ID 941139 is Inactive / Deactive (Status: , Topup: 0.00). Matching Income skipped.
========================================

========================================
[BINARY DEBUG]
TIME: 2026-10-01 12:00:55
FUNCTION ENTERED: process_binary
USER ID: 962055
========================================

========================================
[BINARY DEBUG]
TIME: 2026-10-01 12:00:55
USER ID: 962055
FUNCTION: process_binary
========================================

MEMBER INFORMATION:
Member ID: 962055
Member Name: Ab15
Status: 
Rank: Member
Topup: 0.00
Package: 1

FAIL: Member ID 962055 is Inactive / Deactive (Status: , Topup: 0.00). Matching Income skipped.
========================================

========================================
[BINARY DEBUG]
TIME: 2026-10-01 12:00:55
FUNCTION ENTERED: process_binary
USER ID: 970737
========================================

========================================
[BINARY DEBUG]
TIME: 2026-10-01 12:00:55
USER ID: 970737
FUNCTION: process_binary
========================================

MEMBER INFORMATION:
Member ID: 970737
Member Name: x2
Status: 
Rank: Member
Topup: 0.00
Package: 1

FAIL: Member ID 970737 is Inactive / Deactive (Status: , Topup: 0.00). Matching Income skipped.
========================================

========================================
[BINARY DEBUG]
TIME: 2026-10-01 12:00:55
FUNCTION ENTERED: process_binary
USER ID: 976891
========================================

========================================
[BINARY DEBUG]
TIME: 2026-10-01 12:00:55
USER ID: 976891
FUNCTION: process_binary
========================================

MEMBER INFORMATION:
Member ID: 976891
Member Name: xyz10
Status: 
Rank: Member
Topup: 0.00
Package: 1

FAIL: Member ID 976891 is Inactive / Deactive (Status: , Topup: 0.00). Matching Income skipped.
========================================

========================================
[BINARY DEBUG]
TIME: 2026-10-01 12:00:55
FUNCTION ENTERED: process_binary
USER ID: 985261
========================================

========================================
[BINARY DEBUG]
TIME: 2026-10-01 12:00:55
USER ID: 985261
FUNCTION: process_binary
========================================

MEMBER INFORMATION:
Member ID: 985261
Member Name: S5
Status: 
Rank: Member
Topup: 0.00
Package: 1

FAIL: Member ID 985261 is Inactive / Deactive (Status: , Topup: 0.00). Matching Income skipped.
========================================

========================================
[BINARY DEBUG]
TIME: 2026-10-01 12:00:55
FUNCTION ENTERED: process_binary
USER ID: 988780
========================================

========================================
[BINARY DEBUG]
TIME: 2026-10-01 12:00:55
USER ID: 988780
FUNCTION: process_binary
========================================

MEMBER INFORMATION:
Member ID: 988780
Member Name: Dr Ram  kale
Status: 
Rank: Member
Topup: 0.00
Package: 1

FAIL: Member ID 988780 is Inactive / Deactive (Status: , Topup: 0.00). Matching Income skipped.
========================================

========================================
[DIRECT SPONSOR INCOME DEBUG]
TIME: 2026-10-01 13:26:52
New Member ID: 144756
Direct Sponsor ID: 676047
Package ID: 1
Member PV: 1, Package Ratio: 1, Qty: 1
Existing Direct Sponsor Records: 0
Direct Rate: ₹890.00
Calculated Direct Sponsor Amount: ₹890.00
ACTION: Forwarding to pay_earning for Sponsor #676047
========================================

----------------------------------------
[PAY EARNING GATEWAY]
TIME: 2026-10-01 13:26:52
Receiver User ID: 676047
From User (Ref ID): 144756
Income Type: Direct Sponsor Income
Amount: ₹890.00
Level: 0
Receiver Status: Active
Receiver Topup: ₹8,900.00
ACTION: SUCCESS -> Earning record inserted (ID: 32, Secret: DIR-676047-20261001132652-162, Amount: ₹890.00, Status: Credited to Wallet IMMEDIATELY - Direct Sponsor Income)
----------------------------------------

----------------------------------------
[PAY EARNING GATEWAY]
TIME: 2026-10-02 00:00:07
Receiver User ID: 705615
From User (Ref ID): 125171
Income Type: Direct Sponsor Income
Amount: ₹890.00
Level: 0
Receiver Status: 
Receiver Topup: ₹0.00
ACTION: LAPSED (Receiver account is Inactive / Deactive - Status: , Topup: 0.00)
----------------------------------------

========================================
[BINARY DEBUG]
TIME: 2026-10-02 00:00:07
FUNCTION ENTERED: process_binary
USER ID: 1001
========================================

========================================
[BINARY DEBUG]
TIME: 2026-10-02 00:00:07
USER ID: 1001
FUNCTION: process_binary
========================================

MEMBER INFORMATION:
Member ID: 1001
Member Name: Green Amrut Herbal Multitrade Private Limited
Status: Active
Rank: Member
Topup: 8900.00
Package: 1

TREE / PV INFORMATION:
Total Left PV: 17
Paid Left PV: 3
Available Left PV: 14

Total Right PV: 2
Paid Right PV: 2
Available Right PV: 0

Lifetime Paid Pairs: 2

DIRECT SPONSOR INFORMATION:
Direct Left: 1
Direct Right: 1
(Informational ONLY - Does not block 2:1 / 1:2 PV matching)

PAIR CALCULATION:
BINARY RATIO CHECK:
Left Available: 14
Right Available: 0
Lifetime Previous Pairs: 2

Checking 2:1:
Left >= 2? YES (Left = 14 >= 2)
Right >= 1? NO (Right = 0 < 1)

Checking 1:2:
Left >= 1? YES (Left = 14 >= 1)
Right >= 2? NO (Right = 0 < 2)

Selected Ratio: NONE
Pairs Calculated: 0
Left PV To Consume: 0
Right PV To Consume: 0
FINAL RESULT = NO PAIR FORMED
Pairs Generated = 0
Payout Generated = 0
Left PV Remaining = 14
Right PV Remaining = 0
========================================

========================================
[BINARY DEBUG]
TIME: 2026-10-02 00:00:07
FUNCTION ENTERED: process_binary
USER ID: 572928
========================================

========================================
[BINARY DEBUG]
TIME: 2026-10-02 00:00:07
USER ID: 572928
FUNCTION: process_binary
========================================

MEMBER INFORMATION:
Member ID: 572928
Member Name: Santosh dhondu jadhav
Status: Active
Rank: Member
Topup: 8900.00
Package: 1

TREE / PV INFORMATION:
Total Left PV: 6
Paid Left PV: 6
Available Left PV: 0

Total Right PV: 7
Paid Right PV: 5
Available Right PV: 2

Lifetime Paid Pairs: 5

DIRECT SPONSOR INFORMATION:
Direct Left: 5
Direct Right: 3
(Informational ONLY - Does not block 2:1 / 1:2 PV matching)

PAIR CALCULATION:
BINARY RATIO CHECK:
Left Available: 0
Right Available: 2
Lifetime Previous Pairs: 5

Checking 2:1:
Left >= 2? NO (Left = 0 < 2)
Right >= 1? YES (Right = 2 >= 1)

Checking 1:2:
Left >= 1? NO (Left = 0 < 1)
Right >= 2? YES (Right = 2 >= 2)

Selected Ratio: NONE
Pairs Calculated: 0
Left PV To Consume: 0
Right PV To Consume: 0
FINAL RESULT = NO PAIR FORMED
Pairs Generated = 0
Payout Generated = 0
Left PV Remaining = 0
Right PV Remaining = 2
========================================

========================================
[BINARY DEBUG]
TIME: 2026-10-02 00:00:07
FUNCTION ENTERED: process_binary
USER ID: 676047
========================================

----------------------------------------
[PAY EARNING GATEWAY]
TIME: 2026-10-02 00:00:07
Receiver User ID: 1001
From User (Ref ID): 676047
Income Type: Direct Referral Bonus Level 1
Amount: ₹267.00
Level: 1
Receiver Status: Active
Receiver Topup: ₹8,900.00
ACTION: SUCCESS -> Earning record inserted (ID: 34, Secret: DRB1-33, Amount: ₹267.00, Status: Pending - Will be credited to Wallet when Midnight Cron runs)
----------------------------------------

========================================
[DRB / LEVEL INCOME DEBUG]
TIME: 2026-10-02 00:00:07
DOWNLINE EARNER ID: 676047
PACKAGE ID: 1
PARSED LEVEL 1 %: 30%
PARSED LEVEL 2 %: 20%

--- LEVEL 1 DRB CALCULATION (30%) ---
Direct Sponsor ID: 1001
Calculated Level 1 Amount: ₹267.00
ACTION: CREDITED -> User #1001 received ₹267.00 as Direct Referral Bonus Level 1 (30%)

--- LEVEL 2 DRB CALCULATION (20%) ---
Level 2 Sponsor ID: 1000
Calculated Level 2 Amount: ₹178.00
ACTION: SKIPPED (No valid Level 2 sponsor found / Level 2 Sponsor is 1000)
========================================

========================================
[BINARY DEBUG]
TIME: 2026-10-02 00:00:07
USER ID: 676047
FUNCTION: process_binary
========================================

MEMBER INFORMATION:
Member ID: 676047
Member Name: Swati Jagtap
Status: Active
Rank: Member
Topup: 8900.00
Package: 1

TREE / PV INFORMATION:
Total Left PV: 15
Paid Left PV: 0
Available Left PV: 15

Total Right PV: 1
Paid Right PV: 0
Available Right PV: 1

Lifetime Paid Pairs: 0

DIRECT SPONSOR INFORMATION:
Direct Left: 2
Direct Right: 1
(Informational ONLY - Does not block 2:1 / 1:2 PV matching)

PAIR CALCULATION:
BINARY RATIO CHECK:
Left Available: 15
Right Available: 1
Lifetime Previous Pairs: 0

Checking 2:1:
Left >= 2? YES (Left = 15 >= 2)
Right >= 1? YES (Right = 1 >= 1)

Checking 1:2:
Left >= 1? YES (Left = 15 >= 1)
Right >= 2? NO (Right = 1 < 2)

Selected Ratio: 2:1
Pairs Calculated: 1
Left PV To Consume: 2
Right PV To Consume: 1
PAYOUT CALCULATION:
BINARY PAYOUT CALCULATION:
Package ID: 1
Matching Income Configuration: 
Payout Per Pair: 890
Daily Cap: 14240
Pairs Calculated: 1
Pairs Allowed By Cap: 16
Payable Pairs: 1
Total Payout: 890

DATABASE TRANSACTION:
[BINARY TRANSACTION]
BEGIN

1. EARNING INSERT
BINARY EARNING INSERT:
SUCCESS
Insert ID: 
User ID: 676047
Amount: 890
Type: Matching Income
Pair Count: 1
Transaction Reference: BIN-676047-20261002000007-5318

2. WALLET CREDIT
WALLET CREDIT:
SUCCESS
User ID: 676047
Previous Balance: 0
Credit Amount: 890
New Balance: 0

3. PV CONSUMPTION
PV UPDATE:
Before Paid Left: 0
Before Paid Right: 0
Left PV Consumed: 2
Right PV Consumed: 1
After Paid Left: 2
After Paid Right: 1

4. LIFETIME PAIR UPDATE
LIFETIME PAIR UPDATE:
Before: 0
Added: 1
After: 1

5. TRANSACTION
BINARY TRANSACTION:
COMMITTED

FINAL RESULT = PAYOUT GENERATED
Pairs Generated = 1
Payout Generated = 890
Left PV Remaining = 13
Right PV Remaining = 0
========================================

========================================
[BINARY DEBUG]
TIME: 2026-10-02 00:00:07
FUNCTION ENTERED: process_binary
USER ID: 806549
========================================

========================================
[BINARY DEBUG]
TIME: 2026-10-02 00:00:07
USER ID: 806549
FUNCTION: process_binary
========================================

MEMBER INFORMATION:
Member ID: 806549
Member Name: Sneha nar
Status: Active
Rank: Member
Topup: 8900.00
Package: 1

TREE / PV INFORMATION:
Total Left PV: 1
Paid Left PV: 1
Available Left PV: 0

Total Right PV: 2
Paid Right PV: 2
Available Right PV: 0

Lifetime Paid Pairs: 1

DIRECT SPONSOR INFORMATION:
Direct Left: 0
Direct Right: 1
(Informational ONLY - Does not block 2:1 / 1:2 PV matching)

PAIR CALCULATION:
BINARY RATIO CHECK:
Left Available: 0
Right Available: 0
Lifetime Previous Pairs: 1

Checking 2:1:
Left >= 2? NO (Left = 0 < 2)
Right >= 1? NO (Right = 0 < 1)

Checking 1:2:
Left >= 1? NO (Left = 0 < 1)
Right >= 2? NO (Right = 0 < 2)

Selected Ratio: NONE
Pairs Calculated: 0
Left PV To Consume: 0
Right PV To Consume: 0
FINAL RESULT = NO PAIR FORMED
Pairs Generated = 0
Payout Generated = 0
Left PV Remaining = 0
Right PV Remaining = 0
========================================

========================================
[DRB / LEVEL INCOME DEBUG]
TIME: 2026-10-02 00:00:07
DOWNLINE EARNER ID: 1001
PACKAGE ID: 1
PARSED LEVEL 1 %: 30%
PARSED LEVEL 2 %: 20%

--- LEVEL 1 DRB CALCULATION (30%) ---
Direct Sponsor ID: 1000
Calculated Level 1 Amount: ₹267.00
ACTION: SKIPPED (No valid direct sponsor found / Sponsor is 1000)

--- LEVEL 2 DRB CALCULATION (20%) ---
Level 2 Sponsor ID: None
Calculated Level 2 Amount: ₹178.00
ACTION: SKIPPED (No valid Level 2 sponsor found / Level 2 Sponsor is 1000)
========================================

========================================
[DRB / LEVEL INCOME DEBUG]
TIME: 2026-10-02 00:00:07
DOWNLINE EARNER ID: 1001
PACKAGE ID: 1
PARSED LEVEL 1 %: 30%
PARSED LEVEL 2 %: 20%

--- LEVEL 1 DRB CALCULATION (30%) ---
Direct Sponsor ID: 1000
Calculated Level 1 Amount: ₹267.00
ACTION: SKIPPED (No valid direct sponsor found / Sponsor is 1000)

--- LEVEL 2 DRB CALCULATION (20%) ---
Level 2 Sponsor ID: None
Calculated Level 2 Amount: ₹178.00
ACTION: SKIPPED (No valid Level 2 sponsor found / Level 2 Sponsor is 1000)
========================================

----------------------------------------
[PAY EARNING GATEWAY]
TIME: 2026-10-02 00:00:07
Receiver User ID: 676047
From User (Ref ID): 572928
Income Type: Direct Referral Bonus Level 1
Amount: ₹267.00
Level: 1
Receiver Status: Active
Receiver Topup: ₹8,900.00
ACTION: SUCCESS -> Earning record inserted (ID: 35, Secret: DRB1-10, Amount: ₹267.00, Status: Pending - Will be credited to Wallet when Midnight Cron runs)
----------------------------------------

========================================
[DRB / LEVEL INCOME DEBUG]
TIME: 2026-10-02 00:00:07
DOWNLINE EARNER ID: 572928
PACKAGE ID: 1
PARSED LEVEL 1 %: 30%
PARSED LEVEL 2 %: 20%

--- LEVEL 1 DRB CALCULATION (30%) ---
Direct Sponsor ID: 676047
Calculated Level 1 Amount: ₹267.00
ACTION: CREDITED -> User #676047 received ₹267.00 as Direct Referral Bonus Level 1 (30%)

--- LEVEL 2 DRB CALCULATION (20%) ---
Level 2 Sponsor ID: 1001
Calculated Level 2 Amount: ₹178.00
ACTION: SKIPPED (Duplicate prevention: DRB Level 2 already generated for this matching event)
========================================

----------------------------------------
[PAY EARNING GATEWAY]
TIME: 2026-10-02 00:00:07
Receiver User ID: 676047
From User (Ref ID): 572928
Income Type: Direct Referral Bonus Level 1
Amount: ₹267.00
Level: 1
Receiver Status: Active
Receiver Topup: ₹8,900.00
ACTION: SUCCESS -> Earning record inserted (ID: 36, Secret: DRB1-14, Amount: ₹267.00, Status: Pending - Will be credited to Wallet when Midnight Cron runs)
----------------------------------------

========================================
[DRB / LEVEL INCOME DEBUG]
TIME: 2026-10-02 00:00:07
DOWNLINE EARNER ID: 572928
PACKAGE ID: 1
PARSED LEVEL 1 %: 30%
PARSED LEVEL 2 %: 20%

--- LEVEL 1 DRB CALCULATION (30%) ---
Direct Sponsor ID: 676047
Calculated Level 1 Amount: ₹267.00
ACTION: CREDITED -> User #676047 received ₹267.00 as Direct Referral Bonus Level 1 (30%)

--- LEVEL 2 DRB CALCULATION (20%) ---
Level 2 Sponsor ID: 1001
Calculated Level 2 Amount: ₹178.00
ACTION: SKIPPED (Duplicate prevention: DRB Level 2 already generated for this matching event)
========================================

----------------------------------------
[PAY EARNING GATEWAY]
TIME: 2026-10-02 00:00:07
Receiver User ID: 676047
From User (Ref ID): 572928
Income Type: Direct Referral Bonus Level 1
Amount: ₹267.00
Level: 1
Receiver Status: Active
Receiver Topup: ₹8,900.00
ACTION: SUCCESS -> Earning record inserted (ID: 37, Secret: DRB1-24, Amount: ₹267.00, Status: Pending - Will be credited to Wallet when Midnight Cron runs)
----------------------------------------

========================================
[DRB / LEVEL INCOME DEBUG]
TIME: 2026-10-02 00:00:07
DOWNLINE EARNER ID: 572928
PACKAGE ID: 1
PARSED LEVEL 1 %: 30%
PARSED LEVEL 2 %: 20%

--- LEVEL 1 DRB CALCULATION (30%) ---
Direct Sponsor ID: 676047
Calculated Level 1 Amount: ₹267.00
ACTION: CREDITED -> User #676047 received ₹267.00 as Direct Referral Bonus Level 1 (30%)

--- LEVEL 2 DRB CALCULATION (20%) ---
Level 2 Sponsor ID: 1001
Calculated Level 2 Amount: ₹178.00
ACTION: SKIPPED (Duplicate prevention: DRB Level 2 already generated for this matching event)
========================================

----------------------------------------
[PAY EARNING GATEWAY]
TIME: 2026-10-02 00:00:07
Receiver User ID: 676047
From User (Ref ID): 572928
Income Type: Direct Referral Bonus Level 1
Amount: ₹267.00
Level: 1
Receiver Status: Active
Receiver Topup: ₹8,900.00
ACTION: SUCCESS -> Earning record inserted (ID: 38, Secret: DRB1-25, Amount: ₹267.00, Status: Pending - Will be credited to Wallet when Midnight Cron runs)
----------------------------------------

========================================
[DRB / LEVEL INCOME DEBUG]
TIME: 2026-10-02 00:00:07
DOWNLINE EARNER ID: 572928
PACKAGE ID: 1
PARSED LEVEL 1 %: 30%
PARSED LEVEL 2 %: 20%

--- LEVEL 1 DRB CALCULATION (30%) ---
Direct Sponsor ID: 676047
Calculated Level 1 Amount: ₹267.00
ACTION: CREDITED -> User #676047 received ₹267.00 as Direct Referral Bonus Level 1 (30%)

--- LEVEL 2 DRB CALCULATION (20%) ---
Level 2 Sponsor ID: 1001
Calculated Level 2 Amount: ₹178.00
ACTION: SKIPPED (Duplicate prevention: DRB Level 2 already generated for this matching event)
========================================

----------------------------------------
[PAY EARNING GATEWAY]
TIME: 2026-10-02 00:00:07
Receiver User ID: 676047
From User (Ref ID): 572928
Income Type: Direct Referral Bonus Level 1
Amount: ₹267.00
Level: 1
Receiver Status: Active
Receiver Topup: ₹8,900.00
ACTION: SUCCESS -> Earning record inserted (ID: 39, Secret: DRB1-26, Amount: ₹267.00, Status: Pending - Will be credited to Wallet when Midnight Cron runs)
----------------------------------------

========================================
[DRB / LEVEL INCOME DEBUG]
TIME: 2026-10-02 00:00:07
DOWNLINE EARNER ID: 572928
PACKAGE ID: 1
PARSED LEVEL 1 %: 30%
PARSED LEVEL 2 %: 20%

--- LEVEL 1 DRB CALCULATION (30%) ---
Direct Sponsor ID: 676047
Calculated Level 1 Amount: ₹267.00
ACTION: CREDITED -> User #676047 received ₹267.00 as Direct Referral Bonus Level 1 (30%)

--- LEVEL 2 DRB CALCULATION (20%) ---
Level 2 Sponsor ID: 1001
Calculated Level 2 Amount: ₹178.00
ACTION: SKIPPED (Duplicate prevention: DRB Level 2 already generated for this matching event)
========================================

========================================
[DRB / LEVEL INCOME DEBUG]
TIME: 2026-10-02 00:00:07
DOWNLINE EARNER ID: 806549
PACKAGE ID: 1
PARSED LEVEL 1 %: 30%
PARSED LEVEL 2 %: 20%

--- LEVEL 1 DRB CALCULATION (30%) ---
Direct Sponsor ID: 648234
Calculated Level 1 Amount: ₹267.00
ACTION: SKIPPED (Sponsor #648234 is either Inactive or tail is not complete: total_pairs = 0)

--- LEVEL 2 DRB CALCULATION (20%) ---
Level 2 Sponsor ID: 572928
Calculated Level 2 Amount: ₹178.00
ACTION: SKIPPED (Duplicate prevention: DRB Level 2 already generated for this matching event)
========================================

========================================
[DRB / LEVEL INCOME DEBUG]
TIME: 2026-10-02 00:00:07
DOWNLINE EARNER ID: 676047
PACKAGE ID: 1
PARSED LEVEL 1 %: 30%
PARSED LEVEL 2 %: 20%

--- LEVEL 1 DRB CALCULATION (30%) ---
Direct Sponsor ID: 1001
Calculated Level 1 Amount: ₹267.00
ACTION: SKIPPED (Duplicate prevention: DRB Level 1 already generated for this matching event)

--- LEVEL 2 DRB CALCULATION (20%) ---
Level 2 Sponsor ID: 1000
Calculated Level 2 Amount: ₹178.00
ACTION: SKIPPED (No valid Level 2 sponsor found / Level 2 Sponsor is 1000)
========================================

========================================
[DIRECT SPONSOR INCOME DEBUG]
TIME: 2026-10-02 22:41:33
New Member ID: 440299
Direct Sponsor ID: 1001
Package ID: 1
Member PV: 1, Package Ratio: 1, Qty: 1
Existing Direct Sponsor Records: 0
Direct Rate: ₹890.00
Calculated Direct Sponsor Amount: ₹890.00
ACTION: Forwarding to pay_earning for Sponsor #1001
========================================

----------------------------------------
[PAY EARNING GATEWAY]
TIME: 2026-10-02 22:41:33
Receiver User ID: 1001
From User (Ref ID): 440299
Income Type: Direct Sponsor Income
Amount: ₹890.00
Level: 0
Receiver Status: Active
Receiver Topup: ₹0.00
ACTION: SUCCESS -> Earning record inserted (ID: 1, Secret: DIR-1001-20261002224133-607, Amount: ₹890.00, Status: Credited to Wallet IMMEDIATELY - Direct Sponsor Income)
----------------------------------------

========================================
[DIRECT SPONSOR INCOME DEBUG]
TIME: 2026-10-02 22:41:58
New Member ID: 442601
Direct Sponsor ID: 440299
Package ID: 1
Member PV: 1, Package Ratio: 1, Qty: 1
Existing Direct Sponsor Records: 0
Direct Rate: ₹890.00
Calculated Direct Sponsor Amount: ₹890.00
ACTION: Forwarding to pay_earning for Sponsor #440299
========================================

----------------------------------------
[PAY EARNING GATEWAY]
TIME: 2026-10-02 22:41:58
Receiver User ID: 440299
From User (Ref ID): 442601
Income Type: Direct Sponsor Income
Amount: ₹890.00
Level: 0
Receiver Status: Active
Receiver Topup: ₹8,900.00
ACTION: SUCCESS -> Earning record inserted (ID: 2, Secret: DIR-440299-20261002224158-610, Amount: ₹890.00, Status: Credited to Wallet IMMEDIATELY - Direct Sponsor Income)
----------------------------------------

========================================
[DIRECT SPONSOR INCOME DEBUG]
TIME: 2026-10-02 22:42:33
New Member ID: 892467
Direct Sponsor ID: 440299
Package ID: 1
Member PV: 1, Package Ratio: 1, Qty: 1
Existing Direct Sponsor Records: 0
Direct Rate: ₹890.00
Calculated Direct Sponsor Amount: ₹890.00
ACTION: Forwarding to pay_earning for Sponsor #440299
========================================

----------------------------------------
[PAY EARNING GATEWAY]
TIME: 2026-10-02 22:42:33
Receiver User ID: 440299
From User (Ref ID): 892467
Income Type: Direct Sponsor Income
Amount: ₹890.00
Level: 0
Receiver Status: Active
Receiver Topup: ₹8,900.00
ACTION: SUCCESS -> Earning record inserted (ID: 3, Secret: DIR-440299-20261002224233-682, Amount: ₹890.00, Status: Credited to Wallet IMMEDIATELY - Direct Sponsor Income)
----------------------------------------

========================================
[DIRECT SPONSOR INCOME DEBUG]
TIME: 2026-10-02 22:45:09
New Member ID: 887412
Direct Sponsor ID: 892467
Package ID: 1
Member PV: 1, Package Ratio: 1, Qty: 1
Existing Direct Sponsor Records: 0
Direct Rate: ₹890.00
Calculated Direct Sponsor Amount: ₹890.00
ACTION: Forwarding to pay_earning for Sponsor #892467
========================================

----------------------------------------
[PAY EARNING GATEWAY]
TIME: 2026-10-02 22:45:09
Receiver User ID: 892467
From User (Ref ID): 887412
Income Type: Direct Sponsor Income
Amount: ₹890.00
Level: 0
Receiver Status: Active
Receiver Topup: ₹8,900.00
ACTION: SUCCESS -> Earning record inserted (ID: 4, Secret: DIR-892467-20261002224509-813, Amount: ₹890.00, Status: Credited to Wallet IMMEDIATELY - Direct Sponsor Income)
----------------------------------------

========================================
[DIRECT SPONSOR INCOME DEBUG]
TIME: 2026-10-02 22:51:11
New Member ID: 129636
Direct Sponsor ID: 892467
Package ID: 1
Member PV: 1, Package Ratio: 1, Qty: 1
Existing Direct Sponsor Records: 0
Direct Rate: ₹890.00
Calculated Direct Sponsor Amount: ₹890.00
ACTION: Forwarding to pay_earning for Sponsor #892467
========================================

----------------------------------------
[PAY EARNING GATEWAY]
TIME: 2026-10-02 22:51:11
Receiver User ID: 892467
From User (Ref ID): 129636
Income Type: Direct Sponsor Income
Amount: ₹890.00
Level: 0
Receiver Status: Active
Receiver Topup: ₹8,900.00
ACTION: SUCCESS -> Earning record inserted (ID: 5, Secret: DIR-892467-20261002225111-309, Amount: ₹890.00, Status: Credited to Wallet IMMEDIATELY - Direct Sponsor Income)
----------------------------------------

========================================
[BINARY DEBUG]
TIME: 2026-10-03 00:00:03
FUNCTION ENTERED: process_binary
USER ID: 440299
========================================

----------------------------------------
[PAY EARNING GATEWAY]
TIME: 2026-10-03 00:00:03
Receiver User ID: 1001
From User (Ref ID): 440299
Income Type: Direct Referral Bonus Level 1
Amount: ₹267.00
Level: 1
Receiver Status: Active
Receiver Topup: ₹0.00
ACTION: SUCCESS -> Earning record inserted (ID: 7, Secret: DRB1-6, Amount: ₹267.00, Status: Pending - Will be credited to Wallet when Midnight Cron runs)
----------------------------------------

========================================
[DRB / LEVEL INCOME DEBUG]
TIME: 2026-10-03 00:00:03
DOWNLINE EARNER ID: 440299
PACKAGE ID: 1
PARSED LEVEL 1 %: 30%
PARSED LEVEL 2 %: 20%

--- LEVEL 1 DRB CALCULATION (30%) ---
Direct Sponsor ID: 1001
Calculated Level 1 Amount: ₹267.00
ACTION: CREDITED -> User #1001 received ₹267.00 as Direct Referral Bonus Level 1 (30%)

--- LEVEL 2 DRB CALCULATION (20%) ---
Level 2 Sponsor ID: 1000
Calculated Level 2 Amount: ₹178.00
ACTION: SKIPPED (No valid Level 2 sponsor found / Level 2 Sponsor is 1000)
========================================

========================================
[BINARY DEBUG]
TIME: 2026-10-03 00:00:03
USER ID: 440299
FUNCTION: process_binary
========================================

MEMBER INFORMATION:
Member ID: 440299
Member Name: Swati Jagtap
Status: Active
Rank: Member
Topup: 8900.00
Package: 1

TREE / PV INFORMATION:
Total Left PV: 2
Paid Left PV: 0
Available Left PV: 2

Total Right PV: 1
Paid Right PV: 0
Available Right PV: 1

Lifetime Paid Pairs: 0

DIRECT SPONSOR INFORMATION:
Direct Left: 1
Direct Right: 0
(Informational ONLY - Does not block 2:1 / 1:2 PV matching)

PAIR CALCULATION:
BINARY RATIO CHECK:
Left Available: 2
Right Available: 1
Lifetime Previous Pairs: 0

Checking 2:1:
Left >= 2? YES (Left = 2 >= 2)
Right >= 1? YES (Right = 1 >= 1)

Checking 1:2:
Left >= 1? YES (Left = 2 >= 1)
Right >= 2? NO (Right = 1 < 2)

Selected Ratio: 2:1
Pairs Calculated: 1
Left PV To Consume: 2
Right PV To Consume: 1
PAYOUT CALCULATION:
BINARY PAYOUT CALCULATION:
Package ID: 1
Matching Income Configuration: 
Payout Per Pair: 890
Daily Cap: 14240
Pairs Calculated: 1
Pairs Allowed By Cap: 16
Payable Pairs: 1
Total Payout: 890

DATABASE TRANSACTION:
[BINARY TRANSACTION]
BEGIN

1. EARNING INSERT
BINARY EARNING INSERT:
SUCCESS
Insert ID: 
User ID: 440299
Amount: 890
Type: Matching Income
Pair Count: 1
Transaction Reference: BIN-440299-20261003000003-5664

2. WALLET CREDIT
WALLET CREDIT:
SUCCESS
User ID: 440299
Previous Balance: 0
Credit Amount: 890
New Balance: 0

3. PV CONSUMPTION
PV UPDATE:
Before Paid Left: 0
Before Paid Right: 0
Left PV Consumed: 2
Right PV Consumed: 1
After Paid Left: 2
After Paid Right: 1

4. LIFETIME PAIR UPDATE
LIFETIME PAIR UPDATE:
Before: 0
Added: 1
After: 1

5. TRANSACTION
BINARY TRANSACTION:
COMMITTED

FINAL RESULT = PAYOUT GENERATED
Pairs Generated = 1
Payout Generated = 890
Left PV Remaining = 0
Right PV Remaining = 0
========================================

========================================
[DRB / LEVEL INCOME DEBUG]
TIME: 2026-10-03 00:00:03
DOWNLINE EARNER ID: 440299
PACKAGE ID: 1
PARSED LEVEL 1 %: 30%
PARSED LEVEL 2 %: 20%

--- LEVEL 1 DRB CALCULATION (30%) ---
Direct Sponsor ID: 1001
Calculated Level 1 Amount: ₹267.00
ACTION: SKIPPED (Duplicate prevention: DRB Level 1 already generated for this matching event)

--- LEVEL 2 DRB CALCULATION (20%) ---
Level 2 Sponsor ID: 1000
Calculated Level 2 Amount: ₹178.00
ACTION: SKIPPED (No valid Level 2 sponsor found / Level 2 Sponsor is 1000)
========================================

========================================
[DIRECT SPONSOR INCOME DEBUG]
TIME: 2026-10-03 11:16:17
New Member ID: 930251
Direct Sponsor ID: 1001
Package ID: 1
Member PV: 1, Package Ratio: 1, Qty: 1
Existing Direct Sponsor Records: 0
Direct Rate: ₹890.00
Calculated Direct Sponsor Amount: ₹890.00
ACTION: Forwarding to pay_earning for Sponsor #1001
========================================

----------------------------------------
[PAY EARNING GATEWAY]
TIME: 2026-10-03 11:16:17
Receiver User ID: 1001
From User (Ref ID): 930251
Income Type: Direct Sponsor Income
Amount: ₹890.00
Level: 0
Receiver Status: Active
Receiver Topup: ₹8,900.00
ACTION: SUCCESS -> Earning record inserted (ID: 1, Secret: DIR-1001-20261003111617-774, Amount: ₹890.00, Status: Credited to Wallet IMMEDIATELY - Direct Sponsor Income)
----------------------------------------

========================================
[DIRECT SPONSOR INCOME DEBUG]
TIME: 2026-10-03 11:18:22
New Member ID: 388783
Direct Sponsor ID: 1001
Package ID: 1
Member PV: 1, Package Ratio: 1, Qty: 1
Existing Direct Sponsor Records: 0
Direct Rate: ₹890.00
Calculated Direct Sponsor Amount: ₹890.00
ACTION: Forwarding to pay_earning for Sponsor #1001
========================================

----------------------------------------
[PAY EARNING GATEWAY]
TIME: 2026-10-03 11:18:22
Receiver User ID: 1001
From User (Ref ID): 388783
Income Type: Direct Sponsor Income
Amount: ₹890.00
Level: 0
Receiver Status: Active
Receiver Topup: ₹8,900.00
ACTION: SUCCESS -> Earning record inserted (ID: 2, Secret: DIR-1001-20261003111822-583, Amount: ₹890.00, Status: Credited to Wallet IMMEDIATELY - Direct Sponsor Income)
----------------------------------------

========================================
[DIRECT SPONSOR INCOME DEBUG]
TIME: 2026-10-03 11:22:06
New Member ID: 717190
Direct Sponsor ID: 1001
Package ID: 1
Member PV: 1, Package Ratio: 1, Qty: 1
Existing Direct Sponsor Records: 0
Direct Rate: ₹890.00
Calculated Direct Sponsor Amount: ₹890.00
ACTION: Forwarding to pay_earning for Sponsor #1001
========================================

----------------------------------------
[PAY EARNING GATEWAY]
TIME: 2026-10-03 11:22:06
Receiver User ID: 1001
From User (Ref ID): 717190
Income Type: Direct Sponsor Income
Amount: ₹890.00
Level: 0
Receiver Status: Active
Receiver Topup: ₹8,900.00
ACTION: SUCCESS -> Earning record inserted (ID: 3, Secret: DIR-1001-20261003112206-894, Amount: ₹890.00, Status: Credited to Wallet IMMEDIATELY - Direct Sponsor Income)
----------------------------------------

========================================
[DIRECT SPONSOR INCOME DEBUG]
TIME: 2026-10-03 11:32:37
New Member ID: 783021
Direct Sponsor ID: 930251
Package ID: 1
Member PV: 1, Package Ratio: 1, Qty: 1
Existing Direct Sponsor Records: 0
Direct Rate: ₹890.00
Calculated Direct Sponsor Amount: ₹890.00
ACTION: Forwarding to pay_earning for Sponsor #930251
========================================

----------------------------------------
[PAY EARNING GATEWAY]
TIME: 2026-10-03 11:32:37
Receiver User ID: 930251
From User (Ref ID): 783021
Income Type: Direct Sponsor Income
Amount: ₹890.00
Level: 0
Receiver Status: Active
Receiver Topup: ₹8,900.00
ACTION: SUCCESS -> Earning record inserted (ID: 4, Secret: DIR-930251-20261003113237-377, Amount: ₹890.00, Status: Credited to Wallet IMMEDIATELY - Direct Sponsor Income)
----------------------------------------

----------------------------------------
[PAY EARNING GATEWAY]
TIME: 2026-10-04 00:00:02
Receiver User ID: 930251
From User (Ref ID): 717190
Income Type: Direct Sponsor Income
Amount: ₹890.00
Level: 0
Receiver Status: Active
Receiver Topup: ₹8,900.00
ACTION: SUCCESS -> Earning record inserted (ID: 5, Secret: DIR-930251-20261004000002-238, Amount: ₹890.00, Status: Credited to Wallet IMMEDIATELY - Direct Sponsor Income)
----------------------------------------

========================================
[BINARY DEBUG]
TIME: 2026-10-04 00:00:02
FUNCTION ENTERED: process_binary
USER ID: 1001
========================================

========================================
[DRB / LEVEL INCOME DEBUG]
TIME: 2026-10-04 00:00:03
DOWNLINE EARNER ID: 1001
PACKAGE ID: 1
PARSED LEVEL 1 %: 30%
PARSED LEVEL 2 %: 20%

--- LEVEL 1 DRB CALCULATION (30%) ---
Direct Sponsor ID: 1000
Calculated Level 1 Amount: ₹267.00
ACTION: SKIPPED (No valid direct sponsor found / Sponsor is 1000)

--- LEVEL 2 DRB CALCULATION (20%) ---
Level 2 Sponsor ID: None
Calculated Level 2 Amount: ₹178.00
ACTION: SKIPPED (No valid Level 2 sponsor found / Level 2 Sponsor is 1000)
========================================

========================================
[BINARY DEBUG]
TIME: 2026-10-04 00:00:02
USER ID: 1001
FUNCTION: process_binary
========================================

MEMBER INFORMATION:
Member ID: 1001
Member Name: Green Amrut Herbal Multitrade Private Limited
Status: Active
Rank: Member
Topup: 8900.00
Package: 1

TREE / PV INFORMATION:
Total Left PV: 13
Paid Left PV: 0
Available Left PV: 13

Total Right PV: 1
Paid Right PV: 0
Available Right PV: 1

Lifetime Paid Pairs: 0

DIRECT SPONSOR INFORMATION:
Direct Left: 1
Direct Right: 1
(Informational ONLY - Does not block 2:1 / 1:2 PV matching)

PAIR CALCULATION:
BINARY RATIO CHECK:
Left Available: 13
Right Available: 1
Lifetime Previous Pairs: 0

Checking 2:1:
Left >= 2? YES (Left = 13 >= 2)
Right >= 1? YES (Right = 1 >= 1)

Checking 1:2:
Left >= 1? YES (Left = 13 >= 1)
Right >= 2? NO (Right = 1 < 2)

Selected Ratio: 2:1
Pairs Calculated: 1
Left PV To Consume: 2
Right PV To Consume: 1
PAYOUT CALCULATION:
BINARY PAYOUT CALCULATION:
Package ID: 1
Matching Income Configuration: 
Payout Per Pair: 890
Daily Cap: 14240
Pairs Calculated: 1
Pairs Allowed By Cap: 16
Payable Pairs: 1
Total Payout: 890

DATABASE TRANSACTION:
[BINARY TRANSACTION]
BEGIN

1. EARNING INSERT
BINARY EARNING INSERT:
SUCCESS
Insert ID: 
User ID: 1001
Amount: 890
Type: Matching Income
Pair Count: 1
Transaction Reference: BIN-1001-20261004000002-3077

2. WALLET CREDIT
WALLET CREDIT:
SUCCESS
User ID: 1001
Previous Balance: 0
Credit Amount: 890
New Balance: 0

3. PV CONSUMPTION
PV UPDATE:
Before Paid Left: 0
Before Paid Right: 0
Left PV Consumed: 2
Right PV Consumed: 1
After Paid Left: 2
After Paid Right: 1

4. LIFETIME PAIR UPDATE
LIFETIME PAIR UPDATE:
Before: 0
Added: 1
After: 1

5. TRANSACTION
BINARY TRANSACTION:
COMMITTED

FINAL RESULT = PAYOUT GENERATED
Pairs Generated = 1
Payout Generated = 890
Left PV Remaining = 11
Right PV Remaining = 0
========================================

========================================
[BINARY DEBUG]
TIME: 2026-10-04 00:00:03
FUNCTION ENTERED: process_binary
USER ID: 930251
========================================

========================================
[BINARY DEBUG]
TIME: 2026-10-04 00:00:03
USER ID: 930251
FUNCTION: process_binary
========================================

MEMBER INFORMATION:
Member ID: 930251
Member Name: Swati Jagtap
Status: Active
Rank: Member
Topup: 8900.00
Package: 1

TREE / PV INFORMATION:
Total Left PV: 1
Paid Left PV: 0
Available Left PV: 1

Total Right PV: 1
Paid Right PV: 0
Available Right PV: 1

Lifetime Paid Pairs: 0

DIRECT SPONSOR INFORMATION:
Direct Left: 1
Direct Right: 1
(Informational ONLY - Does not block 2:1 / 1:2 PV matching)

PAIR CALCULATION:
BINARY RATIO CHECK:
Left Available: 1
Right Available: 1
Lifetime Previous Pairs: 0

Checking 2:1:
Left >= 2? NO (Left = 1 < 2)
Right >= 1? YES (Right = 1 >= 1)

Checking 1:2:
Left >= 1? YES (Left = 1 >= 1)
Right >= 2? NO (Right = 1 < 2)

Selected Ratio: NONE
Pairs Calculated: 0
Left PV To Consume: 0
Right PV To Consume: 0
FINAL RESULT = NO PAIR FORMED
Pairs Generated = 0
Payout Generated = 0
Left PV Remaining = 1
Right PV Remaining = 1
========================================

========================================
[DRB / LEVEL INCOME DEBUG]
TIME: 2026-10-04 00:00:03
DOWNLINE EARNER ID: 1001
PACKAGE ID: 1
PARSED LEVEL 1 %: 30%
PARSED LEVEL 2 %: 20%

--- LEVEL 1 DRB CALCULATION (30%) ---
Direct Sponsor ID: 1000
Calculated Level 1 Amount: ₹267.00
ACTION: SKIPPED (No valid direct sponsor found / Sponsor is 1000)

--- LEVEL 2 DRB CALCULATION (20%) ---
Level 2 Sponsor ID: None
Calculated Level 2 Amount: ₹178.00
ACTION: SKIPPED (No valid Level 2 sponsor found / Level 2 Sponsor is 1000)
========================================

----------------------------------------
[PAY EARNING GATEWAY]
TIME: 2026-10-04 08:15:59
Receiver User ID: 1001
From User (Ref ID): 388783
Income Type: Direct Sponsor Income
Amount: ₹890.00
Level: 0
Receiver Status: Active
Receiver Topup: ₹8,900.00
ACTION: SUCCESS -> Earning record inserted (ID: 1, Secret: DIR-1001-20261004081559-776, Amount: ₹890.00, Status: Credited to Wallet IMMEDIATELY - Direct Sponsor Income)
----------------------------------------

----------------------------------------
[PAY EARNING GATEWAY]
TIME: 2026-10-04 08:15:59
Receiver User ID: 930251
From User (Ref ID): 717190
Income Type: Direct Sponsor Income
Amount: ₹890.00
Level: 0
Receiver Status: Active
Receiver Topup: ₹8,900.00
ACTION: SUCCESS -> Earning record inserted (ID: 2, Secret: DIR-930251-20261004081559-885, Amount: ₹890.00, Status: Credited to Wallet IMMEDIATELY - Direct Sponsor Income)
----------------------------------------

----------------------------------------
[PAY EARNING GATEWAY]
TIME: 2026-10-04 08:15:59
Receiver User ID: 930251
From User (Ref ID): 783021
Income Type: Direct Sponsor Income
Amount: ₹890.00
Level: 0
Receiver Status: Active
Receiver Topup: ₹8,900.00
ACTION: SUCCESS -> Earning record inserted (ID: 3, Secret: DIR-930251-20261004081559-201, Amount: ₹890.00, Status: Credited to Wallet IMMEDIATELY - Direct Sponsor Income)
----------------------------------------

----------------------------------------
[PAY EARNING GATEWAY]
TIME: 2026-10-04 08:15:59
Receiver User ID: 1001
From User (Ref ID): 930251
Income Type: Direct Sponsor Income
Amount: ₹890.00
Level: 0
Receiver Status: Active
Receiver Topup: ₹8,900.00
ACTION: SUCCESS -> Earning record inserted (ID: 4, Secret: DIR-1001-20261004081559-687, Amount: ₹890.00, Status: Credited to Wallet IMMEDIATELY - Direct Sponsor Income)
----------------------------------------

========================================
[BINARY DEBUG]
TIME: 2026-10-04 08:15:59
FUNCTION ENTERED: process_binary
USER ID: 1001
========================================

========================================
[DRB / LEVEL INCOME DEBUG]
TIME: 2026-10-04 08:15:59
DOWNLINE EARNER ID: 1001
PACKAGE ID: 1
PARSED LEVEL 1 %: 30%
PARSED LEVEL 2 %: 20%

--- LEVEL 1 DRB CALCULATION (30%) ---
Direct Sponsor ID: 1000
Calculated Level 1 Amount: ₹267.00
ACTION: SKIPPED (No valid direct sponsor found / Sponsor is 1000)

--- LEVEL 2 DRB CALCULATION (20%) ---
Level 2 Sponsor ID: None
Calculated Level 2 Amount: ₹178.00
ACTION: SKIPPED (No valid Level 2 sponsor found / Level 2 Sponsor is 1000)
========================================

========================================
[BINARY DEBUG]
TIME: 2026-10-04 08:15:59
USER ID: 1001
FUNCTION: process_binary
========================================

MEMBER INFORMATION:
Member ID: 1001
Member Name: Green Amrut Herbal Multitrade Private Limited
Status: Active
Rank: Member
Topup: 8900.00
Package: 1

TREE / PV INFORMATION:
Total Left PV: 13
Paid Left PV: 0
Available Left PV: 13

Total Right PV: 1
Paid Right PV: 0
Available Right PV: 1

Lifetime Paid Pairs: 0

DIRECT SPONSOR INFORMATION:
Direct Left: 1
Direct Right: 1
(Informational ONLY - Does not block 2:1 / 1:2 PV matching)

PAIR CALCULATION:
BINARY RATIO CHECK:
Left Available: 13
Right Available: 1
Lifetime Previous Pairs: 0

Checking 2:1:
Left >= 2? YES (Left = 13 >= 2)
Right >= 1? YES (Right = 1 >= 1)

Checking 1:2:
Left >= 1? YES (Left = 13 >= 1)
Right >= 2? NO (Right = 1 < 2)

Selected Ratio: 2:1
Pairs Calculated: 1
Left PV To Consume: 2
Right PV To Consume: 1
PAYOUT CALCULATION:
BINARY PAYOUT CALCULATION:
Package ID: 1
Matching Income Configuration: 
Payout Per Pair: 890
Daily Cap: 14240
Pairs Calculated: 1
Pairs Allowed By Cap: 16
Payable Pairs: 1
Total Payout: 890

DATABASE TRANSACTION:
[BINARY TRANSACTION]
BEGIN

1. EARNING INSERT
BINARY EARNING INSERT:
SUCCESS
Insert ID: 
User ID: 1001
Amount: 890
Type: Matching Income
Pair Count: 1
Transaction Reference: BIN-1001-20261004081559-6413

2. WALLET CREDIT
WALLET CREDIT:
SUCCESS
User ID: 1001
Previous Balance: 0
Credit Amount: 890
New Balance: 0

3. PV CONSUMPTION
PV UPDATE:
Before Paid Left: 0
Before Paid Right: 0
Left PV Consumed: 2
Right PV Consumed: 1
After Paid Left: 2
After Paid Right: 1

4. LIFETIME PAIR UPDATE
LIFETIME PAIR UPDATE:
Before: 0
Added: 1
After: 1

5. TRANSACTION
BINARY TRANSACTION:
COMMITTED

FINAL RESULT = PAYOUT GENERATED
Pairs Generated = 1
Payout Generated = 890
Left PV Remaining = 11
Right PV Remaining = 0
========================================

========================================
[BINARY DEBUG]
TIME: 2026-10-04 08:15:59
FUNCTION ENTERED: process_binary
USER ID: 930251
========================================

========================================
[BINARY DEBUG]
TIME: 2026-10-04 08:15:59
USER ID: 930251
FUNCTION: process_binary
========================================

MEMBER INFORMATION:
Member ID: 930251
Member Name: Swati Jagtap
Status: Active
Rank: Member
Topup: 8900.00
Package: 1

TREE / PV INFORMATION:
Total Left PV: 1
Paid Left PV: 0
Available Left PV: 1

Total Right PV: 1
Paid Right PV: 0
Available Right PV: 1

Lifetime Paid Pairs: 0

DIRECT SPONSOR INFORMATION:
Direct Left: 1
Direct Right: 1
(Informational ONLY - Does not block 2:1 / 1:2 PV matching)

PAIR CALCULATION:
BINARY RATIO CHECK:
Left Available: 1
Right Available: 1
Lifetime Previous Pairs: 0

Checking 2:1:
Left >= 2? NO (Left = 1 < 2)
Right >= 1? YES (Right = 1 >= 1)

Checking 1:2:
Left >= 1? YES (Left = 1 >= 1)
Right >= 2? NO (Right = 1 < 2)

Selected Ratio: NONE
Pairs Calculated: 0
Left PV To Consume: 0
Right PV To Consume: 0
FINAL RESULT = NO PAIR FORMED
Pairs Generated = 0
Payout Generated = 0
Left PV Remaining = 1
Right PV Remaining = 1
========================================

========================================
[DRB / LEVEL INCOME DEBUG]
TIME: 2026-10-04 08:15:59
DOWNLINE EARNER ID: 1001
PACKAGE ID: 1
PARSED LEVEL 1 %: 30%
PARSED LEVEL 2 %: 20%

--- LEVEL 1 DRB CALCULATION (30%) ---
Direct Sponsor ID: 1000
Calculated Level 1 Amount: ₹267.00
ACTION: SKIPPED (No valid direct sponsor found / Sponsor is 1000)

--- LEVEL 2 DRB CALCULATION (20%) ---
Level 2 Sponsor ID: None
Calculated Level 2 Amount: ₹178.00
ACTION: SKIPPED (No valid Level 2 sponsor found / Level 2 Sponsor is 1000)
========================================

========================================
[DIRECT SPONSOR INCOME DEBUG]
TIME: 2026-10-04 10:54:14
New Member ID: 291814
Direct Sponsor ID: 717190
Package ID: 1
Member PV: 1, Package Ratio: 1, Qty: 1
Existing Direct Sponsor Records: 0
Direct Rate: ₹890.00
Calculated Direct Sponsor Amount: ₹890.00
ACTION: Forwarding to pay_earning for Sponsor #717190
========================================

----------------------------------------
[PAY EARNING GATEWAY]
TIME: 2026-10-04 10:54:14
Receiver User ID: 717190
From User (Ref ID): 291814
Income Type: Direct Sponsor Income
Amount: ₹890.00
Level: 0
Receiver Status: Active
Receiver Topup: ₹8,900.00
ACTION: SUCCESS -> Earning record inserted (ID: 6, Secret: DIR-717190-20261004105414-848, Amount: ₹890.00, Status: Credited to Wallet IMMEDIATELY - Direct Sponsor Income)
----------------------------------------

========================================
[BINARY DEBUG]
TIME: 2026-10-04 12:22:30
FUNCTION ENTERED: process_binary
USER ID: 1001
========================================

========================================
[BINARY DEBUG]
TIME: 2026-10-04 12:22:30
USER ID: 1001
FUNCTION: process_binary
========================================

MEMBER INFORMATION:
Member ID: 1001
Member Name: Green Amrut Herbal Multitrade Private Limited
Status: Active
Rank: Member
Topup: 8900.00
Package: 1

TREE / PV INFORMATION:
Total Left PV: 14
Paid Left PV: 2
Available Left PV: 12

Total Right PV: 1
Paid Right PV: 1
Available Right PV: 0

Lifetime Paid Pairs: 1

DIRECT SPONSOR INFORMATION:
Direct Left: 1
Direct Right: 1
(Informational ONLY - Does not block 2:1 / 1:2 PV matching)

PAIR CALCULATION:
BINARY RATIO CHECK:
Left Available: 12
Right Available: 0
Lifetime Previous Pairs: 1

Checking 2:1:
Left >= 2? YES (Left = 12 >= 2)
Right >= 1? NO (Right = 0 < 1)

Checking 1:2:
Left >= 1? YES (Left = 12 >= 1)
Right >= 2? NO (Right = 0 < 2)

Selected Ratio: NONE
Pairs Calculated: 0
Left PV To Consume: 0
Right PV To Consume: 0
FINAL RESULT = NO PAIR FORMED
Pairs Generated = 0
Payout Generated = 0
Left PV Remaining = 12
Right PV Remaining = 0
========================================

========================================
[BINARY DEBUG]
TIME: 2026-10-04 12:22:30
FUNCTION ENTERED: process_binary
USER ID: 930251
========================================

----------------------------------------
[PAY EARNING GATEWAY]
TIME: 2026-10-04 12:22:30
Receiver User ID: 1001
From User (Ref ID): 930251
Income Type: Direct Referral Bonus Level 1
Amount: ₹267.00
Level: 1
Receiver Status: Active
Receiver Topup: ₹8,900.00
ACTION: SUCCESS -> Earning record inserted (ID: 8, Secret: DRB1-7, Amount: ₹267.00, Status: Pending - Will be credited to Wallet when Midnight Cron runs)
----------------------------------------

========================================
[DRB / LEVEL INCOME DEBUG]
TIME: 2026-10-04 12:22:30
DOWNLINE EARNER ID: 930251
PACKAGE ID: 1
PARSED LEVEL 1 %: 30%
PARSED LEVEL 2 %: 20%

--- LEVEL 1 DRB CALCULATION (30%) ---
Direct Sponsor ID: 1001
Calculated Level 1 Amount: ₹267.00
ACTION: CREDITED -> User #1001 received ₹267.00 as Direct Referral Bonus Level 1 (30%)

--- LEVEL 2 DRB CALCULATION (20%) ---
Level 2 Sponsor ID: 1000
Calculated Level 2 Amount: ₹178.00
ACTION: SKIPPED (No valid Level 2 sponsor found / Level 2 Sponsor is 1000)
========================================

========================================
[BINARY DEBUG]
TIME: 2026-10-04 12:22:30
USER ID: 930251
FUNCTION: process_binary
========================================

MEMBER INFORMATION:
Member ID: 930251
Member Name: Swati Jagtap
Status: Active
Rank: Member
Topup: 8900.00
Package: 1

TREE / PV INFORMATION:
Total Left PV: 2
Paid Left PV: 0
Available Left PV: 2

Total Right PV: 1
Paid Right PV: 0
Available Right PV: 1

Lifetime Paid Pairs: 0

DIRECT SPONSOR INFORMATION:
Direct Left: 1
Direct Right: 1
(Informational ONLY - Does not block 2:1 / 1:2 PV matching)

PAIR CALCULATION:
BINARY RATIO CHECK:
Left Available: 2
Right Available: 1
Lifetime Previous Pairs: 0

Checking 2:1:
Left >= 2? YES (Left = 2 >= 2)
Right >= 1? YES (Right = 1 >= 1)

Checking 1:2:
Left >= 1? YES (Left = 2 >= 1)
Right >= 2? NO (Right = 1 < 2)

Selected Ratio: 2:1
Pairs Calculated: 1
Left PV To Consume: 2
Right PV To Consume: 1
PAYOUT CALCULATION:
BINARY PAYOUT CALCULATION:
Package ID: 1
Matching Income Configuration: 
Payout Per Pair: 890
Daily Cap: 14240
Pairs Calculated: 1
Pairs Allowed By Cap: 16
Payable Pairs: 1
Total Payout: 890

DATABASE TRANSACTION:
[BINARY TRANSACTION]
BEGIN

1. EARNING INSERT
BINARY EARNING INSERT:
SUCCESS
Insert ID: 
User ID: 930251
Amount: 890
Type: Matching Income
Pair Count: 1
Transaction Reference: BIN-930251-20261004122230-6548

2. WALLET CREDIT
WALLET CREDIT:
SUCCESS
User ID: 930251
Previous Balance: 0
Credit Amount: 890
New Balance: 0

3. PV CONSUMPTION
PV UPDATE:
Before Paid Left: 0
Before Paid Right: 0
Left PV Consumed: 2
Right PV Consumed: 1
After Paid Left: 2
After Paid Right: 1

4. LIFETIME PAIR UPDATE
LIFETIME PAIR UPDATE:
Before: 0
Added: 1
After: 1

5. TRANSACTION
BINARY TRANSACTION:
COMMITTED

FINAL RESULT = PAYOUT GENERATED
Pairs Generated = 1
Payout Generated = 890
Left PV Remaining = 0
Right PV Remaining = 0
========================================

========================================
[DRB / LEVEL INCOME DEBUG]
TIME: 2026-10-04 12:22:30
DOWNLINE EARNER ID: 1001
PACKAGE ID: 1
PARSED LEVEL 1 %: 30%
PARSED LEVEL 2 %: 20%

--- LEVEL 1 DRB CALCULATION (30%) ---
Direct Sponsor ID: 1000
Calculated Level 1 Amount: ₹267.00
ACTION: SKIPPED (No valid direct sponsor found / Sponsor is 1000)

--- LEVEL 2 DRB CALCULATION (20%) ---
Level 2 Sponsor ID: None
Calculated Level 2 Amount: ₹178.00
ACTION: SKIPPED (No valid Level 2 sponsor found / Level 2 Sponsor is 1000)
========================================

========================================
[DRB / LEVEL INCOME DEBUG]
TIME: 2026-10-04 12:22:30
DOWNLINE EARNER ID: 930251
PACKAGE ID: 1
PARSED LEVEL 1 %: 30%
PARSED LEVEL 2 %: 20%

--- LEVEL 1 DRB CALCULATION (30%) ---
Direct Sponsor ID: 1001
Calculated Level 1 Amount: ₹267.00
ACTION: SKIPPED (Duplicate prevention: DRB Level 1 already generated for this matching event)

--- LEVEL 2 DRB CALCULATION (20%) ---
Level 2 Sponsor ID: 1000
Calculated Level 2 Amount: ₹178.00
ACTION: SKIPPED (No valid Level 2 sponsor found / Level 2 Sponsor is 1000)
========================================

========================================
[DIRECT SPONSOR INCOME DEBUG]
TIME: 2026-10-04 23:31:16
New Member ID: 228811
Direct Sponsor ID: 717190
Package ID: 1
Member PV: 1, Package Ratio: 1, Qty: 1
Existing Direct Sponsor Records: 0
Direct Rate: ₹890.00
Calculated Direct Sponsor Amount: ₹890.00
ACTION: Forwarding to pay_earning for Sponsor #717190
========================================

----------------------------------------
[PAY EARNING GATEWAY]
TIME: 2026-10-04 23:31:16
Receiver User ID: 717190
From User (Ref ID): 228811
Income Type: Direct Sponsor Income
Amount: ₹890.00
Level: 0
Receiver Status: Active
Receiver Topup: ₹8,900.00
ACTION: SUCCESS -> Earning record inserted (ID: 9, Secret: DIR-717190-20261004233116-743, Amount: ₹890.00, Status: Credited to Wallet IMMEDIATELY - Direct Sponsor Income)
----------------------------------------

========================================
[DIRECT SPONSOR INCOME DEBUG]
TIME: 2026-10-04 23:38:42
New Member ID: 581455
Direct Sponsor ID: 930251
Package ID: 1
Member PV: 1, Package Ratio: 1, Qty: 1
Existing Direct Sponsor Records: 0
Direct Rate: ₹890.00
Calculated Direct Sponsor Amount: ₹890.00
ACTION: Forwarding to pay_earning for Sponsor #930251
========================================

----------------------------------------
[PAY EARNING GATEWAY]
TIME: 2026-10-04 23:38:42
Receiver User ID: 930251
From User (Ref ID): 581455
Income Type: Direct Sponsor Income
Amount: ₹890.00
Level: 0
Receiver Status: Active
Receiver Topup: ₹8,900.00
ACTION: SUCCESS -> Earning record inserted (ID: 10, Secret: DIR-930251-20261004233842-919, Amount: ₹890.00, Status: Credited to Wallet IMMEDIATELY - Direct Sponsor Income)
----------------------------------------

========================================
[DIRECT SPONSOR INCOME DEBUG]
TIME: 2026-10-04 23:43:46
New Member ID: 919852
Direct Sponsor ID: 388783
Package ID: 1
Member PV: 1, Package Ratio: 1, Qty: 1
Existing Direct Sponsor Records: 0
Direct Rate: ₹890.00
Calculated Direct Sponsor Amount: ₹890.00
ACTION: Forwarding to pay_earning for Sponsor #388783
========================================

----------------------------------------
[PAY EARNING GATEWAY]
TIME: 2026-10-04 23:43:46
Receiver User ID: 388783
From User (Ref ID): 919852
Income Type: Direct Sponsor Income
Amount: ₹890.00
Level: 0
Receiver Status: Active
Receiver Topup: ₹8,900.00
ACTION: SUCCESS -> Earning record inserted (ID: 11, Secret: DIR-388783-20261004234346-698, Amount: ₹890.00, Status: Credited to Wallet IMMEDIATELY - Direct Sponsor Income)
----------------------------------------

========================================
[DIRECT SPONSOR INCOME DEBUG]
TIME: 2026-10-04 23:49:37
New Member ID: 353091
Direct Sponsor ID: 388783
Package ID: 1
Member PV: 1, Package Ratio: 1, Qty: 1
Existing Direct Sponsor Records: 0
Direct Rate: ₹890.00
Calculated Direct Sponsor Amount: ₹890.00
ACTION: Forwarding to pay_earning for Sponsor #388783
========================================

----------------------------------------
[PAY EARNING GATEWAY]
TIME: 2026-10-04 23:49:37
Receiver User ID: 388783
From User (Ref ID): 353091
Income Type: Direct Sponsor Income
Amount: ₹890.00
Level: 0
Receiver Status: Active
Receiver Topup: ₹8,900.00
ACTION: SUCCESS -> Earning record inserted (ID: 12, Secret: DIR-388783-20261004234937-438, Amount: ₹890.00, Status: Credited to Wallet IMMEDIATELY - Direct Sponsor Income)
----------------------------------------

========================================
[BINARY DEBUG]
TIME: 2026-10-05 00:00:02
FUNCTION ENTERED: process_binary
USER ID: 1001
========================================

========================================
[DRB / LEVEL INCOME DEBUG]
TIME: 2026-10-05 00:00:02
DOWNLINE EARNER ID: 1001
PACKAGE ID: 1
PARSED LEVEL 1 %: 30%
PARSED LEVEL 2 %: 20%

--- LEVEL 1 DRB CALCULATION (30%) ---
Direct Sponsor ID: 1000
Calculated Level 1 Amount: ₹267.00
ACTION: SKIPPED (No valid direct sponsor found / Sponsor is 1000)

--- LEVEL 2 DRB CALCULATION (20%) ---
Level 2 Sponsor ID: None
Calculated Level 2 Amount: ₹178.00
ACTION: SKIPPED (No valid Level 2 sponsor found / Level 2 Sponsor is 1000)
========================================

========================================
[DRB / LEVEL INCOME DEBUG]
TIME: 2026-10-05 00:00:02
DOWNLINE EARNER ID: 1001
PACKAGE ID: 1
PARSED LEVEL 1 %: 30%
PARSED LEVEL 2 %: 20%

--- LEVEL 1 DRB CALCULATION (30%) ---
Direct Sponsor ID: 1000
Calculated Level 1 Amount: ₹267.00
ACTION: SKIPPED (No valid direct sponsor found / Sponsor is 1000)

--- LEVEL 2 DRB CALCULATION (20%) ---
Level 2 Sponsor ID: None
Calculated Level 2 Amount: ₹178.00
ACTION: SKIPPED (No valid Level 2 sponsor found / Level 2 Sponsor is 1000)
========================================

========================================
[BINARY DEBUG]
TIME: 2026-10-05 00:00:02
USER ID: 1001
FUNCTION: process_binary
========================================

MEMBER INFORMATION:
Member ID: 1001
Member Name: Green Amrut Herbal Multitrade Private Limited
Status: Active
Rank: Member
Topup: 8900.00
Package: 1

TREE / PV INFORMATION:
Total Left PV: 16
Paid Left PV: 2
Available Left PV: 14

Total Right PV: 3
Paid Right PV: 1
Available Right PV: 2

Lifetime Paid Pairs: 1

DIRECT SPONSOR INFORMATION:
Direct Left: 1
Direct Right: 1
(Informational ONLY - Does not block 2:1 / 1:2 PV matching)

PAIR CALCULATION:
BINARY RATIO CHECK:
Left Available: 14
Right Available: 2
Lifetime Previous Pairs: 1

Checking 2:1:
Left >= 2? YES (Left = 14 >= 2)
Right >= 1? YES (Right = 2 >= 1)

Checking 1:2:
Left >= 1? YES (Left = 14 >= 1)
Right >= 2? YES (Right = 2 >= 2)

Selected Ratio: 1:1
Pairs Calculated: 2
Left PV To Consume: 2
Right PV To Consume: 2
PAYOUT CALCULATION:
BINARY PAYOUT CALCULATION:
Package ID: 1
Matching Income Configuration: 
Payout Per Pair: 890
Daily Cap: 14240
Pairs Calculated: 2
Pairs Allowed By Cap: 16
Payable Pairs: 2
Total Payout: 1780

DATABASE TRANSACTION:
[BINARY TRANSACTION]
BEGIN

1. EARNING INSERT
BINARY EARNING INSERT:
SUCCESS
Insert ID: 
User ID: 1001
Amount: 1780
Type: Matching Income
Pair Count: 2
Transaction Reference: BIN-1001-20261005000002-3983

2. WALLET CREDIT
WALLET CREDIT:
SUCCESS
User ID: 1001
Previous Balance: 0
Credit Amount: 1780
New Balance: 0

3. PV CONSUMPTION
PV UPDATE:
Before Paid Left: 2
Before Paid Right: 1
Left PV Consumed: 2
Right PV Consumed: 2
After Paid Left: 4
After Paid Right: 3

4. LIFETIME PAIR UPDATE
LIFETIME PAIR UPDATE:
Before: 1
Added: 2
After: 3

5. TRANSACTION
BINARY TRANSACTION:
COMMITTED

FINAL RESULT = PAYOUT GENERATED
Pairs Generated = 2
Payout Generated = 1780
Left PV Remaining = 12
Right PV Remaining = 0
========================================

========================================
[BINARY DEBUG]
TIME: 2026-10-05 00:00:02
FUNCTION ENTERED: process_binary
USER ID: 388783
========================================

========================================
[BINARY DEBUG]
TIME: 2026-10-05 00:00:02
USER ID: 388783
FUNCTION: process_binary
========================================

MEMBER INFORMATION:
Member ID: 388783
Member Name: Swati Jagtap
Status: Active
Rank: Member
Topup: 8900.00
Package: 1

TREE / PV INFORMATION:
Total Left PV: 1
Paid Left PV: 0
Available Left PV: 1

Total Right PV: 1
Paid Right PV: 0
Available Right PV: 1

Lifetime Paid Pairs: 0

DIRECT SPONSOR INFORMATION:
Direct Left: 1
Direct Right: 1
(Informational ONLY - Does not block 2:1 / 1:2 PV matching)

PAIR CALCULATION:
BINARY RATIO CHECK:
Left Available: 1
Right Available: 1
Lifetime Previous Pairs: 0

Checking 2:1:
Left >= 2? NO (Left = 1 < 2)
Right >= 1? YES (Right = 1 >= 1)

Checking 1:2:
Left >= 1? YES (Left = 1 >= 1)
Right >= 2? NO (Right = 1 < 2)

Selected Ratio: NONE
Pairs Calculated: 0
Left PV To Consume: 0
Right PV To Consume: 0
FINAL RESULT = NO PAIR FORMED
Pairs Generated = 0
Payout Generated = 0
Left PV Remaining = 1
Right PV Remaining = 1
========================================

========================================
[BINARY DEBUG]
TIME: 2026-10-05 00:00:02
FUNCTION ENTERED: process_binary
USER ID: 717190
========================================

----------------------------------------
[PAY EARNING GATEWAY]
TIME: 2026-10-05 00:00:03
Receiver User ID: 930251
From User (Ref ID): 717190
Income Type: Direct Referral Bonus Level 1
Amount: ₹267.00
Level: 1
Receiver Status: Active
Receiver Topup: ₹8,900.00
ACTION: SUCCESS -> Earning record inserted (ID: 16, Secret: DRB1-15, Amount: ₹267.00, Status: Pending - Will be credited to Wallet when Midnight Cron runs)
----------------------------------------

----------------------------------------
[PAY EARNING GATEWAY]
TIME: 2026-10-05 00:00:03
Receiver User ID: 1001
From User (Ref ID): 717190
Income Type: Direct Referral Bonus Level 2
Amount: ₹178.00
Level: 2
Receiver Status: Active
Receiver Topup: ₹8,900.00
ACTION: SUCCESS -> Earning record inserted (ID: 17, Secret: DRB2-15, Amount: ₹178.00, Status: Pending - Will be credited to Wallet when Midnight Cron runs)
----------------------------------------

========================================
[DRB / LEVEL INCOME DEBUG]
TIME: 2026-10-05 00:00:03
DOWNLINE EARNER ID: 717190
PACKAGE ID: 1
PARSED LEVEL 1 %: 30%
PARSED LEVEL 2 %: 20%

--- LEVEL 1 DRB CALCULATION (30%) ---
Direct Sponsor ID: 930251
Calculated Level 1 Amount: ₹267.00
ACTION: CREDITED -> User #930251 received ₹267.00 as Direct Referral Bonus Level 1 (30%)

--- LEVEL 2 DRB CALCULATION (20%) ---
Level 2 Sponsor ID: 1001
Calculated Level 2 Amount: ₹178.00
ACTION: CREDITED -> User #1001 received ₹178.00 as Direct Referral Bonus Level 2 (20%)
========================================

========================================
[BINARY DEBUG]
TIME: 2026-10-05 00:00:02
USER ID: 717190
FUNCTION: process_binary
========================================

MEMBER INFORMATION:
Member ID: 717190
Member Name: SANDIP PATIL
Status: Active
Rank: Member
Topup: 8900.00
Package: 1

TREE / PV INFORMATION:
Total Left PV: 2
Paid Left PV: 0
Available Left PV: 2

Total Right PV: 1
Paid Right PV: 0
Available Right PV: 1

Lifetime Paid Pairs: 0

DIRECT SPONSOR INFORMATION:
Direct Left: 1
Direct Right: 1
(Informational ONLY - Does not block 2:1 / 1:2 PV matching)

PAIR CALCULATION:
BINARY RATIO CHECK:
Left Available: 2
Right Available: 1
Lifetime Previous Pairs: 0

Checking 2:1:
Left >= 2? YES (Left = 2 >= 2)
Right >= 1? YES (Right = 1 >= 1)

Checking 1:2:
Left >= 1? YES (Left = 2 >= 1)
Right >= 2? NO (Right = 1 < 2)

Selected Ratio: 2:1
Pairs Calculated: 1
Left PV To Consume: 2
Right PV To Consume: 1
PAYOUT CALCULATION:
BINARY PAYOUT CALCULATION:
Package ID: 1
Matching Income Configuration: 
Payout Per Pair: 890
Daily Cap: 14240
Pairs Calculated: 1
Pairs Allowed By Cap: 16
Payable Pairs: 1
Total Payout: 890

DATABASE TRANSACTION:
[BINARY TRANSACTION]
BEGIN

1. EARNING INSERT
BINARY EARNING INSERT:
SUCCESS
Insert ID: 
User ID: 717190
Amount: 890
Type: Matching Income
Pair Count: 1
Transaction Reference: BIN-717190-20261005000002-2373

2. WALLET CREDIT
WALLET CREDIT:
SUCCESS
User ID: 717190
Previous Balance: 0
Credit Amount: 890
New Balance: 0

3. PV CONSUMPTION
PV UPDATE:
Before Paid Left: 0
Before Paid Right: 0
Left PV Consumed: 2
Right PV Consumed: 1
After Paid Left: 2
After Paid Right: 1

4. LIFETIME PAIR UPDATE
LIFETIME PAIR UPDATE:
Before: 0
Added: 1
After: 1

5. TRANSACTION
BINARY TRANSACTION:
COMMITTED

FINAL RESULT = PAYOUT GENERATED
Pairs Generated = 1
Payout Generated = 890
Left PV Remaining = 0
Right PV Remaining = 0
========================================

========================================
[BINARY DEBUG]
TIME: 2026-10-05 00:00:03
FUNCTION ENTERED: process_binary
USER ID: 930251
========================================

========================================
[BINARY DEBUG]
TIME: 2026-10-05 00:00:03
USER ID: 930251
FUNCTION: process_binary
========================================

MEMBER INFORMATION:
Member ID: 930251
Member Name: Swati Jagtap
Status: Active
Rank: Member
Topup: 8900.00
Package: 1

TREE / PV INFORMATION:
Total Left PV: 4
Paid Left PV: 2
Available Left PV: 2

Total Right PV: 1
Paid Right PV: 1
Available Right PV: 0

Lifetime Paid Pairs: 1

DIRECT SPONSOR INFORMATION:
Direct Left: 2
Direct Right: 1
(Informational ONLY - Does not block 2:1 / 1:2 PV matching)

PAIR CALCULATION:
BINARY RATIO CHECK:
Left Available: 2
Right Available: 0
Lifetime Previous Pairs: 1

Checking 2:1:
Left >= 2? YES (Left = 2 >= 2)
Right >= 1? NO (Right = 0 < 1)

Checking 1:2:
Left >= 1? YES (Left = 2 >= 1)
Right >= 2? NO (Right = 0 < 2)

Selected Ratio: NONE
Pairs Calculated: 0
Left PV To Consume: 0
Right PV To Consume: 0
FINAL RESULT = NO PAIR FORMED
Pairs Generated = 0
Payout Generated = 0
Left PV Remaining = 2
Right PV Remaining = 0
========================================

========================================
[DRB / LEVEL INCOME DEBUG]
TIME: 2026-10-05 00:00:03
DOWNLINE EARNER ID: 1001
PACKAGE ID: 1
PARSED LEVEL 1 %: 30%
PARSED LEVEL 2 %: 20%

--- LEVEL 1 DRB CALCULATION (30%) ---
Direct Sponsor ID: 1000
Calculated Level 1 Amount: ₹267.00
ACTION: SKIPPED (No valid direct sponsor found / Sponsor is 1000)

--- LEVEL 2 DRB CALCULATION (20%) ---
Level 2 Sponsor ID: None
Calculated Level 2 Amount: ₹178.00
ACTION: SKIPPED (No valid Level 2 sponsor found / Level 2 Sponsor is 1000)
========================================

========================================
[DRB / LEVEL INCOME DEBUG]
TIME: 2026-10-05 00:00:03
DOWNLINE EARNER ID: 930251
PACKAGE ID: 1
PARSED LEVEL 1 %: 30%
PARSED LEVEL 2 %: 20%

--- LEVEL 1 DRB CALCULATION (30%) ---
Direct Sponsor ID: 1001
Calculated Level 1 Amount: ₹267.00
ACTION: SKIPPED (Duplicate prevention: DRB Level 1 already generated for this matching event)

--- LEVEL 2 DRB CALCULATION (20%) ---
Level 2 Sponsor ID: 1000
Calculated Level 2 Amount: ₹178.00
ACTION: SKIPPED (No valid Level 2 sponsor found / Level 2 Sponsor is 1000)
========================================

========================================
[DRB / LEVEL INCOME DEBUG]
TIME: 2026-10-05 00:00:03
DOWNLINE EARNER ID: 1001
PACKAGE ID: 1
PARSED LEVEL 1 %: 30%
PARSED LEVEL 2 %: 20%

--- LEVEL 1 DRB CALCULATION (30%) ---
Direct Sponsor ID: 1000
Calculated Level 1 Amount: ₹267.00
ACTION: SKIPPED (No valid direct sponsor found / Sponsor is 1000)

--- LEVEL 2 DRB CALCULATION (20%) ---
Level 2 Sponsor ID: None
Calculated Level 2 Amount: ₹178.00
ACTION: SKIPPED (No valid Level 2 sponsor found / Level 2 Sponsor is 1000)
========================================

========================================
[DRB / LEVEL INCOME DEBUG]
TIME: 2026-10-05 00:00:03
DOWNLINE EARNER ID: 1001
PACKAGE ID: 1
PARSED LEVEL 1 %: 30%
PARSED LEVEL 2 %: 20%

--- LEVEL 1 DRB CALCULATION (30%) ---
Direct Sponsor ID: 1000
Calculated Level 1 Amount: ₹267.00
ACTION: SKIPPED (No valid direct sponsor found / Sponsor is 1000)

--- LEVEL 2 DRB CALCULATION (20%) ---
Level 2 Sponsor ID: None
Calculated Level 2 Amount: ₹178.00
ACTION: SKIPPED (No valid Level 2 sponsor found / Level 2 Sponsor is 1000)
========================================

========================================
[DRB / LEVEL INCOME DEBUG]
TIME: 2026-10-05 00:00:03
DOWNLINE EARNER ID: 717190
PACKAGE ID: 1
PARSED LEVEL 1 %: 30%
PARSED LEVEL 2 %: 20%

--- LEVEL 1 DRB CALCULATION (30%) ---
Direct Sponsor ID: 930251
Calculated Level 1 Amount: ₹267.00
ACTION: SKIPPED (Duplicate prevention: DRB Level 1 already generated for this matching event)

--- LEVEL 2 DRB CALCULATION (20%) ---
Level 2 Sponsor ID: 1001
Calculated Level 2 Amount: ₹178.00
ACTION: SKIPPED (Duplicate prevention: DRB Level 2 already generated for this matching event)
========================================

========================================
[DIRECT SPONSOR INCOME DEBUG]
TIME: 2026-10-05 12:57:35
New Member ID: 819651
Direct Sponsor ID: 930251
Package ID: 1
Member PV: 1, Package Ratio: 1, Qty: 1
Existing Direct Sponsor Records: 0
Direct Rate: ₹890.00
Calculated Direct Sponsor Amount: ₹890.00
ACTION: Forwarding to pay_earning for Sponsor #930251
========================================

----------------------------------------
[PAY EARNING GATEWAY]
TIME: 2026-10-05 12:57:35
Receiver User ID: 930251
From User (Ref ID): 819651
Income Type: Direct Sponsor Income
Amount: ₹890.00
Level: 0
Receiver Status: Active
Receiver Topup: ₹8,900.00
ACTION: SUCCESS -> Earning record inserted (ID: 18, Secret: DIR-930251-20261005125735-538, Amount: ₹890.00, Status: Credited to Wallet IMMEDIATELY - Direct Sponsor Income)
----------------------------------------

========================================
[DIRECT SPONSOR INCOME DEBUG]
TIME: 2026-10-05 12:57:55
New Member ID: 326595
Direct Sponsor ID: 819651
Package ID: 1
Member PV: 1, Package Ratio: 1, Qty: 1
Existing Direct Sponsor Records: 0
Direct Rate: ₹890.00
Calculated Direct Sponsor Amount: ₹890.00
ACTION: Forwarding to pay_earning for Sponsor #819651
========================================

----------------------------------------
[PAY EARNING GATEWAY]
TIME: 2026-10-05 12:57:55
Receiver User ID: 819651
From User (Ref ID): 326595
Income Type: Direct Sponsor Income
Amount: ₹890.00
Level: 0
Receiver Status: Active
Receiver Topup: ₹8,900.00
ACTION: SUCCESS -> Earning record inserted (ID: 19, Secret: DIR-819651-20261005125755-744, Amount: ₹890.00, Status: Credited to Wallet IMMEDIATELY - Direct Sponsor Income)
----------------------------------------

========================================
[DIRECT SPONSOR INCOME DEBUG]
TIME: 2026-10-05 12:58:11
New Member ID: 917700
Direct Sponsor ID: 819651
Package ID: 1
Member PV: 1, Package Ratio: 1, Qty: 1
Existing Direct Sponsor Records: 0
Direct Rate: ₹890.00
Calculated Direct Sponsor Amount: ₹890.00
ACTION: Forwarding to pay_earning for Sponsor #819651
========================================

----------------------------------------
[PAY EARNING GATEWAY]
TIME: 2026-10-05 12:58:11
Receiver User ID: 819651
From User (Ref ID): 917700
Income Type: Direct Sponsor Income
Amount: ₹890.00
Level: 0
Receiver Status: Active
Receiver Topup: ₹8,900.00
ACTION: SUCCESS -> Earning record inserted (ID: 20, Secret: DIR-819651-20261005125811-869, Amount: ₹890.00, Status: Credited to Wallet IMMEDIATELY - Direct Sponsor Income)
----------------------------------------

========================================
[DIRECT SPONSOR INCOME DEBUG]
TIME: 2026-10-05 12:58:45
New Member ID: 440216
Direct Sponsor ID: 326595
Package ID: 1
Member PV: 1, Package Ratio: 1, Qty: 1
Existing Direct Sponsor Records: 0
Direct Rate: ₹890.00
Calculated Direct Sponsor Amount: ₹890.00
ACTION: Forwarding to pay_earning for Sponsor #326595
========================================

----------------------------------------
[PAY EARNING GATEWAY]
TIME: 2026-10-05 12:58:45
Receiver User ID: 326595
From User (Ref ID): 440216
Income Type: Direct Sponsor Income
Amount: ₹890.00
Level: 0
Receiver Status: Active
Receiver Topup: ₹8,900.00
ACTION: SUCCESS -> Earning record inserted (ID: 21, Secret: DIR-326595-20261005125845-515, Amount: ₹890.00, Status: Credited to Wallet IMMEDIATELY - Direct Sponsor Income)
----------------------------------------

========================================
[DIRECT SPONSOR INCOME DEBUG]
TIME: 2026-10-05 12:59:17
New Member ID: 954497
Direct Sponsor ID: 440216
Package ID: 1
Member PV: 1, Package Ratio: 1, Qty: 1
Existing Direct Sponsor Records: 0
Direct Rate: ₹890.00
Calculated Direct Sponsor Amount: ₹890.00
ACTION: Forwarding to pay_earning for Sponsor #440216
========================================

----------------------------------------
[PAY EARNING GATEWAY]
TIME: 2026-10-05 12:59:17
Receiver User ID: 440216
From User (Ref ID): 954497
Income Type: Direct Sponsor Income
Amount: ₹890.00
Level: 0
Receiver Status: Active
Receiver Topup: ₹8,900.00
ACTION: SUCCESS -> Earning record inserted (ID: 22, Secret: DIR-440216-20261005125917-736, Amount: ₹890.00, Status: Credited to Wallet IMMEDIATELY - Direct Sponsor Income)
----------------------------------------

========================================
[DIRECT SPONSOR INCOME DEBUG]
TIME: 2026-10-05 13:00:57
New Member ID: 716075
Direct Sponsor ID: 440216
Package ID: 1
Member PV: 1, Package Ratio: 1, Qty: 1
Existing Direct Sponsor Records: 0
Direct Rate: ₹890.00
Calculated Direct Sponsor Amount: ₹890.00
ACTION: Forwarding to pay_earning for Sponsor #440216
========================================

----------------------------------------
[PAY EARNING GATEWAY]
TIME: 2026-10-05 13:00:57
Receiver User ID: 440216
From User (Ref ID): 716075
Income Type: Direct Sponsor Income
Amount: ₹890.00
Level: 0
Receiver Status: Active
Receiver Topup: ₹8,900.00
ACTION: SUCCESS -> Earning record inserted (ID: 23, Secret: DIR-440216-20261005130057-583, Amount: ₹890.00, Status: Credited to Wallet IMMEDIATELY - Direct Sponsor Income)
----------------------------------------

========================================
[DIRECT SPONSOR INCOME DEBUG]
TIME: 2026-10-05 13:03:13
New Member ID: 926321
Direct Sponsor ID: 917700
Package ID: 1
Member PV: 1, Package Ratio: 1, Qty: 1
Existing Direct Sponsor Records: 0
Direct Rate: ₹890.00
Calculated Direct Sponsor Amount: ₹890.00
ACTION: Forwarding to pay_earning for Sponsor #917700
========================================

----------------------------------------
[PAY EARNING GATEWAY]
TIME: 2026-10-05 13:03:13
Receiver User ID: 917700
From User (Ref ID): 926321
Income Type: Direct Sponsor Income
Amount: ₹890.00
Level: 0
Receiver Status: Active
Receiver Topup: ₹8,900.00
ACTION: SUCCESS -> Earning record inserted (ID: 24, Secret: DIR-917700-20261005130313-174, Amount: ₹890.00, Status: Credited to Wallet IMMEDIATELY - Direct Sponsor Income)
----------------------------------------

========================================
[DIRECT SPONSOR INCOME DEBUG]
TIME: 2026-10-05 13:05:06
New Member ID: 867659
Direct Sponsor ID: 917700
Package ID: 1
Member PV: 1, Package Ratio: 1, Qty: 1
Existing Direct Sponsor Records: 0
Direct Rate: ₹890.00
Calculated Direct Sponsor Amount: ₹890.00
ACTION: Forwarding to pay_earning for Sponsor #917700
========================================

----------------------------------------
[PAY EARNING GATEWAY]
TIME: 2026-10-05 13:05:06
Receiver User ID: 917700
From User (Ref ID): 867659
Income Type: Direct Sponsor Income
Amount: ₹890.00
Level: 0
Receiver Status: Active
Receiver Topup: ₹8,900.00
ACTION: SUCCESS -> Earning record inserted (ID: 25, Secret: DIR-917700-20261005130506-309, Amount: ₹890.00, Status: Credited to Wallet IMMEDIATELY - Direct Sponsor Income)
----------------------------------------

========================================
[DIRECT SPONSOR INCOME DEBUG]
TIME: 2026-10-05 23:25:19
New Member ID: 417839
Direct Sponsor ID: 819651
Package ID: 1
Member PV: 1, Package Ratio: 1, Qty: 1
Existing Direct Sponsor Records: 0
Direct Rate: ₹890.00
Calculated Direct Sponsor Amount: ₹890.00
ACTION: Forwarding to pay_earning for Sponsor #819651
========================================

----------------------------------------
[PAY EARNING GATEWAY]
TIME: 2026-10-05 23:25:19
Receiver User ID: 819651
From User (Ref ID): 417839
Income Type: Direct Sponsor Income
Amount: ₹890.00
Level: 0
Receiver Status: Active
Receiver Topup: ₹8,900.00
ACTION: SUCCESS -> Earning record inserted (ID: 26, Secret: DIR-819651-20261005232519-579, Amount: ₹890.00, Status: Credited to Wallet IMMEDIATELY - Direct Sponsor Income)
----------------------------------------

========================================
[DIRECT SPONSOR INCOME DEBUG]
TIME: 2026-10-05 23:26:13
New Member ID: 762631
Direct Sponsor ID: 819651
Package ID: 1
Member PV: 1, Package Ratio: 1, Qty: 1
Existing Direct Sponsor Records: 0
Direct Rate: ₹890.00
Calculated Direct Sponsor Amount: ₹890.00
ACTION: Forwarding to pay_earning for Sponsor #819651
========================================

----------------------------------------
[PAY EARNING GATEWAY]
TIME: 2026-10-05 23:26:13
Receiver User ID: 819651
From User (Ref ID): 762631
Income Type: Direct Sponsor Income
Amount: ₹890.00
Level: 0
Receiver Status: Active
Receiver Topup: ₹8,900.00
ACTION: SUCCESS -> Earning record inserted (ID: 27, Secret: DIR-819651-20261005232613-984, Amount: ₹890.00, Status: Credited to Wallet IMMEDIATELY - Direct Sponsor Income)
----------------------------------------

========================================
[DIRECT SPONSOR INCOME DEBUG]
TIME: 2026-10-05 23:27:08
New Member ID: 817426
Direct Sponsor ID: 819651
Package ID: 1
Member PV: 1, Package Ratio: 1, Qty: 1
Existing Direct Sponsor Records: 0
Direct Rate: ₹890.00
Calculated Direct Sponsor Amount: ₹890.00
ACTION: Forwarding to pay_earning for Sponsor #819651
========================================

----------------------------------------
[PAY EARNING GATEWAY]
TIME: 2026-10-05 23:27:08
Receiver User ID: 819651
From User (Ref ID): 817426
Income Type: Direct Sponsor Income
Amount: ₹890.00
Level: 0
Receiver Status: Active
Receiver Topup: ₹8,900.00
ACTION: SUCCESS -> Earning record inserted (ID: 28, Secret: DIR-819651-20261005232708-788, Amount: ₹890.00, Status: Credited to Wallet IMMEDIATELY - Direct Sponsor Income)
----------------------------------------

========================================
[DIRECT SPONSOR INCOME DEBUG]
TIME: 2026-10-05 23:27:47
New Member ID: 763256
Direct Sponsor ID: 819651
Package ID: 1
Member PV: 1, Package Ratio: 1, Qty: 1
Existing Direct Sponsor Records: 0
Direct Rate: ₹890.00
Calculated Direct Sponsor Amount: ₹890.00
ACTION: Forwarding to pay_earning for Sponsor #819651
========================================

----------------------------------------
[PAY EARNING GATEWAY]
TIME: 2026-10-05 23:27:47
Receiver User ID: 819651
From User (Ref ID): 763256
Income Type: Direct Sponsor Income
Amount: ₹890.00
Level: 0
Receiver Status: Active
Receiver Topup: ₹8,900.00
ACTION: SUCCESS -> Earning record inserted (ID: 29, Secret: DIR-819651-20261005232747-716, Amount: ₹890.00, Status: Credited to Wallet IMMEDIATELY - Direct Sponsor Income)
----------------------------------------

========================================
[DIRECT SPONSOR INCOME DEBUG]
TIME: 2026-10-05 23:28:09
New Member ID: 211386
Direct Sponsor ID: 763256
Package ID: 1
Member PV: 1, Package Ratio: 1, Qty: 1
Existing Direct Sponsor Records: 0
Direct Rate: ₹890.00
Calculated Direct Sponsor Amount: ₹890.00
ACTION: Forwarding to pay_earning for Sponsor #763256
========================================

----------------------------------------
[PAY EARNING GATEWAY]
TIME: 2026-10-05 23:28:09
Receiver User ID: 763256
From User (Ref ID): 211386
Income Type: Direct Sponsor Income
Amount: ₹890.00
Level: 0
Receiver Status: Active
Receiver Topup: ₹8,900.00
ACTION: SUCCESS -> Earning record inserted (ID: 30, Secret: DIR-763256-20261005232809-347, Amount: ₹890.00, Status: Credited to Wallet IMMEDIATELY - Direct Sponsor Income)
----------------------------------------

========================================
[DIRECT SPONSOR INCOME DEBUG]
TIME: 2026-10-05 23:28:27
New Member ID: 449056
Direct Sponsor ID: 763256
Package ID: 1
Member PV: 1, Package Ratio: 1, Qty: 1
Existing Direct Sponsor Records: 0
Direct Rate: ₹890.00
Calculated Direct Sponsor Amount: ₹890.00
ACTION: Forwarding to pay_earning for Sponsor #763256
========================================

----------------------------------------
[PAY EARNING GATEWAY]
TIME: 2026-10-05 23:28:27
Receiver User ID: 763256
From User (Ref ID): 449056
Income Type: Direct Sponsor Income
Amount: ₹890.00
Level: 0
Receiver Status: Active
Receiver Topup: ₹8,900.00
ACTION: SUCCESS -> Earning record inserted (ID: 31, Secret: DIR-763256-20261005232827-620, Amount: ₹890.00, Status: Credited to Wallet IMMEDIATELY - Direct Sponsor Income)
----------------------------------------

========================================
[DIRECT SPONSOR INCOME DEBUG]
TIME: 2026-10-05 23:28:51
New Member ID: 981640
Direct Sponsor ID: 819651
Package ID: 1
Member PV: 1, Package Ratio: 1, Qty: 1
Existing Direct Sponsor Records: 0
Direct Rate: ₹890.00
Calculated Direct Sponsor Amount: ₹890.00
ACTION: Forwarding to pay_earning for Sponsor #819651
========================================

----------------------------------------
[PAY EARNING GATEWAY]
TIME: 2026-10-05 23:28:51
Receiver User ID: 819651
From User (Ref ID): 981640
Income Type: Direct Sponsor Income
Amount: ₹890.00
Level: 0
Receiver Status: Active
Receiver Topup: ₹8,900.00
ACTION: SUCCESS -> Earning record inserted (ID: 32, Secret: DIR-819651-20261005232851-165, Amount: ₹890.00, Status: Credited to Wallet IMMEDIATELY - Direct Sponsor Income)
----------------------------------------

========================================
[BINARY DEBUG]
TIME: 2026-10-06 00:00:06
FUNCTION ENTERED: process_binary
USER ID: 1001
========================================

========================================
[BINARY DEBUG]
TIME: 2026-10-06 00:00:06
USER ID: 1001
FUNCTION: process_binary
========================================

MEMBER INFORMATION:
Member ID: 1001
Member Name: Green Amrut Herbal Multitrade Private Limited
Status: Active
Rank: Member
Topup: 8900.00
Package: 1

TREE / PV INFORMATION:
Total Left PV: 31
Paid Left PV: 4
Available Left PV: 27

Total Right PV: 3
Paid Right PV: 3
Available Right PV: 0

Lifetime Paid Pairs: 3

DIRECT SPONSOR INFORMATION:
Direct Left: 1
Direct Right: 1
(Informational ONLY - Does not block 2:1 / 1:2 PV matching)

PAIR CALCULATION:
BINARY RATIO CHECK:
Left Available: 27
Right Available: 0
Lifetime Previous Pairs: 3

Checking 2:1:
Left >= 2? YES (Left = 27 >= 2)
Right >= 1? NO (Right = 0 < 1)

Checking 1:2:
Left >= 1? YES (Left = 27 >= 1)
Right >= 2? NO (Right = 0 < 2)

Selected Ratio: NONE
Pairs Calculated: 0
Left PV To Consume: 0
Right PV To Consume: 0
FINAL RESULT = NO PAIR FORMED
Pairs Generated = 0
Payout Generated = 0
Left PV Remaining = 27
Right PV Remaining = 0
========================================

========================================
[BINARY DEBUG]
TIME: 2026-10-06 00:00:06
FUNCTION ENTERED: process_binary
USER ID: 388783
========================================

========================================
[BINARY DEBUG]
TIME: 2026-10-06 00:00:06
USER ID: 388783
FUNCTION: process_binary
========================================

MEMBER INFORMATION:
Member ID: 388783
Member Name: Swati Jagtap
Status: Active
Rank: Member
Topup: 8900.00
Package: 1

TREE / PV INFORMATION:
Total Left PV: 1
Paid Left PV: 0
Available Left PV: 1

Total Right PV: 1
Paid Right PV: 0
Available Right PV: 1

Lifetime Paid Pairs: 0

DIRECT SPONSOR INFORMATION:
Direct Left: 1
Direct Right: 1
(Informational ONLY - Does not block 2:1 / 1:2 PV matching)

PAIR CALCULATION:
BINARY RATIO CHECK:
Left Available: 1
Right Available: 1
Lifetime Previous Pairs: 0

Checking 2:1:
Left >= 2? NO (Left = 1 < 2)
Right >= 1? YES (Right = 1 >= 1)

Checking 1:2:
Left >= 1? YES (Left = 1 >= 1)
Right >= 2? NO (Right = 1 < 2)

Selected Ratio: NONE
Pairs Calculated: 0
Left PV To Consume: 0
Right PV To Consume: 0
FINAL RESULT = NO PAIR FORMED
Pairs Generated = 0
Payout Generated = 0
Left PV Remaining = 1
Right PV Remaining = 1
========================================

========================================
[BINARY DEBUG]
TIME: 2026-10-06 00:00:06
FUNCTION ENTERED: process_binary
USER ID: 440216
========================================

========================================
[DRB / LEVEL INCOME DEBUG]
TIME: 2026-10-06 00:00:06
DOWNLINE EARNER ID: 440216
PACKAGE ID: 1
PARSED LEVEL 1 %: 30%
PARSED LEVEL 2 %: 20%

--- LEVEL 1 DRB CALCULATION (30%) ---
Direct Sponsor ID: 326595
Calculated Level 1 Amount: ₹267.00
ACTION: SKIPPED (Sponsor #326595 is either Inactive or tail is not complete: total_pairs = 0)

--- LEVEL 2 DRB CALCULATION (20%) ---
Level 2 Sponsor ID: 819651
Calculated Level 2 Amount: ₹178.00
ACTION: SKIPPED (Level 2 Sponsor #819651 is either Inactive or tail is not complete: total_pairs = 0)
========================================

========================================
[BINARY DEBUG]
TIME: 2026-10-06 00:00:06
USER ID: 440216
FUNCTION: process_binary
========================================

MEMBER INFORMATION:
Member ID: 440216
Member Name: Shubham jadhav
Status: Active
Rank: Member
Topup: 8900.00
Package: 1

TREE / PV INFORMATION:
Total Left PV: 4
Paid Left PV: 0
Available Left PV: 4

Total Right PV: 1
Paid Right PV: 0
Available Right PV: 1

Lifetime Paid Pairs: 0

DIRECT SPONSOR INFORMATION:
Direct Left: 1
Direct Right: 1
(Informational ONLY - Does not block 2:1 / 1:2 PV matching)

PAIR CALCULATION:
BINARY RATIO CHECK:
Left Available: 4
Right Available: 1
Lifetime Previous Pairs: 0

Checking 2:1:
Left >= 2? YES (Left = 4 >= 2)
Right >= 1? YES (Right = 1 >= 1)

Checking 1:2:
Left >= 1? YES (Left = 4 >= 1)
Right >= 2? NO (Right = 1 < 2)

Selected Ratio: 2:1
Pairs Calculated: 1
Left PV To Consume: 2
Right PV To Consume: 1
PAYOUT CALCULATION:
BINARY PAYOUT CALCULATION:
Package ID: 1
Matching Income Configuration: 
Payout Per Pair: 890
Daily Cap: 14240
Pairs Calculated: 1
Pairs Allowed By Cap: 16
Payable Pairs: 1
Total Payout: 890

DATABASE TRANSACTION:
[BINARY TRANSACTION]
BEGIN

1. EARNING INSERT
BINARY EARNING INSERT:
SUCCESS
Insert ID: 
User ID: 440216
Amount: 890
Type: Matching Income
Pair Count: 1
Transaction Reference: BIN-440216-20261006000006-7837

2. WALLET CREDIT
WALLET CREDIT:
SUCCESS
User ID: 440216
Previous Balance: 0
Credit Amount: 890
New Balance: 0

3. PV CONSUMPTION
PV UPDATE:
Before Paid Left: 0
Before Paid Right: 0
Left PV Consumed: 2
Right PV Consumed: 1
After Paid Left: 2
After Paid Right: 1

4. LIFETIME PAIR UPDATE
LIFETIME PAIR UPDATE:
Before: 0
Added: 1
After: 1

5. TRANSACTION
BINARY TRANSACTION:
COMMITTED

FINAL RESULT = PAYOUT GENERATED
Pairs Generated = 1
Payout Generated = 890
Left PV Remaining = 2
Right PV Remaining = 0
========================================

========================================
[BINARY DEBUG]
TIME: 2026-10-06 00:00:06
FUNCTION ENTERED: process_binary
USER ID: 717190
========================================

========================================
[BINARY DEBUG]
TIME: 2026-10-06 00:00:06
USER ID: 717190
FUNCTION: process_binary
========================================

MEMBER INFORMATION:
Member ID: 717190
Member Name: SANDIP PATIL
Status: Active
Rank: Member
Topup: 8900.00
Package: 1

TREE / PV INFORMATION:
Total Left PV: 17
Paid Left PV: 2
Available Left PV: 15

Total Right PV: 1
Paid Right PV: 1
Available Right PV: 0

Lifetime Paid Pairs: 1

DIRECT SPONSOR INFORMATION:
Direct Left: 1
Direct Right: 1
(Informational ONLY - Does not block 2:1 / 1:2 PV matching)

PAIR CALCULATION:
BINARY RATIO CHECK:
Left Available: 15
Right Available: 0
Lifetime Previous Pairs: 1

Checking 2:1:
Left >= 2? YES (Left = 15 >= 2)
Right >= 1? NO (Right = 0 < 1)

Checking 1:2:
Left >= 1? YES (Left = 15 >= 1)
Right >= 2? NO (Right = 0 < 2)

Selected Ratio: NONE
Pairs Calculated: 0
Left PV To Consume: 0
Right PV To Consume: 0
FINAL RESULT = NO PAIR FORMED
Pairs Generated = 0
Payout Generated = 0
Left PV Remaining = 15
Right PV Remaining = 0
========================================

========================================
[BINARY DEBUG]
TIME: 2026-10-06 00:00:06
FUNCTION ENTERED: process_binary
USER ID: 763256
========================================

----------------------------------------
[PAY EARNING GATEWAY]
TIME: 2026-10-06 00:00:06
Receiver User ID: 930251
From User (Ref ID): 763256
Income Type: Direct Referral Bonus Level 2
Amount: ₹178.00
Level: 2
Receiver Status: Active
Receiver Topup: ₹8,900.00
ACTION: SUCCESS -> Earning record inserted (ID: 35, Secret: DRB2-34, Amount: ₹178.00, Status: Pending - Will be credited to Wallet when Midnight Cron runs)
----------------------------------------

========================================
[DRB / LEVEL INCOME DEBUG]
TIME: 2026-10-06 00:00:06
DOWNLINE EARNER ID: 763256
PACKAGE ID: 1
PARSED LEVEL 1 %: 30%
PARSED LEVEL 2 %: 20%

--- LEVEL 1 DRB CALCULATION (30%) ---
Direct Sponsor ID: 819651
Calculated Level 1 Amount: ₹267.00
ACTION: SKIPPED (Sponsor #819651 is either Inactive or tail is not complete: total_pairs = 0)

--- LEVEL 2 DRB CALCULATION (20%) ---
Level 2 Sponsor ID: 930251
Calculated Level 2 Amount: ₹178.00
ACTION: CREDITED -> User #930251 received ₹178.00 as Direct Referral Bonus Level 2 (20%)
========================================

========================================
[BINARY DEBUG]
TIME: 2026-10-06 00:00:06
USER ID: 763256
FUNCTION: process_binary
========================================

MEMBER INFORMATION:
Member ID: 763256
Member Name: Sneha nar
Status: Active
Rank: Member
Topup: 8900.00
Package: 1

TREE / PV INFORMATION:
Total Left PV: 1
Paid Left PV: 0
Available Left PV: 1

Total Right PV: 2
Paid Right PV: 0
Available Right PV: 2

Lifetime Paid Pairs: 0

DIRECT SPONSOR INFORMATION:
Direct Left: 1
Direct Right: 1
(Informational ONLY - Does not block 2:1 / 1:2 PV matching)

PAIR CALCULATION:
BINARY RATIO CHECK:
Left Available: 1
Right Available: 2
Lifetime Previous Pairs: 0

Checking 2:1:
Left >= 2? NO (Left = 1 < 2)
Right >= 1? YES (Right = 2 >= 1)

Checking 1:2:
Left >= 1? YES (Left = 1 >= 1)
Right >= 2? YES (Right = 2 >= 2)

Selected Ratio: 1:2
Pairs Calculated: 1
Left PV To Consume: 1
Right PV To Consume: 2
PAYOUT CALCULATION:
BINARY PAYOUT CALCULATION:
Package ID: 1
Matching Income Configuration: 
Payout Per Pair: 890
Daily Cap: 14240
Pairs Calculated: 1
Pairs Allowed By Cap: 16
Payable Pairs: 1
Total Payout: 890

DATABASE TRANSACTION:
[BINARY TRANSACTION]
BEGIN

1. EARNING INSERT
BINARY EARNING INSERT:
SUCCESS
Insert ID: 
User ID: 763256
Amount: 890
Type: Matching Income
Pair Count: 1
Transaction Reference: BIN-763256-20261006000006-5301

2. WALLET CREDIT
WALLET CREDIT:
SUCCESS
User ID: 763256
Previous Balance: 0
Credit Amount: 890
New Balance: 0

3. PV CONSUMPTION
PV UPDATE:
Before Paid Left: 0
Before Paid Right: 0
Left PV Consumed: 1
Right PV Consumed: 2
After Paid Left: 1
After Paid Right: 2

4. LIFETIME PAIR UPDATE
LIFETIME PAIR UPDATE:
Before: 0
Added: 1
After: 1

5. TRANSACTION
BINARY TRANSACTION:
COMMITTED

FINAL RESULT = PAYOUT GENERATED
Pairs Generated = 1
Payout Generated = 890
Left PV Remaining = 0
Right PV Remaining = 0
========================================

========================================
[BINARY DEBUG]
TIME: 2026-10-06 00:00:06
FUNCTION ENTERED: process_binary
USER ID: 819651
========================================

----------------------------------------
[PAY EARNING GATEWAY]
TIME: 2026-10-06 00:00:06
Receiver User ID: 930251
From User (Ref ID): 819651
Income Type: Direct Referral Bonus Level 1
Amount: ₹267.00
Level: 1
Receiver Status: Active
Receiver Topup: ₹8,900.00
ACTION: SUCCESS -> Earning record inserted (ID: 42, Secret: DRB1-36, Amount: ₹267.00, Status: Pending - Will be credited to Wallet when Midnight Cron runs)
----------------------------------------

----------------------------------------
[PAY EARNING GATEWAY]
TIME: 2026-10-06 00:00:06
Receiver User ID: 1001
From User (Ref ID): 819651
Income Type: Direct Referral Bonus Level 2
Amount: ₹178.00
Level: 2
Receiver Status: Active
Receiver Topup: ₹8,900.00
ACTION: SUCCESS -> Earning record inserted (ID: 43, Secret: DRB2-36, Amount: ₹178.00, Status: Pending - Will be credited to Wallet when Midnight Cron runs)
----------------------------------------

========================================
[DRB / LEVEL INCOME DEBUG]
TIME: 2026-10-06 00:00:06
DOWNLINE EARNER ID: 819651
PACKAGE ID: 1
PARSED LEVEL 1 %: 30%
PARSED LEVEL 2 %: 20%

--- LEVEL 1 DRB CALCULATION (30%) ---
Direct Sponsor ID: 930251
Calculated Level 1 Amount: ₹267.00
ACTION: CREDITED -> User #930251 received ₹267.00 as Direct Referral Bonus Level 1 (30%)

--- LEVEL 2 DRB CALCULATION (20%) ---
Level 2 Sponsor ID: 1001
Calculated Level 2 Amount: ₹178.00
ACTION: CREDITED -> User #1001 received ₹178.00 as Direct Referral Bonus Level 2 (20%)
========================================

----------------------------------------
[PAY EARNING GATEWAY]
TIME: 2026-10-06 00:00:06
Receiver User ID: 930251
From User (Ref ID): 819651
Income Type: Direct Referral Bonus Level 1
Amount: ₹267.00
Level: 1
Receiver Status: Active
Receiver Topup: ₹8,900.00
ACTION: SUCCESS -> Earning record inserted (ID: 44, Secret: DRB1-37, Amount: ₹267.00, Status: Pending - Will be credited to Wallet when Midnight Cron runs)
----------------------------------------

----------------------------------------
[PAY EARNING GATEWAY]
TIME: 2026-10-06 00:00:06
Receiver User ID: 1001
From User (Ref ID): 819651
Income Type: Direct Referral Bonus Level 2
Amount: ₹178.00
Level: 2
Receiver Status: Active
Receiver Topup: ₹8,900.00
ACTION: SUCCESS -> Earning record inserted (ID: 45, Secret: DRB2-37, Amount: ₹178.00, Status: Pending - Will be credited to Wallet when Midnight Cron runs)
----------------------------------------

========================================
[DRB / LEVEL INCOME DEBUG]
TIME: 2026-10-06 00:00:06
DOWNLINE EARNER ID: 819651
PACKAGE ID: 1
PARSED LEVEL 1 %: 30%
PARSED LEVEL 2 %: 20%

--- LEVEL 1 DRB CALCULATION (30%) ---
Direct Sponsor ID: 930251
Calculated Level 1 Amount: ₹267.00
ACTION: CREDITED -> User #930251 received ₹267.00 as Direct Referral Bonus Level 1 (30%)

--- LEVEL 2 DRB CALCULATION (20%) ---
Level 2 Sponsor ID: 1001
Calculated Level 2 Amount: ₹178.00
ACTION: CREDITED -> User #1001 received ₹178.00 as Direct Referral Bonus Level 2 (20%)
========================================

----------------------------------------
[PAY EARNING GATEWAY]
TIME: 2026-10-06 00:00:06
Receiver User ID: 930251
From User (Ref ID): 819651
Income Type: Direct Referral Bonus Level 1
Amount: ₹267.00
Level: 1
Receiver Status: Active
Receiver Topup: ₹8,900.00
ACTION: SUCCESS -> Earning record inserted (ID: 46, Secret: DRB1-38, Amount: ₹267.00, Status: Pending - Will be credited to Wallet when Midnight Cron runs)
----------------------------------------

----------------------------------------
[PAY EARNING GATEWAY]
TIME: 2026-10-06 00:00:06
Receiver User ID: 1001
From User (Ref ID): 819651
Income Type: Direct Referral Bonus Level 2
Amount: ₹178.00
Level: 2
Receiver Status: Active
Receiver Topup: ₹8,900.00
ACTION: SUCCESS -> Earning record inserted (ID: 47, Secret: DRB2-38, Amount: ₹178.00, Status: Pending - Will be credited to Wallet when Midnight Cron runs)
----------------------------------------

========================================
[DRB / LEVEL INCOME DEBUG]
TIME: 2026-10-06 00:00:06
DOWNLINE EARNER ID: 819651
PACKAGE ID: 1
PARSED LEVEL 1 %: 30%
PARSED LEVEL 2 %: 20%

--- LEVEL 1 DRB CALCULATION (30%) ---
Direct Sponsor ID: 930251
Calculated Level 1 Amount: ₹267.00
ACTION: CREDITED -> User #930251 received ₹267.00 as Direct Referral Bonus Level 1 (30%)

--- LEVEL 2 DRB CALCULATION (20%) ---
Level 2 Sponsor ID: 1001
Calculated Level 2 Amount: ₹178.00
ACTION: CREDITED -> User #1001 received ₹178.00 as Direct Referral Bonus Level 2 (20%)
========================================

----------------------------------------
[PAY EARNING GATEWAY]
TIME: 2026-10-06 00:00:06
Receiver User ID: 930251
From User (Ref ID): 819651
Income Type: Direct Referral Bonus Level 1
Amount: ₹267.00
Level: 1
Receiver Status: Active
Receiver Topup: ₹8,900.00
ACTION: SUCCESS -> Earning record inserted (ID: 48, Secret: DRB1-39, Amount: ₹267.00, Status: Pending - Will be credited to Wallet when Midnight Cron runs)
----------------------------------------

----------------------------------------
[PAY EARNING GATEWAY]
TIME: 2026-10-06 00:00:06
Receiver User ID: 1001
From User (Ref ID): 819651
Income Type: Direct Referral Bonus Level 2
Amount: ₹178.00
Level: 2
Receiver Status: Active
Receiver Topup: ₹8,900.00
ACTION: SUCCESS -> Earning record inserted (ID: 49, Secret: DRB2-39, Amount: ₹178.00, Status: Pending - Will be credited to Wallet when Midnight Cron runs)
----------------------------------------

========================================
[DRB / LEVEL INCOME DEBUG]
TIME: 2026-10-06 00:00:06
DOWNLINE EARNER ID: 819651
PACKAGE ID: 1
PARSED LEVEL 1 %: 30%
PARSED LEVEL 2 %: 20%

--- LEVEL 1 DRB CALCULATION (30%) ---
Direct Sponsor ID: 930251
Calculated Level 1 Amount: ₹267.00
ACTION: CREDITED -> User #930251 received ₹267.00 as Direct Referral Bonus Level 1 (30%)

--- LEVEL 2 DRB CALCULATION (20%) ---
Level 2 Sponsor ID: 1001
Calculated Level 2 Amount: ₹178.00
ACTION: CREDITED -> User #1001 received ₹178.00 as Direct Referral Bonus Level 2 (20%)
========================================

----------------------------------------
[PAY EARNING GATEWAY]
TIME: 2026-10-06 00:00:06
Receiver User ID: 930251
From User (Ref ID): 819651
Income Type: Direct Referral Bonus Level 1
Amount: ₹267.00
Level: 1
Receiver Status: Active
Receiver Topup: ₹8,900.00
ACTION: SUCCESS -> Earning record inserted (ID: 50, Secret: DRB1-40, Amount: ₹267.00, Status: Pending - Will be credited to Wallet when Midnight Cron runs)
----------------------------------------

----------------------------------------
[PAY EARNING GATEWAY]
TIME: 2026-10-06 00:00:06
Receiver User ID: 1001
From User (Ref ID): 819651
Income Type: Direct Referral Bonus Level 2
Amount: ₹178.00
Level: 2
Receiver Status: Active
Receiver Topup: ₹8,900.00
ACTION: SUCCESS -> Earning record inserted (ID: 51, Secret: DRB2-40, Amount: ₹178.00, Status: Pending - Will be credited to Wallet when Midnight Cron runs)
----------------------------------------

========================================
[DRB / LEVEL INCOME DEBUG]
TIME: 2026-10-06 00:00:06
DOWNLINE EARNER ID: 819651
PACKAGE ID: 1
PARSED LEVEL 1 %: 30%
PARSED LEVEL 2 %: 20%

--- LEVEL 1 DRB CALCULATION (30%) ---
Direct Sponsor ID: 930251
Calculated Level 1 Amount: ₹267.00
ACTION: CREDITED -> User #930251 received ₹267.00 as Direct Referral Bonus Level 1 (30%)

--- LEVEL 2 DRB CALCULATION (20%) ---
Level 2 Sponsor ID: 1001
Calculated Level 2 Amount: ₹178.00
ACTION: CREDITED -> User #1001 received ₹178.00 as Direct Referral Bonus Level 2 (20%)
========================================

----------------------------------------
[PAY EARNING GATEWAY]
TIME: 2026-10-06 00:00:06
Receiver User ID: 930251
From User (Ref ID): 819651
Income Type: Direct Referral Bonus Level 1
Amount: ₹267.00
Level: 1
Receiver Status: Active
Receiver Topup: ₹8,900.00
ACTION: SUCCESS -> Earning record inserted (ID: 52, Secret: DRB1-41, Amount: ₹267.00, Status: Pending - Will be credited to Wallet when Midnight Cron runs)
----------------------------------------

----------------------------------------
[PAY EARNING GATEWAY]
TIME: 2026-10-06 00:00:06
Receiver User ID: 1001
From User (Ref ID): 819651
Income Type: Direct Referral Bonus Level 2
Amount: ₹178.00
Level: 2
Receiver Status: Active
Receiver Topup: ₹8,900.00
ACTION: SUCCESS -> Earning record inserted (ID: 53, Secret: DRB2-41, Amount: ₹178.00, Status: Pending - Will be credited to Wallet when Midnight Cron runs)
----------------------------------------

========================================
[DRB / LEVEL INCOME DEBUG]
TIME: 2026-10-06 00:00:06
DOWNLINE EARNER ID: 819651
PACKAGE ID: 1
PARSED LEVEL 1 %: 30%
PARSED LEVEL 2 %: 20%

--- LEVEL 1 DRB CALCULATION (30%) ---
Direct Sponsor ID: 930251
Calculated Level 1 Amount: ₹267.00
ACTION: CREDITED -> User #930251 received ₹267.00 as Direct Referral Bonus Level 1 (30%)

--- LEVEL 2 DRB CALCULATION (20%) ---
Level 2 Sponsor ID: 1001
Calculated Level 2 Amount: ₹178.00
ACTION: CREDITED -> User #1001 received ₹178.00 as Direct Referral Bonus Level 2 (20%)
========================================

========================================
[BINARY DEBUG]
TIME: 2026-10-06 00:00:06
USER ID: 819651
FUNCTION: process_binary
========================================

MEMBER INFORMATION:
Member ID: 819651
Member Name: Santosh dhondu jadhav
Status: Active
Rank: Member
Topup: 8900.00
Package: 1

TREE / PV INFORMATION:
Total Left PV: 7
Paid Left PV: 0
Available Left PV: 7

Total Right PV: 7
Paid Right PV: 0
Available Right PV: 7

Lifetime Paid Pairs: 0

DIRECT SPONSOR INFORMATION:
Direct Left: 4
Direct Right: 3
(Informational ONLY - Does not block 2:1 / 1:2 PV matching)

PAIR CALCULATION:
BINARY RATIO CHECK:
Left Available: 7
Right Available: 7
Lifetime Previous Pairs: 0

Checking 2:1:
Left >= 2? YES (Left = 7 >= 2)
Right >= 1? YES (Right = 7 >= 1)

Checking 1:2:
Left >= 1? YES (Left = 7 >= 1)
Right >= 2? YES (Right = 7 >= 2)

Selected Ratio: 2:1
Pairs Calculated: 6
Left PV To Consume: 7
Right PV To Consume: 6
PAYOUT CALCULATION:
BINARY PAYOUT CALCULATION:
Package ID: 1
Matching Income Configuration: 
Payout Per Pair: 890
Daily Cap: 14240
Pairs Calculated: 6
Pairs Allowed By Cap: 16
Payable Pairs: 6
Total Payout: 5340

DATABASE TRANSACTION:
[BINARY TRANSACTION]
BEGIN

1. EARNING INSERT
BINARY EARNING INSERT:
SUCCESS
Insert ID: 
User ID: 819651
Amount: 5340
Type: Matching Income
Pair Count: 6
Transaction Reference: BIN-819651-20261006000006-9717

2. WALLET CREDIT
WALLET CREDIT:
SUCCESS
User ID: 819651
Previous Balance: 0
Credit Amount: 5340
New Balance: 0

3. PV CONSUMPTION
PV UPDATE:
Before Paid Left: 0
Before Paid Right: 0
Left PV Consumed: 7
Right PV Consumed: 6
After Paid Left: 7
After Paid Right: 6

4. LIFETIME PAIR UPDATE
LIFETIME PAIR UPDATE:
Before: 0
Added: 6
After: 6

5. TRANSACTION
BINARY TRANSACTION:
COMMITTED

FINAL RESULT = PAYOUT GENERATED
Pairs Generated = 6
Payout Generated = 5340
Left PV Remaining = 0
Right PV Remaining = 1
========================================

========================================
[BINARY DEBUG]
TIME: 2026-10-06 00:00:06
FUNCTION ENTERED: process_binary
USER ID: 917700
========================================

----------------------------------------
[PAY EARNING GATEWAY]
TIME: 2026-10-06 00:00:06
Receiver User ID: 819651
From User (Ref ID): 917700
Income Type: Direct Referral Bonus Level 1
Amount: ₹267.00
Level: 1
Receiver Status: Active
Receiver Topup: ₹8,900.00
ACTION: SUCCESS -> Earning record inserted (ID: 55, Secret: DRB1-54, Amount: ₹267.00, Status: Pending - Will be credited to Wallet when Midnight Cron runs)
----------------------------------------

----------------------------------------
[PAY EARNING GATEWAY]
TIME: 2026-10-06 00:00:06
Receiver User ID: 930251
From User (Ref ID): 917700
Income Type: Direct Referral Bonus Level 2
Amount: ₹178.00
Level: 2
Receiver Status: Active
Receiver Topup: ₹8,900.00
ACTION: SUCCESS -> Earning record inserted (ID: 56, Secret: DRB2-54, Amount: ₹178.00, Status: Pending - Will be credited to Wallet when Midnight Cron runs)
----------------------------------------

========================================
[DRB / LEVEL INCOME DEBUG]
TIME: 2026-10-06 00:00:06
DOWNLINE EARNER ID: 917700
PACKAGE ID: 1
PARSED LEVEL 1 %: 30%
PARSED LEVEL 2 %: 20%

--- LEVEL 1 DRB CALCULATION (30%) ---
Direct Sponsor ID: 819651
Calculated Level 1 Amount: ₹267.00
ACTION: CREDITED -> User #819651 received ₹267.00 as Direct Referral Bonus Level 1 (30%)

--- LEVEL 2 DRB CALCULATION (20%) ---
Level 2 Sponsor ID: 930251
Calculated Level 2 Amount: ₹178.00
ACTION: CREDITED -> User #930251 received ₹178.00 as Direct Referral Bonus Level 2 (20%)
========================================

========================================
[BINARY DEBUG]
TIME: 2026-10-06 00:00:06
USER ID: 917700
FUNCTION: process_binary
========================================

MEMBER INFORMATION:
Member ID: 917700
Member Name: Santosh dhondu jadhav
Status: Active
Rank: Member
Topup: 8900.00
Package: 1

TREE / PV INFORMATION:
Total Left PV: 1
Paid Left PV: 0
Available Left PV: 1

Total Right PV: 5
Paid Right PV: 0
Available Right PV: 5

Lifetime Paid Pairs: 0

DIRECT SPONSOR INFORMATION:
Direct Left: 1
Direct Right: 1
(Informational ONLY - Does not block 2:1 / 1:2 PV matching)

PAIR CALCULATION:
BINARY RATIO CHECK:
Left Available: 1
Right Available: 5
Lifetime Previous Pairs: 0

Checking 2:1:
Left >= 2? NO (Left = 1 < 2)
Right >= 1? YES (Right = 5 >= 1)

Checking 1:2:
Left >= 1? YES (Left = 1 >= 1)
Right >= 2? YES (Right = 5 >= 2)

Selected Ratio: 1:2
Pairs Calculated: 1
Left PV To Consume: 1
Right PV To Consume: 2
PAYOUT CALCULATION:
BINARY PAYOUT CALCULATION:
Package ID: 1
Matching Income Configuration: 
Payout Per Pair: 890
Daily Cap: 14240
Pairs Calculated: 1
Pairs Allowed By Cap: 16
Payable Pairs: 1
Total Payout: 890

DATABASE TRANSACTION:
[BINARY TRANSACTION]
BEGIN

1. EARNING INSERT
BINARY EARNING INSERT:
SUCCESS
Insert ID: 
User ID: 917700
Amount: 890
Type: Matching Income
Pair Count: 1
Transaction Reference: BIN-917700-20261006000006-1211

2. WALLET CREDIT
WALLET CREDIT:
SUCCESS
User ID: 917700
Previous Balance: 0
Credit Amount: 890
New Balance: 0

3. PV CONSUMPTION
PV UPDATE:
Before Paid Left: 0
Before Paid Right: 0
Left PV Consumed: 1
Right PV Consumed: 2
After Paid Left: 1
After Paid Right: 2

4. LIFETIME PAIR UPDATE
LIFETIME PAIR UPDATE:
Before: 0
Added: 1
After: 1

5. TRANSACTION
BINARY TRANSACTION:
COMMITTED

FINAL RESULT = PAYOUT GENERATED
Pairs Generated = 1
Payout Generated = 890
Left PV Remaining = 0
Right PV Remaining = 3
========================================

========================================
[BINARY DEBUG]
TIME: 2026-10-06 00:00:06
FUNCTION ENTERED: process_binary
USER ID: 930251
========================================

========================================
[BINARY DEBUG]
TIME: 2026-10-06 00:00:06
USER ID: 930251
FUNCTION: process_binary
========================================

MEMBER INFORMATION:
Member ID: 930251
Member Name: Swati Jagtap
Status: Active
Rank: Member
Topup: 8900.00
Package: 1

TREE / PV INFORMATION:
Total Left PV: 19
Paid Left PV: 2
Available Left PV: 17

Total Right PV: 1
Paid Right PV: 1
Available Right PV: 0

Lifetime Paid Pairs: 1

DIRECT SPONSOR INFORMATION:
Direct Left: 3
Direct Right: 1
(Informational ONLY - Does not block 2:1 / 1:2 PV matching)

PAIR CALCULATION:
BINARY RATIO CHECK:
Left Available: 17
Right Available: 0
Lifetime Previous Pairs: 1

Checking 2:1:
Left >= 2? YES (Left = 17 >= 2)
Right >= 1? NO (Right = 0 < 1)

Checking 1:2:
Left >= 1? YES (Left = 17 >= 1)
Right >= 2? NO (Right = 0 < 2)

Selected Ratio: NONE
Pairs Calculated: 0
Left PV To Consume: 0
Right PV To Consume: 0
FINAL RESULT = NO PAIR FORMED
Pairs Generated = 0
Payout Generated = 0
Left PV Remaining = 17
Right PV Remaining = 0
========================================

========================================
[DRB / LEVEL INCOME DEBUG]
TIME: 2026-10-06 00:00:06
DOWNLINE EARNER ID: 1001
PACKAGE ID: 1
PARSED LEVEL 1 %: 30%
PARSED LEVEL 2 %: 20%

--- LEVEL 1 DRB CALCULATION (30%) ---
Direct Sponsor ID: 1000
Calculated Level 1 Amount: ₹267.00
ACTION: SKIPPED (No valid direct sponsor found / Sponsor is 1000)

--- LEVEL 2 DRB CALCULATION (20%) ---
Level 2 Sponsor ID: None
Calculated Level 2 Amount: ₹178.00
ACTION: SKIPPED (No valid Level 2 sponsor found / Level 2 Sponsor is 1000)
========================================

========================================
[DRB / LEVEL INCOME DEBUG]
TIME: 2026-10-06 00:00:06
DOWNLINE EARNER ID: 930251
PACKAGE ID: 1
PARSED LEVEL 1 %: 30%
PARSED LEVEL 2 %: 20%

--- LEVEL 1 DRB CALCULATION (30%) ---
Direct Sponsor ID: 1001
Calculated Level 1 Amount: ₹267.00
ACTION: SKIPPED (Duplicate prevention: DRB Level 1 already generated for this matching event)

--- LEVEL 2 DRB CALCULATION (20%) ---
Level 2 Sponsor ID: 1000
Calculated Level 2 Amount: ₹178.00
ACTION: SKIPPED (No valid Level 2 sponsor found / Level 2 Sponsor is 1000)
========================================

========================================
[DRB / LEVEL INCOME DEBUG]
TIME: 2026-10-06 00:00:06
DOWNLINE EARNER ID: 1001
PACKAGE ID: 1
PARSED LEVEL 1 %: 30%
PARSED LEVEL 2 %: 20%

--- LEVEL 1 DRB CALCULATION (30%) ---
Direct Sponsor ID: 1000
Calculated Level 1 Amount: ₹267.00
ACTION: SKIPPED (No valid direct sponsor found / Sponsor is 1000)

--- LEVEL 2 DRB CALCULATION (20%) ---
Level 2 Sponsor ID: None
Calculated Level 2 Amount: ₹178.00
ACTION: SKIPPED (No valid Level 2 sponsor found / Level 2 Sponsor is 1000)
========================================

========================================
[DRB / LEVEL INCOME DEBUG]
TIME: 2026-10-06 00:00:06
DOWNLINE EARNER ID: 1001
PACKAGE ID: 1
PARSED LEVEL 1 %: 30%
PARSED LEVEL 2 %: 20%

--- LEVEL 1 DRB CALCULATION (30%) ---
Direct Sponsor ID: 1000
Calculated Level 1 Amount: ₹267.00
ACTION: SKIPPED (No valid direct sponsor found / Sponsor is 1000)

--- LEVEL 2 DRB CALCULATION (20%) ---
Level 2 Sponsor ID: None
Calculated Level 2 Amount: ₹178.00
ACTION: SKIPPED (No valid Level 2 sponsor found / Level 2 Sponsor is 1000)
========================================

========================================
[DRB / LEVEL INCOME DEBUG]
TIME: 2026-10-06 00:00:06
DOWNLINE EARNER ID: 717190
PACKAGE ID: 1
PARSED LEVEL 1 %: 30%
PARSED LEVEL 2 %: 20%

--- LEVEL 1 DRB CALCULATION (30%) ---
Direct Sponsor ID: 930251
Calculated Level 1 Amount: ₹267.00
ACTION: SKIPPED (Duplicate prevention: DRB Level 1 already generated for this matching event)

--- LEVEL 2 DRB CALCULATION (20%) ---
Level 2 Sponsor ID: 1001
Calculated Level 2 Amount: ₹178.00
ACTION: SKIPPED (Duplicate prevention: DRB Level 2 already generated for this matching event)
========================================

----------------------------------------
[PAY EARNING GATEWAY]
TIME: 2026-10-06 00:00:06
Receiver User ID: 819651
From User (Ref ID): 440216
Income Type: Direct Referral Bonus Level 2
Amount: ₹178.00
Level: 2
Receiver Status: Active
Receiver Topup: ₹8,900.00
ACTION: SUCCESS -> Earning record inserted (ID: 57, Secret: DRB2-33, Amount: ₹178.00, Status: Pending - Will be credited to Wallet when Midnight Cron runs)
----------------------------------------

========================================
[DRB / LEVEL INCOME DEBUG]
TIME: 2026-10-06 00:00:06
DOWNLINE EARNER ID: 440216
PACKAGE ID: 1
PARSED LEVEL 1 %: 30%
PARSED LEVEL 2 %: 20%

--- LEVEL 1 DRB CALCULATION (30%) ---
Direct Sponsor ID: 326595
Calculated Level 1 Amount: ₹267.00
ACTION: SKIPPED (Sponsor #326595 is either Inactive or tail is not complete: total_pairs = 0)

--- LEVEL 2 DRB CALCULATION (20%) ---
Level 2 Sponsor ID: 819651
Calculated Level 2 Amount: ₹178.00
ACTION: CREDITED -> User #819651 received ₹178.00 as Direct Referral Bonus Level 2 (20%)
========================================

----------------------------------------
[PAY EARNING GATEWAY]
TIME: 2026-10-06 00:00:06
Receiver User ID: 819651
From User (Ref ID): 763256
Income Type: Direct Referral Bonus Level 1
Amount: ₹267.00
Level: 1
Receiver Status: Active
Receiver Topup: ₹8,900.00
ACTION: SUCCESS -> Earning record inserted (ID: 58, Secret: DRB1-34, Amount: ₹267.00, Status: Pending - Will be credited to Wallet when Midnight Cron runs)
----------------------------------------

========================================
[DRB / LEVEL INCOME DEBUG]
TIME: 2026-10-06 00:00:06
DOWNLINE EARNER ID: 763256
PACKAGE ID: 1
PARSED LEVEL 1 %: 30%
PARSED LEVEL 2 %: 20%

--- LEVEL 1 DRB CALCULATION (30%) ---
Direct Sponsor ID: 819651
Calculated Level 1 Amount: ₹267.00
ACTION: CREDITED -> User #819651 received ₹267.00 as Direct Referral Bonus Level 1 (30%)

--- LEVEL 2 DRB CALCULATION (20%) ---
Level 2 Sponsor ID: 930251
Calculated Level 2 Amount: ₹178.00
ACTION: SKIPPED (Duplicate prevention: DRB Level 2 already generated for this matching event)
========================================

========================================
[DRB / LEVEL INCOME DEBUG]
TIME: 2026-10-06 00:00:06
DOWNLINE EARNER ID: 819651
PACKAGE ID: 1
PARSED LEVEL 1 %: 30%
PARSED LEVEL 2 %: 20%

--- LEVEL 1 DRB CALCULATION (30%) ---
Direct Sponsor ID: 930251
Calculated Level 1 Amount: ₹267.00
ACTION: SKIPPED (Duplicate prevention: DRB Level 1 already generated for this matching event)

--- LEVEL 2 DRB CALCULATION (20%) ---
Level 2 Sponsor ID: 1001
Calculated Level 2 Amount: ₹178.00
ACTION: SKIPPED (Duplicate prevention: DRB Level 2 already generated for this matching event)
========================================

========================================
[DRB / LEVEL INCOME DEBUG]
TIME: 2026-10-06 00:00:06
DOWNLINE EARNER ID: 819651
PACKAGE ID: 1
PARSED LEVEL 1 %: 30%
PARSED LEVEL 2 %: 20%

--- LEVEL 1 DRB CALCULATION (30%) ---
Direct Sponsor ID: 930251
Calculated Level 1 Amount: ₹267.00
ACTION: SKIPPED (Duplicate prevention: DRB Level 1 already generated for this matching event)

--- LEVEL 2 DRB CALCULATION (20%) ---
Level 2 Sponsor ID: 1001
Calculated Level 2 Amount: ₹178.00
ACTION: SKIPPED (Duplicate prevention: DRB Level 2 already generated for this matching event)
========================================

========================================
[DRB / LEVEL INCOME DEBUG]
TIME: 2026-10-06 00:00:06
DOWNLINE EARNER ID: 819651
PACKAGE ID: 1
PARSED LEVEL 1 %: 30%
PARSED LEVEL 2 %: 20%

--- LEVEL 1 DRB CALCULATION (30%) ---
Direct Sponsor ID: 930251
Calculated Level 1 Amount: ₹267.00
ACTION: SKIPPED (Duplicate prevention: DRB Level 1 already generated for this matching event)

--- LEVEL 2 DRB CALCULATION (20%) ---
Level 2 Sponsor ID: 1001
Calculated Level 2 Amount: ₹178.00
ACTION: SKIPPED (Duplicate prevention: DRB Level 2 already generated for this matching event)
========================================

========================================
[DRB / LEVEL INCOME DEBUG]
TIME: 2026-10-06 00:00:06
DOWNLINE EARNER ID: 819651
PACKAGE ID: 1
PARSED LEVEL 1 %: 30%
PARSED LEVEL 2 %: 20%

--- LEVEL 1 DRB CALCULATION (30%) ---
Direct Sponsor ID: 930251
Calculated Level 1 Amount: ₹267.00
ACTION: SKIPPED (Duplicate prevention: DRB Level 1 already generated for this matching event)

--- LEVEL 2 DRB CALCULATION (20%) ---
Level 2 Sponsor ID: 1001
Calculated Level 2 Amount: ₹178.00
ACTION: SKIPPED (Duplicate prevention: DRB Level 2 already generated for this matching event)
========================================

========================================
[DRB / LEVEL INCOME DEBUG]
TIME: 2026-10-06 00:00:06
DOWNLINE EARNER ID: 819651
PACKAGE ID: 1
PARSED LEVEL 1 %: 30%
PARSED LEVEL 2 %: 20%

--- LEVEL 1 DRB CALCULATION (30%) ---
Direct Sponsor ID: 930251
Calculated Level 1 Amount: ₹267.00
ACTION: SKIPPED (Duplicate prevention: DRB Level 1 already generated for this matching event)

--- LEVEL 2 DRB CALCULATION (20%) ---
Level 2 Sponsor ID: 1001
Calculated Level 2 Amount: ₹178.00
ACTION: SKIPPED (Duplicate prevention: DRB Level 2 already generated for this matching event)
========================================

========================================
[DRB / LEVEL INCOME DEBUG]
TIME: 2026-10-06 00:00:06
DOWNLINE EARNER ID: 819651
PACKAGE ID: 1
PARSED LEVEL 1 %: 30%
PARSED LEVEL 2 %: 20%

--- LEVEL 1 DRB CALCULATION (30%) ---
Direct Sponsor ID: 930251
Calculated Level 1 Amount: ₹267.00
ACTION: SKIPPED (Duplicate prevention: DRB Level 1 already generated for this matching event)

--- LEVEL 2 DRB CALCULATION (20%) ---
Level 2 Sponsor ID: 1001
Calculated Level 2 Amount: ₹178.00
ACTION: SKIPPED (Duplicate prevention: DRB Level 2 already generated for this matching event)
========================================

========================================
[DRB / LEVEL INCOME DEBUG]
TIME: 2026-10-06 00:00:06
DOWNLINE EARNER ID: 917700
PACKAGE ID: 1
PARSED LEVEL 1 %: 30%
PARSED LEVEL 2 %: 20%

--- LEVEL 1 DRB CALCULATION (30%) ---
Direct Sponsor ID: 819651
Calculated Level 1 Amount: ₹267.00
ACTION: SKIPPED (Duplicate prevention: DRB Level 1 already generated for this matching event)

--- LEVEL 2 DRB CALCULATION (20%) ---
Level 2 Sponsor ID: 930251
Calculated Level 2 Amount: ₹178.00
ACTION: SKIPPED (Duplicate prevention: DRB Level 2 already generated for this matching event)
========================================

========================================
[DIRECT SPONSOR INCOME DEBUG]
TIME: 2026-10-06 00:25:27
New Member ID: 750654
Direct Sponsor ID: 417839
Package ID: 1
Member PV: 1, Package Ratio: 1, Qty: 1
Existing Direct Sponsor Records: 0
Direct Rate: ₹890.00
Calculated Direct Sponsor Amount: ₹890.00
ACTION: Forwarding to pay_earning for Sponsor #417839
========================================

----------------------------------------
[PAY EARNING GATEWAY]
TIME: 2026-10-06 00:25:27
Receiver User ID: 417839
From User (Ref ID): 750654
Income Type: Direct Sponsor Income
Amount: ₹890.00
Level: 0
Receiver Status: Active
Receiver Topup: ₹8,900.00
ACTION: SUCCESS -> Earning record inserted (ID: 59, Secret: DIR-417839-20261006002527-602, Amount: ₹890.00, Status: Credited to Wallet IMMEDIATELY - Direct Sponsor Income)
----------------------------------------

========================================
[DIRECT SPONSOR INCOME DEBUG]
TIME: 2026-10-06 20:30:14
New Member ID: 509901
Direct Sponsor ID: 353091
Package ID: 1
Member PV: 1, Package Ratio: 1, Qty: 1
Existing Direct Sponsor Records: 0
Direct Rate: ₹890.00
Calculated Direct Sponsor Amount: ₹890.00
ACTION: Forwarding to pay_earning for Sponsor #353091
========================================

----------------------------------------
[PAY EARNING GATEWAY]
TIME: 2026-10-06 20:30:14
Receiver User ID: 353091
From User (Ref ID): 509901
Income Type: Direct Sponsor Income
Amount: ₹890.00
Level: 0
Receiver Status: Active
Receiver Topup: ₹8,900.00
ACTION: SUCCESS -> Earning record inserted (ID: 60, Secret: DIR-353091-20261006203014-359, Amount: ₹890.00, Status: Credited to Wallet IMMEDIATELY - Direct Sponsor Income)
----------------------------------------

========================================
[BINARY DEBUG]
TIME: 2026-10-07 00:00:09
FUNCTION ENTERED: process_binary
USER ID: 1001
========================================

========================================
[DRB / LEVEL INCOME DEBUG]
TIME: 2026-10-07 00:00:09
DOWNLINE EARNER ID: 1001
PACKAGE ID: 1
PARSED LEVEL 1 %: 30%
PARSED LEVEL 2 %: 20%

--- LEVEL 1 DRB CALCULATION (30%) ---
Direct Sponsor ID: 1000
Calculated Level 1 Amount: ₹267.00
ACTION: SKIPPED (No valid direct sponsor found / Sponsor is 1000)

--- LEVEL 2 DRB CALCULATION (20%) ---
Level 2 Sponsor ID: None
Calculated Level 2 Amount: ₹178.00
ACTION: SKIPPED (No valid Level 2 sponsor found / Level 2 Sponsor is 1000)
========================================

========================================
[BINARY DEBUG]
TIME: 2026-10-07 00:00:09
USER ID: 1001
FUNCTION: process_binary
========================================

MEMBER INFORMATION:
Member ID: 1001
Member Name: Green Amrut Herbal Multitrade Private Limited
Status: Active
Rank: Member
Topup: 8900.00
Package: 1

TREE / PV INFORMATION:
Total Left PV: 32
Paid Left PV: 4
Available Left PV: 28

Total Right PV: 4
Paid Right PV: 3
Available Right PV: 1

Lifetime Paid Pairs: 3

DIRECT SPONSOR INFORMATION:
Direct Left: 1
Direct Right: 1
(Informational ONLY - Does not block 2:1 / 1:2 PV matching)

PAIR CALCULATION:
BINARY RATIO CHECK:
Left Available: 28
Right Available: 1
Lifetime Previous Pairs: 3

Checking 2:1:
Left >= 2? YES (Left = 28 >= 2)
Right >= 1? YES (Right = 1 >= 1)

Checking 1:2:
Left >= 1? YES (Left = 28 >= 1)
Right >= 2? NO (Right = 1 < 2)

Selected Ratio: 1:1
Pairs Calculated: 1
Left PV To Consume: 1
Right PV To Consume: 1
PAYOUT CALCULATION:
BINARY PAYOUT CALCULATION:
Package ID: 1
Matching Income Configuration: 
Payout Per Pair: 890
Daily Cap: 14240
Pairs Calculated: 1
Pairs Allowed By Cap: 16
Payable Pairs: 1
Total Payout: 890

DATABASE TRANSACTION:
[BINARY TRANSACTION]
BEGIN

1. EARNING INSERT
BINARY EARNING INSERT:
SUCCESS
Insert ID: 
User ID: 1001
Amount: 890
Type: Matching Income
Pair Count: 1
Transaction Reference: BIN-1001-20261007000009-4744

2. WALLET CREDIT
WALLET CREDIT:
SUCCESS
User ID: 1001
Previous Balance: 0
Credit Amount: 890
New Balance: 0

3. PV CONSUMPTION
PV UPDATE:
Before Paid Left: 4
Before Paid Right: 3
Left PV Consumed: 1
Right PV Consumed: 1
After Paid Left: 5
After Paid Right: 4

4. LIFETIME PAIR UPDATE
LIFETIME PAIR UPDATE:
Before: 3
Added: 1
After: 4

5. TRANSACTION
BINARY TRANSACTION:
COMMITTED

FINAL RESULT = PAYOUT GENERATED
Pairs Generated = 1
Payout Generated = 890
Left PV Remaining = 27
Right PV Remaining = 0
========================================

========================================
[BINARY DEBUG]
TIME: 2026-10-07 00:00:09
FUNCTION ENTERED: process_binary
USER ID: 388783
========================================

----------------------------------------
[PAY EARNING GATEWAY]
TIME: 2026-10-07 00:00:09
Receiver User ID: 1001
From User (Ref ID): 388783
Income Type: Direct Referral Bonus Level 1
Amount: ₹267.00
Level: 1
Receiver Status: Active
Receiver Topup: ₹8,900.00
ACTION: SUCCESS -> Earning record inserted (ID: 63, Secret: DRB1-62, Amount: ₹267.00, Status: Pending - Will be credited to Wallet when Midnight Cron runs)
----------------------------------------

========================================
[DRB / LEVEL INCOME DEBUG]
TIME: 2026-10-07 00:00:09
DOWNLINE EARNER ID: 388783
PACKAGE ID: 1
PARSED LEVEL 1 %: 30%
PARSED LEVEL 2 %: 20%

--- LEVEL 1 DRB CALCULATION (30%) ---
Direct Sponsor ID: 1001
Calculated Level 1 Amount: ₹267.00
ACTION: CREDITED -> User #1001 received ₹267.00 as Direct Referral Bonus Level 1 (30%)

--- LEVEL 2 DRB CALCULATION (20%) ---
Level 2 Sponsor ID: 1000
Calculated Level 2 Amount: ₹178.00
ACTION: SKIPPED (No valid Level 2 sponsor found / Level 2 Sponsor is 1000)
========================================

========================================
[BINARY DEBUG]
TIME: 2026-10-07 00:00:09
USER ID: 388783
FUNCTION: process_binary
========================================

MEMBER INFORMATION:
Member ID: 388783
Member Name: Swati Jagtap
Status: Active
Rank: Member
Topup: 8900.00
Package: 1

TREE / PV INFORMATION:
Total Left PV: 1
Paid Left PV: 0
Available Left PV: 1

Total Right PV: 2
Paid Right PV: 0
Available Right PV: 2

Lifetime Paid Pairs: 0

DIRECT SPONSOR INFORMATION:
Direct Left: 1
Direct Right: 1
(Informational ONLY - Does not block 2:1 / 1:2 PV matching)

PAIR CALCULATION:
BINARY RATIO CHECK:
Left Available: 1
Right Available: 2
Lifetime Previous Pairs: 0

Checking 2:1:
Left >= 2? NO (Left = 1 < 2)
Right >= 1? YES (Right = 2 >= 1)

Checking 1:2:
Left >= 1? YES (Left = 1 >= 1)
Right >= 2? YES (Right = 2 >= 2)

Selected Ratio: 1:2
Pairs Calculated: 1
Left PV To Consume: 1
Right PV To Consume: 2
PAYOUT CALCULATION:
BINARY PAYOUT CALCULATION:
Package ID: 1
Matching Income Configuration: 
Payout Per Pair: 890
Daily Cap: 14240
Pairs Calculated: 1
Pairs Allowed By Cap: 16
Payable Pairs: 1
Total Payout: 890

DATABASE TRANSACTION:
[BINARY TRANSACTION]
BEGIN

1. EARNING INSERT
BINARY EARNING INSERT:
SUCCESS
Insert ID: 
User ID: 388783
Amount: 890
Type: Matching Income
Pair Count: 1
Transaction Reference: BIN-388783-20261007000009-4263

2. WALLET CREDIT
WALLET CREDIT:
SUCCESS
User ID: 388783
Previous Balance: 0
Credit Amount: 890
New Balance: 0

3. PV CONSUMPTION
PV UPDATE:
Before Paid Left: 0
Before Paid Right: 0
Left PV Consumed: 1
Right PV Consumed: 2
After Paid Left: 1
After Paid Right: 2

4. LIFETIME PAIR UPDATE
LIFETIME PAIR UPDATE:
Before: 0
Added: 1
After: 1

5. TRANSACTION
BINARY TRANSACTION:
COMMITTED

FINAL RESULT = PAYOUT GENERATED
Pairs Generated = 1
Payout Generated = 890
Left PV Remaining = 0
Right PV Remaining = 0
========================================

========================================
[BINARY DEBUG]
TIME: 2026-10-07 00:00:09
FUNCTION ENTERED: process_binary
USER ID: 440216
========================================

========================================
[BINARY DEBUG]
TIME: 2026-10-07 00:00:09
USER ID: 440216
FUNCTION: process_binary
========================================

MEMBER INFORMATION:
Member ID: 440216
Member Name: Shubham jadhav
Status: Active
Rank: Member
Topup: 8900.00
Package: 1

TREE / PV INFORMATION:
Total Left PV: 5
Paid Left PV: 2
Available Left PV: 3

Total Right PV: 1
Paid Right PV: 1
Available Right PV: 0

Lifetime Paid Pairs: 1

DIRECT SPONSOR INFORMATION:
Direct Left: 1
Direct Right: 1
(Informational ONLY - Does not block 2:1 / 1:2 PV matching)

PAIR CALCULATION:
BINARY RATIO CHECK:
Left Available: 3
Right Available: 0
Lifetime Previous Pairs: 1

Checking 2:1:
Left >= 2? YES (Left = 3 >= 2)
Right >= 1? NO (Right = 0 < 1)

Checking 1:2:
Left >= 1? YES (Left = 3 >= 1)
Right >= 2? NO (Right = 0 < 2)

Selected Ratio: NONE
Pairs Calculated: 0
Left PV To Consume: 0
Right PV To Consume: 0
FINAL RESULT = NO PAIR FORMED
Pairs Generated = 0
Payout Generated = 0
Left PV Remaining = 3
Right PV Remaining = 0
========================================

========================================
[BINARY DEBUG]
TIME: 2026-10-07 00:00:09
FUNCTION ENTERED: process_binary
USER ID: 717190
========================================

========================================
[BINARY DEBUG]
TIME: 2026-10-07 00:00:09
USER ID: 717190
FUNCTION: process_binary
========================================

MEMBER INFORMATION:
Member ID: 717190
Member Name: SANDIP PATIL
Status: Active
Rank: Member
Topup: 8900.00
Package: 1

TREE / PV INFORMATION:
Total Left PV: 18
Paid Left PV: 2
Available Left PV: 16

Total Right PV: 1
Paid Right PV: 1
Available Right PV: 0

Lifetime Paid Pairs: 1

DIRECT SPONSOR INFORMATION:
Direct Left: 1
Direct Right: 1
(Informational ONLY - Does not block 2:1 / 1:2 PV matching)

PAIR CALCULATION:
BINARY RATIO CHECK:
Left Available: 16
Right Available: 0
Lifetime Previous Pairs: 1

Checking 2:1:
Left >= 2? YES (Left = 16 >= 2)
Right >= 1? NO (Right = 0 < 1)

Checking 1:2:
Left >= 1? YES (Left = 16 >= 1)
Right >= 2? NO (Right = 0 < 2)

Selected Ratio: NONE
Pairs Calculated: 0
Left PV To Consume: 0
Right PV To Consume: 0
FINAL RESULT = NO PAIR FORMED
Pairs Generated = 0
Payout Generated = 0
Left PV Remaining = 16
Right PV Remaining = 0
========================================

========================================
[BINARY DEBUG]
TIME: 2026-10-07 00:00:09
FUNCTION ENTERED: process_binary
USER ID: 763256
========================================

========================================
[BINARY DEBUG]
TIME: 2026-10-07 00:00:09
USER ID: 763256
FUNCTION: process_binary
========================================

MEMBER INFORMATION:
Member ID: 763256
Member Name: Sneha nar
Status: Active
Rank: Member
Topup: 8900.00
Package: 1

TREE / PV INFORMATION:
Total Left PV: 1
Paid Left PV: 1
Available Left PV: 0

Total Right PV: 2
Paid Right PV: 2
Available Right PV: 0

Lifetime Paid Pairs: 1

DIRECT SPONSOR INFORMATION:
Direct Left: 1
Direct Right: 1
(Informational ONLY - Does not block 2:1 / 1:2 PV matching)

PAIR CALCULATION:
BINARY RATIO CHECK:
Left Available: 0
Right Available: 0
Lifetime Previous Pairs: 1

Checking 2:1:
Left >= 2? NO (Left = 0 < 2)
Right >= 1? NO (Right = 0 < 1)

Checking 1:2:
Left >= 1? NO (Left = 0 < 1)
Right >= 2? NO (Right = 0 < 2)

Selected Ratio: NONE
Pairs Calculated: 0
Left PV To Consume: 0
Right PV To Consume: 0
FINAL RESULT = NO PAIR FORMED
Pairs Generated = 0
Payout Generated = 0
Left PV Remaining = 0
Right PV Remaining = 0
========================================

========================================
[BINARY DEBUG]
TIME: 2026-10-07 00:00:09
FUNCTION ENTERED: process_binary
USER ID: 819651
========================================

----------------------------------------
[PAY EARNING GATEWAY]
TIME: 2026-10-07 00:00:09
Receiver User ID: 930251
From User (Ref ID): 819651
Income Type: Direct Referral Bonus Level 1
Amount: ₹267.00
Level: 1
Receiver Status: Active
Receiver Topup: ₹8,900.00
ACTION: SUCCESS -> Earning record inserted (ID: 65, Secret: DRB1-64, Amount: ₹267.00, Status: Pending - Will be credited to Wallet when Midnight Cron runs)
----------------------------------------

----------------------------------------
[PAY EARNING GATEWAY]
TIME: 2026-10-07 00:00:09
Receiver User ID: 1001
From User (Ref ID): 819651
Income Type: Direct Referral Bonus Level 2
Amount: ₹178.00
Level: 2
Receiver Status: Active
Receiver Topup: ₹8,900.00
ACTION: SUCCESS -> Earning record inserted (ID: 66, Secret: DRB2-64, Amount: ₹178.00, Status: Pending - Will be credited to Wallet when Midnight Cron runs)
----------------------------------------

========================================
[DRB / LEVEL INCOME DEBUG]
TIME: 2026-10-07 00:00:09
DOWNLINE EARNER ID: 819651
PACKAGE ID: 1
PARSED LEVEL 1 %: 30%
PARSED LEVEL 2 %: 20%

--- LEVEL 1 DRB CALCULATION (30%) ---
Direct Sponsor ID: 930251
Calculated Level 1 Amount: ₹267.00
ACTION: CREDITED -> User #930251 received ₹267.00 as Direct Referral Bonus Level 1 (30%)

--- LEVEL 2 DRB CALCULATION (20%) ---
Level 2 Sponsor ID: 1001
Calculated Level 2 Amount: ₹178.00
ACTION: CREDITED -> User #1001 received ₹178.00 as Direct Referral Bonus Level 2 (20%)
========================================

========================================
[BINARY DEBUG]
TIME: 2026-10-07 00:00:09
USER ID: 819651
FUNCTION: process_binary
========================================

MEMBER INFORMATION:
Member ID: 819651
Member Name: Santosh dhondu jadhav
Status: Active
Rank: Member
Topup: 8900.00
Package: 1

TREE / PV INFORMATION:
Total Left PV: 8
Paid Left PV: 7
Available Left PV: 1

Total Right PV: 7
Paid Right PV: 6
Available Right PV: 1

Lifetime Paid Pairs: 6

DIRECT SPONSOR INFORMATION:
Direct Left: 4
Direct Right: 3
(Informational ONLY - Does not block 2:1 / 1:2 PV matching)

PAIR CALCULATION:
BINARY RATIO CHECK:
Left Available: 1
Right Available: 1
Lifetime Previous Pairs: 6

Checking 2:1:
Left >= 2? NO (Left = 1 < 2)
Right >= 1? YES (Right = 1 >= 1)

Checking 1:2:
Left >= 1? YES (Left = 1 >= 1)
Right >= 2? NO (Right = 1 < 2)

Selected Ratio: 1:1
Pairs Calculated: 1
Left PV To Consume: 1
Right PV To Consume: 1
PAYOUT CALCULATION:
BINARY PAYOUT CALCULATION:
Package ID: 1
Matching Income Configuration: 
Payout Per Pair: 890
Daily Cap: 14240
Pairs Calculated: 1
Pairs Allowed By Cap: 16
Payable Pairs: 1
Total Payout: 890

DATABASE TRANSACTION:
[BINARY TRANSACTION]
BEGIN

1. EARNING INSERT
BINARY EARNING INSERT:
SUCCESS
Insert ID: 
User ID: 819651
Amount: 890
Type: Matching Income
Pair Count: 1
Transaction Reference: BIN-819651-20261007000009-7709

2. WALLET CREDIT
WALLET CREDIT:
SUCCESS
User ID: 819651
Previous Balance: 0
Credit Amount: 890
New Balance: 0

3. PV CONSUMPTION
PV UPDATE:
Before Paid Left: 7
Before Paid Right: 6
Left PV Consumed: 1
Right PV Consumed: 1
After Paid Left: 8
After Paid Right: 7

4. LIFETIME PAIR UPDATE
LIFETIME PAIR UPDATE:
Before: 6
Added: 1
After: 7

5. TRANSACTION
BINARY TRANSACTION:
COMMITTED

FINAL RESULT = PAYOUT GENERATED
Pairs Generated = 1
Payout Generated = 890
Left PV Remaining = 0
Right PV Remaining = 0
========================================

========================================
[BINARY DEBUG]
TIME: 2026-10-07 00:00:09
FUNCTION ENTERED: process_binary
USER ID: 917700
========================================

========================================
[BINARY DEBUG]
TIME: 2026-10-07 00:00:09
USER ID: 917700
FUNCTION: process_binary
========================================

MEMBER INFORMATION:
Member ID: 917700
Member Name: Santosh dhondu jadhav
Status: Active
Rank: Member
Topup: 8900.00
Package: 1

TREE / PV INFORMATION:
Total Left PV: 1
Paid Left PV: 1
Available Left PV: 0

Total Right PV: 5
Paid Right PV: 2
Available Right PV: 3

Lifetime Paid Pairs: 1

DIRECT SPONSOR INFORMATION:
Direct Left: 1
Direct Right: 1
(Informational ONLY - Does not block 2:1 / 1:2 PV matching)

PAIR CALCULATION:
BINARY RATIO CHECK:
Left Available: 0
Right Available: 3
Lifetime Previous Pairs: 1

Checking 2:1:
Left >= 2? NO (Left = 0 < 2)
Right >= 1? YES (Right = 3 >= 1)

Checking 1:2:
Left >= 1? NO (Left = 0 < 1)
Right >= 2? YES (Right = 3 >= 2)

Selected Ratio: NONE
Pairs Calculated: 0
Left PV To Consume: 0
Right PV To Consume: 0
FINAL RESULT = NO PAIR FORMED
Pairs Generated = 0
Payout Generated = 0
Left PV Remaining = 0
Right PV Remaining = 3
========================================

========================================
[BINARY DEBUG]
TIME: 2026-10-07 00:00:09
FUNCTION ENTERED: process_binary
USER ID: 930251
========================================

========================================
[BINARY DEBUG]
TIME: 2026-10-07 00:00:09
USER ID: 930251
FUNCTION: process_binary
========================================

MEMBER INFORMATION:
Member ID: 930251
Member Name: Swati Jagtap
Status: Active
Rank: Member
Topup: 8900.00
Package: 1

TREE / PV INFORMATION:
Total Left PV: 20
Paid Left PV: 2
Available Left PV: 18

Total Right PV: 1
Paid Right PV: 1
Available Right PV: 0

Lifetime Paid Pairs: 1

DIRECT SPONSOR INFORMATION:
Direct Left: 3
Direct Right: 1
(Informational ONLY - Does not block 2:1 / 1:2 PV matching)

PAIR CALCULATION:
BINARY RATIO CHECK:
Left Available: 18
Right Available: 0
Lifetime Previous Pairs: 1

Checking 2:1:
Left >= 2? YES (Left = 18 >= 2)
Right >= 1? NO (Right = 0 < 1)

Checking 1:2:
Left >= 1? YES (Left = 18 >= 1)
Right >= 2? NO (Right = 0 < 2)

Selected Ratio: NONE
Pairs Calculated: 0
Left PV To Consume: 0
Right PV To Consume: 0
FINAL RESULT = NO PAIR FORMED
Pairs Generated = 0
Payout Generated = 0
Left PV Remaining = 18
Right PV Remaining = 0
========================================

========================================
[DRB / LEVEL INCOME DEBUG]
TIME: 2026-10-07 00:00:09
DOWNLINE EARNER ID: 1001
PACKAGE ID: 1
PARSED LEVEL 1 %: 30%
PARSED LEVEL 2 %: 20%

--- LEVEL 1 DRB CALCULATION (30%) ---
Direct Sponsor ID: 1000
Calculated Level 1 Amount: ₹267.00
ACTION: SKIPPED (No valid direct sponsor found / Sponsor is 1000)

--- LEVEL 2 DRB CALCULATION (20%) ---
Level 2 Sponsor ID: None
Calculated Level 2 Amount: ₹178.00
ACTION: SKIPPED (No valid Level 2 sponsor found / Level 2 Sponsor is 1000)
========================================

========================================
[DRB / LEVEL INCOME DEBUG]
TIME: 2026-10-07 00:00:09
DOWNLINE EARNER ID: 930251
PACKAGE ID: 1
PARSED LEVEL 1 %: 30%
PARSED LEVEL 2 %: 20%

--- LEVEL 1 DRB CALCULATION (30%) ---
Direct Sponsor ID: 1001
Calculated Level 1 Amount: ₹267.00
ACTION: SKIPPED (Duplicate prevention: DRB Level 1 already generated for this matching event)

--- LEVEL 2 DRB CALCULATION (20%) ---
Level 2 Sponsor ID: 1000
Calculated Level 2 Amount: ₹178.00
ACTION: SKIPPED (No valid Level 2 sponsor found / Level 2 Sponsor is 1000)
========================================

========================================
[DRB / LEVEL INCOME DEBUG]
TIME: 2026-10-07 00:00:09
DOWNLINE EARNER ID: 1001
PACKAGE ID: 1
PARSED LEVEL 1 %: 30%
PARSED LEVEL 2 %: 20%

--- LEVEL 1 DRB CALCULATION (30%) ---
Direct Sponsor ID: 1000
Calculated Level 1 Amount: ₹267.00
ACTION: SKIPPED (No valid direct sponsor found / Sponsor is 1000)

--- LEVEL 2 DRB CALCULATION (20%) ---
Level 2 Sponsor ID: None
Calculated Level 2 Amount: ₹178.00
ACTION: SKIPPED (No valid Level 2 sponsor found / Level 2 Sponsor is 1000)
========================================

========================================
[DRB / LEVEL INCOME DEBUG]
TIME: 2026-10-07 00:00:09
DOWNLINE EARNER ID: 1001
PACKAGE ID: 1
PARSED LEVEL 1 %: 30%
PARSED LEVEL 2 %: 20%

--- LEVEL 1 DRB CALCULATION (30%) ---
Direct Sponsor ID: 1000
Calculated Level 1 Amount: ₹267.00
ACTION: SKIPPED (No valid direct sponsor found / Sponsor is 1000)

--- LEVEL 2 DRB CALCULATION (20%) ---
Level 2 Sponsor ID: None
Calculated Level 2 Amount: ₹178.00
ACTION: SKIPPED (No valid Level 2 sponsor found / Level 2 Sponsor is 1000)
========================================

========================================
[DRB / LEVEL INCOME DEBUG]
TIME: 2026-10-07 00:00:09
DOWNLINE EARNER ID: 717190
PACKAGE ID: 1
PARSED LEVEL 1 %: 30%
PARSED LEVEL 2 %: 20%

--- LEVEL 1 DRB CALCULATION (30%) ---
Direct Sponsor ID: 930251
Calculated Level 1 Amount: ₹267.00
ACTION: SKIPPED (Duplicate prevention: DRB Level 1 already generated for this matching event)

--- LEVEL 2 DRB CALCULATION (20%) ---
Level 2 Sponsor ID: 1001
Calculated Level 2 Amount: ₹178.00
ACTION: SKIPPED (Duplicate prevention: DRB Level 2 already generated for this matching event)
========================================

========================================
[DRB / LEVEL INCOME DEBUG]
TIME: 2026-10-07 00:00:09
DOWNLINE EARNER ID: 440216
PACKAGE ID: 1
PARSED LEVEL 1 %: 30%
PARSED LEVEL 2 %: 20%

--- LEVEL 1 DRB CALCULATION (30%) ---
Direct Sponsor ID: 326595
Calculated Level 1 Amount: ₹267.00
ACTION: SKIPPED (Sponsor #326595 is either Inactive or tail is not complete: total_pairs = 0)

--- LEVEL 2 DRB CALCULATION (20%) ---
Level 2 Sponsor ID: 819651
Calculated Level 2 Amount: ₹178.00
ACTION: SKIPPED (Duplicate prevention: DRB Level 2 already generated for this matching event)
========================================

========================================
[DRB / LEVEL INCOME DEBUG]
TIME: 2026-10-07 00:00:09
DOWNLINE EARNER ID: 763256
PACKAGE ID: 1
PARSED LEVEL 1 %: 30%
PARSED LEVEL 2 %: 20%

--- LEVEL 1 DRB CALCULATION (30%) ---
Direct Sponsor ID: 819651
Calculated Level 1 Amount: ₹267.00
ACTION: SKIPPED (Duplicate prevention: DRB Level 1 already generated for this matching event)

--- LEVEL 2 DRB CALCULATION (20%) ---
Level 2 Sponsor ID: 930251
Calculated Level 2 Amount: ₹178.00
ACTION: SKIPPED (Duplicate prevention: DRB Level 2 already generated for this matching event)
========================================

========================================
[DRB / LEVEL INCOME DEBUG]
TIME: 2026-10-07 00:00:09
DOWNLINE EARNER ID: 819651
PACKAGE ID: 1
PARSED LEVEL 1 %: 30%
PARSED LEVEL 2 %: 20%

--- LEVEL 1 DRB CALCULATION (30%) ---
Direct Sponsor ID: 930251
Calculated Level 1 Amount: ₹267.00
ACTION: SKIPPED (Duplicate prevention: DRB Level 1 already generated for this matching event)

--- LEVEL 2 DRB CALCULATION (20%) ---
Level 2 Sponsor ID: 1001
Calculated Level 2 Amount: ₹178.00
ACTION: SKIPPED (Duplicate prevention: DRB Level 2 already generated for this matching event)
========================================

========================================
[DRB / LEVEL INCOME DEBUG]
TIME: 2026-10-07 00:00:09
DOWNLINE EARNER ID: 819651
PACKAGE ID: 1
PARSED LEVEL 1 %: 30%
PARSED LEVEL 2 %: 20%

--- LEVEL 1 DRB CALCULATION (30%) ---
Direct Sponsor ID: 930251
Calculated Level 1 Amount: ₹267.00
ACTION: SKIPPED (Duplicate prevention: DRB Level 1 already generated for this matching event)

--- LEVEL 2 DRB CALCULATION (20%) ---
Level 2 Sponsor ID: 1001
Calculated Level 2 Amount: ₹178.00
ACTION: SKIPPED (Duplicate prevention: DRB Level 2 already generated for this matching event)
========================================

========================================
[DRB / LEVEL INCOME DEBUG]
TIME: 2026-10-07 00:00:09
DOWNLINE EARNER ID: 819651
PACKAGE ID: 1
PARSED LEVEL 1 %: 30%
PARSED LEVEL 2 %: 20%

--- LEVEL 1 DRB CALCULATION (30%) ---
Direct Sponsor ID: 930251
Calculated Level 1 Amount: ₹267.00
ACTION: SKIPPED (Duplicate prevention: DRB Level 1 already generated for this matching event)

--- LEVEL 2 DRB CALCULATION (20%) ---
Level 2 Sponsor ID: 1001
Calculated Level 2 Amount: ₹178.00
ACTION: SKIPPED (Duplicate prevention: DRB Level 2 already generated for this matching event)
========================================

========================================
[DRB / LEVEL INCOME DEBUG]
TIME: 2026-10-07 00:00:09
DOWNLINE EARNER ID: 819651
PACKAGE ID: 1
PARSED LEVEL 1 %: 30%
PARSED LEVEL 2 %: 20%

--- LEVEL 1 DRB CALCULATION (30%) ---
Direct Sponsor ID: 930251
Calculated Level 1 Amount: ₹267.00
ACTION: SKIPPED (Duplicate prevention: DRB Level 1 already generated for this matching event)

--- LEVEL 2 DRB CALCULATION (20%) ---
Level 2 Sponsor ID: 1001
Calculated Level 2 Amount: ₹178.00
ACTION: SKIPPED (Duplicate prevention: DRB Level 2 already generated for this matching event)
========================================

========================================
[DRB / LEVEL INCOME DEBUG]
TIME: 2026-10-07 00:00:09
DOWNLINE EARNER ID: 819651
PACKAGE ID: 1
PARSED LEVEL 1 %: 30%
PARSED LEVEL 2 %: 20%

--- LEVEL 1 DRB CALCULATION (30%) ---
Direct Sponsor ID: 930251
Calculated Level 1 Amount: ₹267.00
ACTION: SKIPPED (Duplicate prevention: DRB Level 1 already generated for this matching event)

--- LEVEL 2 DRB CALCULATION (20%) ---
Level 2 Sponsor ID: 1001
Calculated Level 2 Amount: ₹178.00
ACTION: SKIPPED (Duplicate prevention: DRB Level 2 already generated for this matching event)
========================================

========================================
[DRB / LEVEL INCOME DEBUG]
TIME: 2026-10-07 00:00:09
DOWNLINE EARNER ID: 819651
PACKAGE ID: 1
PARSED LEVEL 1 %: 30%
PARSED LEVEL 2 %: 20%

--- LEVEL 1 DRB CALCULATION (30%) ---
Direct Sponsor ID: 930251
Calculated Level 1 Amount: ₹267.00
ACTION: SKIPPED (Duplicate prevention: DRB Level 1 already generated for this matching event)

--- LEVEL 2 DRB CALCULATION (20%) ---
Level 2 Sponsor ID: 1001
Calculated Level 2 Amount: ₹178.00
ACTION: SKIPPED (Duplicate prevention: DRB Level 2 already generated for this matching event)
========================================

========================================
[DRB / LEVEL INCOME DEBUG]
TIME: 2026-10-07 00:00:09
DOWNLINE EARNER ID: 917700
PACKAGE ID: 1
PARSED LEVEL 1 %: 30%
PARSED LEVEL 2 %: 20%

--- LEVEL 1 DRB CALCULATION (30%) ---
Direct Sponsor ID: 819651
Calculated Level 1 Amount: ₹267.00
ACTION: SKIPPED (Duplicate prevention: DRB Level 1 already generated for this matching event)

--- LEVEL 2 DRB CALCULATION (20%) ---
Level 2 Sponsor ID: 930251
Calculated Level 2 Amount: ₹178.00
ACTION: SKIPPED (Duplicate prevention: DRB Level 2 already generated for this matching event)
========================================

========================================
[DRB / LEVEL INCOME DEBUG]
TIME: 2026-10-07 00:00:09
DOWNLINE EARNER ID: 1001
PACKAGE ID: 1
PARSED LEVEL 1 %: 30%
PARSED LEVEL 2 %: 20%

--- LEVEL 1 DRB CALCULATION (30%) ---
Direct Sponsor ID: 1000
Calculated Level 1 Amount: ₹267.00
ACTION: SKIPPED (No valid direct sponsor found / Sponsor is 1000)

--- LEVEL 2 DRB CALCULATION (20%) ---
Level 2 Sponsor ID: None
Calculated Level 2 Amount: ₹178.00
ACTION: SKIPPED (No valid Level 2 sponsor found / Level 2 Sponsor is 1000)
========================================

========================================
[DRB / LEVEL INCOME DEBUG]
TIME: 2026-10-07 00:00:09
DOWNLINE EARNER ID: 388783
PACKAGE ID: 1
PARSED LEVEL 1 %: 30%
PARSED LEVEL 2 %: 20%

--- LEVEL 1 DRB CALCULATION (30%) ---
Direct Sponsor ID: 1001
Calculated Level 1 Amount: ₹267.00
ACTION: SKIPPED (Duplicate prevention: DRB Level 1 already generated for this matching event)

--- LEVEL 2 DRB CALCULATION (20%) ---
Level 2 Sponsor ID: 1000
Calculated Level 2 Amount: ₹178.00
ACTION: SKIPPED (No valid Level 2 sponsor found / Level 2 Sponsor is 1000)
========================================

========================================
[DRB / LEVEL INCOME DEBUG]
TIME: 2026-10-07 00:00:09
DOWNLINE EARNER ID: 819651
PACKAGE ID: 1
PARSED LEVEL 1 %: 30%
PARSED LEVEL 2 %: 20%

--- LEVEL 1 DRB CALCULATION (30%) ---
Direct Sponsor ID: 930251
Calculated Level 1 Amount: ₹267.00
ACTION: SKIPPED (Duplicate prevention: DRB Level 1 already generated for this matching event)

--- LEVEL 2 DRB CALCULATION (20%) ---
Level 2 Sponsor ID: 1001
Calculated Level 2 Amount: ₹178.00
ACTION: SKIPPED (Duplicate prevention: DRB Level 2 already generated for this matching event)
========================================

========================================
[DIRECT SPONSOR INCOME DEBUG]
TIME: 2026-10-07 10:34:36
New Member ID: 160168
Direct Sponsor ID: 509901
Package ID: 1
Member PV: 1, Package Ratio: 1, Qty: 1
Existing Direct Sponsor Records: 0
Direct Rate: ₹890.00
Calculated Direct Sponsor Amount: ₹890.00
ACTION: Forwarding to pay_earning for Sponsor #509901
========================================

----------------------------------------
[PAY EARNING GATEWAY]
TIME: 2026-10-07 10:34:36
Receiver User ID: 509901
From User (Ref ID): 160168
Income Type: Direct Sponsor Income
Amount: ₹890.00
Level: 0
Receiver Status: Active
Receiver Topup: ₹8,900.00
ACTION: SUCCESS -> Earning record inserted (ID: 67, Secret: DIR-509901-20261007103436-194, Amount: ₹890.00, Status: Credited to Wallet IMMEDIATELY - Direct Sponsor Income)
----------------------------------------

========================================
[DIRECT SPONSOR INCOME DEBUG]
TIME: 2026-10-07 15:02:52
New Member ID: 425346
Direct Sponsor ID: 783021
Package ID: 1
Member PV: 1, Package Ratio: 1, Qty: 1
Existing Direct Sponsor Records: 0
Direct Rate: ₹890.00
Calculated Direct Sponsor Amount: ₹890.00
ACTION: Forwarding to pay_earning for Sponsor #783021
========================================

----------------------------------------
[PAY EARNING GATEWAY]
TIME: 2026-10-07 15:02:52
Receiver User ID: 783021
From User (Ref ID): 425346
Income Type: Direct Sponsor Income
Amount: ₹890.00
Level: 0
Receiver Status: Active
Receiver Topup: ₹8,900.00
ACTION: SUCCESS -> Earning record inserted (ID: 68, Secret: DIR-783021-20261007150252-864, Amount: ₹890.00, Status: Credited to Wallet IMMEDIATELY - Direct Sponsor Income)
----------------------------------------

========================================
[BINARY DEBUG]
TIME: 2026-10-08 00:00:09
FUNCTION ENTERED: process_binary
USER ID: 1001
========================================

========================================
[DRB / LEVEL INCOME DEBUG]
TIME: 2026-10-08 00:00:09
DOWNLINE EARNER ID: 1001
PACKAGE ID: 1
PARSED LEVEL 1 %: 30%
PARSED LEVEL 2 %: 20%

--- LEVEL 1 DRB CALCULATION (30%) ---
Direct Sponsor ID: 1000
Calculated Level 1 Amount: ₹267.00
ACTION: SKIPPED (No valid direct sponsor found / Sponsor is 1000)

--- LEVEL 2 DRB CALCULATION (20%) ---
Level 2 Sponsor ID: None
Calculated Level 2 Amount: ₹178.00
ACTION: SKIPPED (No valid Level 2 sponsor found / Level 2 Sponsor is 1000)
========================================

========================================
[BINARY DEBUG]
TIME: 2026-10-08 00:00:09
USER ID: 1001
FUNCTION: process_binary
========================================

MEMBER INFORMATION:
Member ID: 1001
Member Name: Green Amrut Herbal Multitrade Private Limited
Status: Active
Rank: Member
Topup: 8900.00
Package: 1

TREE / PV INFORMATION:
Total Left PV: 33
Paid Left PV: 5
Available Left PV: 28

Total Right PV: 5
Paid Right PV: 4
Available Right PV: 1

Lifetime Paid Pairs: 4

DIRECT SPONSOR INFORMATION:
Direct Left: 1
Direct Right: 1
(Informational ONLY - Does not block 2:1 / 1:2 PV matching)

PAIR CALCULATION:
BINARY RATIO CHECK:
Left Available: 28
Right Available: 1
Lifetime Previous Pairs: 4

Checking 2:1:
Left >= 2? YES (Left = 28 >= 2)
Right >= 1? YES (Right = 1 >= 1)

Checking 1:2:
Left >= 1? YES (Left = 28 >= 1)
Right >= 2? NO (Right = 1 < 2)

Selected Ratio: 1:1
Pairs Calculated: 1
Left PV To Consume: 1
Right PV To Consume: 1
PAYOUT CALCULATION:
BINARY PAYOUT CALCULATION:
Package ID: 1
Matching Income Configuration: 
Payout Per Pair: 890
Daily Cap: 14240
Pairs Calculated: 1
Pairs Allowed By Cap: 16
Payable Pairs: 1
Total Payout: 890

DATABASE TRANSACTION:
[BINARY TRANSACTION]
BEGIN

1. EARNING INSERT
BINARY EARNING INSERT:
SUCCESS
Insert ID: 
User ID: 1001
Amount: 890
Type: Matching Income
Pair Count: 1
Transaction Reference: BIN-1001-20261008000009-5654

2. WALLET CREDIT
WALLET CREDIT:
SUCCESS
User ID: 1001
Previous Balance: 0
Credit Amount: 890
New Balance: 0

3. PV CONSUMPTION
PV UPDATE:
Before Paid Left: 5
Before Paid Right: 4
Left PV Consumed: 1
Right PV Consumed: 1
After Paid Left: 6
After Paid Right: 5

4. LIFETIME PAIR UPDATE
LIFETIME PAIR UPDATE:
Before: 4
Added: 1
After: 5

5. TRANSACTION
BINARY TRANSACTION:
COMMITTED

FINAL RESULT = PAYOUT GENERATED
Pairs Generated = 1
Payout Generated = 890
Left PV Remaining = 27
Right PV Remaining = 0
========================================

========================================
[BINARY DEBUG]
TIME: 2026-10-08 00:00:09
FUNCTION ENTERED: process_binary
USER ID: 388783
========================================

========================================
[BINARY DEBUG]
TIME: 2026-10-08 00:00:09
USER ID: 388783
FUNCTION: process_binary
========================================

MEMBER INFORMATION:
Member ID: 388783
Member Name: Swati Jagtap
Status: Active
Rank: Member
Topup: 8900.00
Package: 1

TREE / PV INFORMATION:
Total Left PV: 1
Paid Left PV: 1
Available Left PV: 0

Total Right PV: 3
Paid Right PV: 2
Available Right PV: 1

Lifetime Paid Pairs: 1

DIRECT SPONSOR INFORMATION:
Direct Left: 1
Direct Right: 1
(Informational ONLY - Does not block 2:1 / 1:2 PV matching)

PAIR CALCULATION:
BINARY RATIO CHECK:
Left Available: 0
Right Available: 1
Lifetime Previous Pairs: 1

Checking 2:1:
Left >= 2? NO (Left = 0 < 2)
Right >= 1? YES (Right = 1 >= 1)

Checking 1:2:
Left >= 1? NO (Left = 0 < 1)
Right >= 2? NO (Right = 1 < 2)

Selected Ratio: NONE
Pairs Calculated: 0
Left PV To Consume: 0
Right PV To Consume: 0
FINAL RESULT = NO PAIR FORMED
Pairs Generated = 0
Payout Generated = 0
Left PV Remaining = 0
Right PV Remaining = 1
========================================

========================================
[BINARY DEBUG]
TIME: 2026-10-08 00:00:09
FUNCTION ENTERED: process_binary
USER ID: 440216
========================================

========================================
[BINARY DEBUG]
TIME: 2026-10-08 00:00:09
USER ID: 440216
FUNCTION: process_binary
========================================

MEMBER INFORMATION:
Member ID: 440216
Member Name: Shubham jadhav
Status: Active
Rank: Member
Topup: 8900.00
Package: 1

TREE / PV INFORMATION:
Total Left PV: 5
Paid Left PV: 2
Available Left PV: 3

Total Right PV: 1
Paid Right PV: 1
Available Right PV: 0

Lifetime Paid Pairs: 1

DIRECT SPONSOR INFORMATION:
Direct Left: 1
Direct Right: 1
(Informational ONLY - Does not block 2:1 / 1:2 PV matching)

PAIR CALCULATION:
BINARY RATIO CHECK:
Left Available: 3
Right Available: 0
Lifetime Previous Pairs: 1

Checking 2:1:
Left >= 2? YES (Left = 3 >= 2)
Right >= 1? NO (Right = 0 < 1)

Checking 1:2:
Left >= 1? YES (Left = 3 >= 1)
Right >= 2? NO (Right = 0 < 2)

Selected Ratio: NONE
Pairs Calculated: 0
Left PV To Consume: 0
Right PV To Consume: 0
FINAL RESULT = NO PAIR FORMED
Pairs Generated = 0
Payout Generated = 0
Left PV Remaining = 3
Right PV Remaining = 0
========================================

========================================
[BINARY DEBUG]
TIME: 2026-10-08 00:00:09
FUNCTION ENTERED: process_binary
USER ID: 717190
========================================

========================================
[BINARY DEBUG]
TIME: 2026-10-08 00:00:09
USER ID: 717190
FUNCTION: process_binary
========================================

MEMBER INFORMATION:
Member ID: 717190
Member Name: SANDIP PATIL
Status: Active
Rank: Member
Topup: 8900.00
Package: 1

TREE / PV INFORMATION:
Total Left PV: 18
Paid Left PV: 2
Available Left PV: 16

Total Right PV: 1
Paid Right PV: 1
Available Right PV: 0

Lifetime Paid Pairs: 1

DIRECT SPONSOR INFORMATION:
Direct Left: 1
Direct Right: 1
(Informational ONLY - Does not block 2:1 / 1:2 PV matching)

PAIR CALCULATION:
BINARY RATIO CHECK:
Left Available: 16
Right Available: 0
Lifetime Previous Pairs: 1

Checking 2:1:
Left >= 2? YES (Left = 16 >= 2)
Right >= 1? NO (Right = 0 < 1)

Checking 1:2:
Left >= 1? YES (Left = 16 >= 1)
Right >= 2? NO (Right = 0 < 2)

Selected Ratio: NONE
Pairs Calculated: 0
Left PV To Consume: 0
Right PV To Consume: 0
FINAL RESULT = NO PAIR FORMED
Pairs Generated = 0
Payout Generated = 0
Left PV Remaining = 16
Right PV Remaining = 0
========================================

========================================
[BINARY DEBUG]
TIME: 2026-10-08 00:00:10
FUNCTION ENTERED: process_binary
USER ID: 763256
========================================

========================================
[BINARY DEBUG]
TIME: 2026-10-08 00:00:10
USER ID: 763256
FUNCTION: process_binary
========================================

MEMBER INFORMATION:
Member ID: 763256
Member Name: Sneha nar
Status: Active
Rank: Member
Topup: 8900.00
Package: 1

TREE / PV INFORMATION:
Total Left PV: 1
Paid Left PV: 1
Available Left PV: 0

Total Right PV: 2
Paid Right PV: 2
Available Right PV: 0

Lifetime Paid Pairs: 1

DIRECT SPONSOR INFORMATION:
Direct Left: 1
Direct Right: 1
(Informational ONLY - Does not block 2:1 / 1:2 PV matching)

PAIR CALCULATION:
BINARY RATIO CHECK:
Left Available: 0
Right Available: 0
Lifetime Previous Pairs: 1

Checking 2:1:
Left >= 2? NO (Left = 0 < 2)
Right >= 1? NO (Right = 0 < 1)

Checking 1:2:
Left >= 1? NO (Left = 0 < 1)
Right >= 2? NO (Right = 0 < 2)

Selected Ratio: NONE
Pairs Calculated: 0
Left PV To Consume: 0
Right PV To Consume: 0
FINAL RESULT = NO PAIR FORMED
Pairs Generated = 0
Payout Generated = 0
Left PV Remaining = 0
Right PV Remaining = 0
========================================

========================================
[BINARY DEBUG]
TIME: 2026-10-08 00:00:10
FUNCTION ENTERED: process_binary
USER ID: 819651
========================================

========================================
[BINARY DEBUG]
TIME: 2026-10-08 00:00:10
USER ID: 819651
FUNCTION: process_binary
========================================

MEMBER INFORMATION:
Member ID: 819651
Member Name: Santosh dhondu jadhav
Status: Active
Rank: Member
Topup: 8900.00
Package: 1

TREE / PV INFORMATION:
Total Left PV: 8
Paid Left PV: 8
Available Left PV: 0

Total Right PV: 7
Paid Right PV: 7
Available Right PV: 0

Lifetime Paid Pairs: 7

DIRECT SPONSOR INFORMATION:
Direct Left: 4
Direct Right: 3
(Informational ONLY - Does not block 2:1 / 1:2 PV matching)

PAIR CALCULATION:
BINARY RATIO CHECK:
Left Available: 0
Right Available: 0
Lifetime Previous Pairs: 7

Checking 2:1:
Left >= 2? NO (Left = 0 < 2)
Right >= 1? NO (Right = 0 < 1)

Checking 1:2:
Left >= 1? NO (Left = 0 < 1)
Right >= 2? NO (Right = 0 < 2)

Selected Ratio: NONE
Pairs Calculated: 0
Left PV To Consume: 0
Right PV To Consume: 0
FINAL RESULT = NO PAIR FORMED
Pairs Generated = 0
Payout Generated = 0
Left PV Remaining = 0
Right PV Remaining = 0
========================================

========================================
[BINARY DEBUG]
TIME: 2026-10-08 00:00:10
FUNCTION ENTERED: process_binary
USER ID: 917700
========================================

========================================
[BINARY DEBUG]
TIME: 2026-10-08 00:00:10
USER ID: 917700
FUNCTION: process_binary
========================================

MEMBER INFORMATION:
Member ID: 917700
Member Name: Santosh dhondu jadhav
Status: Active
Rank: Member
Topup: 8900.00
Package: 1

TREE / PV INFORMATION:
Total Left PV: 1
Paid Left PV: 1
Available Left PV: 0

Total Right PV: 5
Paid Right PV: 2
Available Right PV: 3

Lifetime Paid Pairs: 1

DIRECT SPONSOR INFORMATION:
Direct Left: 1
Direct Right: 1
(Informational ONLY - Does not block 2:1 / 1:2 PV matching)

PAIR CALCULATION:
BINARY RATIO CHECK:
Left Available: 0
Right Available: 3
Lifetime Previous Pairs: 1

Checking 2:1:
Left >= 2? NO (Left = 0 < 2)
Right >= 1? YES (Right = 3 >= 1)

Checking 1:2:
Left >= 1? NO (Left = 0 < 1)
Right >= 2? YES (Right = 3 >= 2)

Selected Ratio: NONE
Pairs Calculated: 0
Left PV To Consume: 0
Right PV To Consume: 0
FINAL RESULT = NO PAIR FORMED
Pairs Generated = 0
Payout Generated = 0
Left PV Remaining = 0
Right PV Remaining = 3
========================================

========================================
[BINARY DEBUG]
TIME: 2026-10-08 00:00:10
FUNCTION ENTERED: process_binary
USER ID: 930251
========================================

----------------------------------------
[PAY EARNING GATEWAY]
TIME: 2026-10-08 00:00:10
Receiver User ID: 1001
From User (Ref ID): 930251
Income Type: Direct Referral Bonus Level 1
Amount: ₹267.00
Level: 1
Receiver Status: Active
Receiver Topup: ₹8,900.00
ACTION: SUCCESS -> Earning record inserted (ID: 71, Secret: DRB1-70, Amount: ₹267.00, Status: Pending - Will be credited to Wallet when Midnight Cron runs)
----------------------------------------

========================================
[DRB / LEVEL INCOME DEBUG]
TIME: 2026-10-08 00:00:10
DOWNLINE EARNER ID: 930251
PACKAGE ID: 1
PARSED LEVEL 1 %: 30%
PARSED LEVEL 2 %: 20%

--- LEVEL 1 DRB CALCULATION (30%) ---
Direct Sponsor ID: 1001
Calculated Level 1 Amount: ₹267.00
ACTION: CREDITED -> User #1001 received ₹267.00 as Direct Referral Bonus Level 1 (30%)

--- LEVEL 2 DRB CALCULATION (20%) ---
Level 2 Sponsor ID: 1000
Calculated Level 2 Amount: ₹178.00
ACTION: SKIPPED (No valid Level 2 sponsor found / Level 2 Sponsor is 1000)
========================================

========================================
[BINARY DEBUG]
TIME: 2026-10-08 00:00:10
USER ID: 930251
FUNCTION: process_binary
========================================

MEMBER INFORMATION:
Member ID: 930251
Member Name: Swati Jagtap
Status: Active
Rank: Member
Topup: 8900.00
Package: 1

TREE / PV INFORMATION:
Total Left PV: 20
Paid Left PV: 2
Available Left PV: 18

Total Right PV: 2
Paid Right PV: 1
Available Right PV: 1

Lifetime Paid Pairs: 1

DIRECT SPONSOR INFORMATION:
Direct Left: 3
Direct Right: 1
(Informational ONLY - Does not block 2:1 / 1:2 PV matching)

PAIR CALCULATION:
BINARY RATIO CHECK:
Left Available: 18
Right Available: 1
Lifetime Previous Pairs: 1

Checking 2:1:
Left >= 2? YES (Left = 18 >= 2)
Right >= 1? YES (Right = 1 >= 1)

Checking 1:2:
Left >= 1? YES (Left = 18 >= 1)
Right >= 2? NO (Right = 1 < 2)

Selected Ratio: 1:1
Pairs Calculated: 1
Left PV To Consume: 1
Right PV To Consume: 1
PAYOUT CALCULATION:
BINARY PAYOUT CALCULATION:
Package ID: 1
Matching Income Configuration: 
Payout Per Pair: 890
Daily Cap: 14240
Pairs Calculated: 1
Pairs Allowed By Cap: 16
Payable Pairs: 1
Total Payout: 890

DATABASE TRANSACTION:
[BINARY TRANSACTION]
BEGIN

1. EARNING INSERT
BINARY EARNING INSERT:
SUCCESS
Insert ID: 
User ID: 930251
Amount: 890
Type: Matching Income
Pair Count: 1
Transaction Reference: BIN-930251-20261008000010-6725

2. WALLET CREDIT
WALLET CREDIT:
SUCCESS
User ID: 930251
Previous Balance: 0
Credit Amount: 890
New Balance: 0

3. PV CONSUMPTION
PV UPDATE:
Before Paid Left: 2
Before Paid Right: 1
Left PV Consumed: 1
Right PV Consumed: 1
After Paid Left: 3
After Paid Right: 2

4. LIFETIME PAIR UPDATE
LIFETIME PAIR UPDATE:
Before: 1
Added: 1
After: 2

5. TRANSACTION
BINARY TRANSACTION:
COMMITTED

FINAL RESULT = PAYOUT GENERATED
Pairs Generated = 1
Payout Generated = 890
Left PV Remaining = 17
Right PV Remaining = 0
========================================

========================================
[DRB / LEVEL INCOME DEBUG]
TIME: 2026-10-08 00:00:10
DOWNLINE EARNER ID: 1001
PACKAGE ID: 1
PARSED LEVEL 1 %: 30%
PARSED LEVEL 2 %: 20%

--- LEVEL 1 DRB CALCULATION (30%) ---
Direct Sponsor ID: 1000
Calculated Level 1 Amount: ₹267.00
ACTION: SKIPPED (No valid direct sponsor found / Sponsor is 1000)

--- LEVEL 2 DRB CALCULATION (20%) ---
Level 2 Sponsor ID: None
Calculated Level 2 Amount: ₹178.00
ACTION: SKIPPED (No valid Level 2 sponsor found / Level 2 Sponsor is 1000)
========================================

========================================
[DRB / LEVEL INCOME DEBUG]
TIME: 2026-10-08 00:00:10
DOWNLINE EARNER ID: 930251
PACKAGE ID: 1
PARSED LEVEL 1 %: 30%
PARSED LEVEL 2 %: 20%

--- LEVEL 1 DRB CALCULATION (30%) ---
Direct Sponsor ID: 1001
Calculated Level 1 Amount: ₹267.00
ACTION: SKIPPED (Duplicate prevention: DRB Level 1 already generated for this matching event)

--- LEVEL 2 DRB CALCULATION (20%) ---
Level 2 Sponsor ID: 1000
Calculated Level 2 Amount: ₹178.00
ACTION: SKIPPED (No valid Level 2 sponsor found / Level 2 Sponsor is 1000)
========================================

========================================
[DRB / LEVEL INCOME DEBUG]
TIME: 2026-10-08 00:00:10
DOWNLINE EARNER ID: 1001
PACKAGE ID: 1
PARSED LEVEL 1 %: 30%
PARSED LEVEL 2 %: 20%

--- LEVEL 1 DRB CALCULATION (30%) ---
Direct Sponsor ID: 1000
Calculated Level 1 Amount: ₹267.00
ACTION: SKIPPED (No valid direct sponsor found / Sponsor is 1000)

--- LEVEL 2 DRB CALCULATION (20%) ---
Level 2 Sponsor ID: None
Calculated Level 2 Amount: ₹178.00
ACTION: SKIPPED (No valid Level 2 sponsor found / Level 2 Sponsor is 1000)
========================================

========================================
[DRB / LEVEL INCOME DEBUG]
TIME: 2026-10-08 00:00:10
DOWNLINE EARNER ID: 1001
PACKAGE ID: 1
PARSED LEVEL 1 %: 30%
PARSED LEVEL 2 %: 20%

--- LEVEL 1 DRB CALCULATION (30%) ---
Direct Sponsor ID: 1000
Calculated Level 1 Amount: ₹267.00
ACTION: SKIPPED (No valid direct sponsor found / Sponsor is 1000)

--- LEVEL 2 DRB CALCULATION (20%) ---
Level 2 Sponsor ID: None
Calculated Level 2 Amount: ₹178.00
ACTION: SKIPPED (No valid Level 2 sponsor found / Level 2 Sponsor is 1000)
========================================

========================================
[DRB / LEVEL INCOME DEBUG]
TIME: 2026-10-08 00:00:10
DOWNLINE EARNER ID: 717190
PACKAGE ID: 1
PARSED LEVEL 1 %: 30%
PARSED LEVEL 2 %: 20%

--- LEVEL 1 DRB CALCULATION (30%) ---
Direct Sponsor ID: 930251
Calculated Level 1 Amount: ₹267.00
ACTION: SKIPPED (Duplicate prevention: DRB Level 1 already generated for this matching event)

--- LEVEL 2 DRB CALCULATION (20%) ---
Level 2 Sponsor ID: 1001
Calculated Level 2 Amount: ₹178.00
ACTION: SKIPPED (Duplicate prevention: DRB Level 2 already generated for this matching event)
========================================

========================================
[DRB / LEVEL INCOME DEBUG]
TIME: 2026-10-08 00:00:10
DOWNLINE EARNER ID: 440216
PACKAGE ID: 1
PARSED LEVEL 1 %: 30%
PARSED LEVEL 2 %: 20%

--- LEVEL 1 DRB CALCULATION (30%) ---
Direct Sponsor ID: 326595
Calculated Level 1 Amount: ₹267.00
ACTION: SKIPPED (Sponsor #326595 is either Inactive or tail is not complete: total_pairs = 0)

--- LEVEL 2 DRB CALCULATION (20%) ---
Level 2 Sponsor ID: 819651
Calculated Level 2 Amount: ₹178.00
ACTION: SKIPPED (Duplicate prevention: DRB Level 2 already generated for this matching event)
========================================

========================================
[DRB / LEVEL INCOME DEBUG]
TIME: 2026-10-08 00:00:10
DOWNLINE EARNER ID: 763256
PACKAGE ID: 1
PARSED LEVEL 1 %: 30%
PARSED LEVEL 2 %: 20%

--- LEVEL 1 DRB CALCULATION (30%) ---
Direct Sponsor ID: 819651
Calculated Level 1 Amount: ₹267.00
ACTION: SKIPPED (Duplicate prevention: DRB Level 1 already generated for this matching event)

--- LEVEL 2 DRB CALCULATION (20%) ---
Level 2 Sponsor ID: 930251
Calculated Level 2 Amount: ₹178.00
ACTION: SKIPPED (Duplicate prevention: DRB Level 2 already generated for this matching event)
========================================

========================================
[DRB / LEVEL INCOME DEBUG]
TIME: 2026-10-08 00:00:10
DOWNLINE EARNER ID: 819651
PACKAGE ID: 1
PARSED LEVEL 1 %: 30%
PARSED LEVEL 2 %: 20%

--- LEVEL 1 DRB CALCULATION (30%) ---
Direct Sponsor ID: 930251
Calculated Level 1 Amount: ₹267.00
ACTION: SKIPPED (Duplicate prevention: DRB Level 1 already generated for this matching event)

--- LEVEL 2 DRB CALCULATION (20%) ---
Level 2 Sponsor ID: 1001
Calculated Level 2 Amount: ₹178.00
ACTION: SKIPPED (Duplicate prevention: DRB Level 2 already generated for this matching event)
========================================

========================================
[DRB / LEVEL INCOME DEBUG]
TIME: 2026-10-08 00:00:10
DOWNLINE EARNER ID: 819651
PACKAGE ID: 1
PARSED LEVEL 1 %: 30%
PARSED LEVEL 2 %: 20%

--- LEVEL 1 DRB CALCULATION (30%) ---
Direct Sponsor ID: 930251
Calculated Level 1 Amount: ₹267.00
ACTION: SKIPPED (Duplicate prevention: DRB Level 1 already generated for this matching event)

--- LEVEL 2 DRB CALCULATION (20%) ---
Level 2 Sponsor ID: 1001
Calculated Level 2 Amount: ₹178.00
ACTION: SKIPPED (Duplicate prevention: DRB Level 2 already generated for this matching event)
========================================

========================================
[DRB / LEVEL INCOME DEBUG]
TIME: 2026-10-08 00:00:10
DOWNLINE EARNER ID: 819651
PACKAGE ID: 1
PARSED LEVEL 1 %: 30%
PARSED LEVEL 2 %: 20%

--- LEVEL 1 DRB CALCULATION (30%) ---
Direct Sponsor ID: 930251
Calculated Level 1 Amount: ₹267.00
ACTION: SKIPPED (Duplicate prevention: DRB Level 1 already generated for this matching event)

--- LEVEL 2 DRB CALCULATION (20%) ---
Level 2 Sponsor ID: 1001
Calculated Level 2 Amount: ₹178.00
ACTION: SKIPPED (Duplicate prevention: DRB Level 2 already generated for this matching event)
========================================

========================================
[DRB / LEVEL INCOME DEBUG]
TIME: 2026-10-08 00:00:10
DOWNLINE EARNER ID: 819651
PACKAGE ID: 1
PARSED LEVEL 1 %: 30%
PARSED LEVEL 2 %: 20%

--- LEVEL 1 DRB CALCULATION (30%) ---
Direct Sponsor ID: 930251
Calculated Level 1 Amount: ₹267.00
ACTION: SKIPPED (Duplicate prevention: DRB Level 1 already generated for this matching event)

--- LEVEL 2 DRB CALCULATION (20%) ---
Level 2 Sponsor ID: 1001
Calculated Level 2 Amount: ₹178.00
ACTION: SKIPPED (Duplicate prevention: DRB Level 2 already generated for this matching event)
========================================

========================================
[DRB / LEVEL INCOME DEBUG]
TIME: 2026-10-08 00:00:10
DOWNLINE EARNER ID: 819651
PACKAGE ID: 1
PARSED LEVEL 1 %: 30%
PARSED LEVEL 2 %: 20%

--- LEVEL 1 DRB CALCULATION (30%) ---
Direct Sponsor ID: 930251
Calculated Level 1 Amount: ₹267.00
ACTION: SKIPPED (Duplicate prevention: DRB Level 1 already generated for this matching event)

--- LEVEL 2 DRB CALCULATION (20%) ---
Level 2 Sponsor ID: 1001
Calculated Level 2 Amount: ₹178.00
ACTION: SKIPPED (Duplicate prevention: DRB Level 2 already generated for this matching event)
========================================

========================================
[DRB / LEVEL INCOME DEBUG]
TIME: 2026-10-08 00:00:10
DOWNLINE EARNER ID: 819651
PACKAGE ID: 1
PARSED LEVEL 1 %: 30%
PARSED LEVEL 2 %: 20%

--- LEVEL 1 DRB CALCULATION (30%) ---
Direct Sponsor ID: 930251
Calculated Level 1 Amount: ₹267.00
ACTION: SKIPPED (Duplicate prevention: DRB Level 1 already generated for this matching event)

--- LEVEL 2 DRB CALCULATION (20%) ---
Level 2 Sponsor ID: 1001
Calculated Level 2 Amount: ₹178.00
ACTION: SKIPPED (Duplicate prevention: DRB Level 2 already generated for this matching event)
========================================

========================================
[DRB / LEVEL INCOME DEBUG]
TIME: 2026-10-08 00:00:10
DOWNLINE EARNER ID: 917700
PACKAGE ID: 1
PARSED LEVEL 1 %: 30%
PARSED LEVEL 2 %: 20%

--- LEVEL 1 DRB CALCULATION (30%) ---
Direct Sponsor ID: 819651
Calculated Level 1 Amount: ₹267.00
ACTION: SKIPPED (Duplicate prevention: DRB Level 1 already generated for this matching event)

--- LEVEL 2 DRB CALCULATION (20%) ---
Level 2 Sponsor ID: 930251
Calculated Level 2 Amount: ₹178.00
ACTION: SKIPPED (Duplicate prevention: DRB Level 2 already generated for this matching event)
========================================

========================================
[DRB / LEVEL INCOME DEBUG]
TIME: 2026-10-08 00:00:10
DOWNLINE EARNER ID: 1001
PACKAGE ID: 1
PARSED LEVEL 1 %: 30%
PARSED LEVEL 2 %: 20%

--- LEVEL 1 DRB CALCULATION (30%) ---
Direct Sponsor ID: 1000
Calculated Level 1 Amount: ₹267.00
ACTION: SKIPPED (No valid direct sponsor found / Sponsor is 1000)

--- LEVEL 2 DRB CALCULATION (20%) ---
Level 2 Sponsor ID: None
Calculated Level 2 Amount: ₹178.00
ACTION: SKIPPED (No valid Level 2 sponsor found / Level 2 Sponsor is 1000)
========================================

========================================
[DRB / LEVEL INCOME DEBUG]
TIME: 2026-10-08 00:00:10
DOWNLINE EARNER ID: 388783
PACKAGE ID: 1
PARSED LEVEL 1 %: 30%
PARSED LEVEL 2 %: 20%

--- LEVEL 1 DRB CALCULATION (30%) ---
Direct Sponsor ID: 1001
Calculated Level 1 Amount: ₹267.00
ACTION: SKIPPED (Duplicate prevention: DRB Level 1 already generated for this matching event)

--- LEVEL 2 DRB CALCULATION (20%) ---
Level 2 Sponsor ID: 1000
Calculated Level 2 Amount: ₹178.00
ACTION: SKIPPED (No valid Level 2 sponsor found / Level 2 Sponsor is 1000)
========================================

========================================
[DRB / LEVEL INCOME DEBUG]
TIME: 2026-10-08 00:00:10
DOWNLINE EARNER ID: 819651
PACKAGE ID: 1
PARSED LEVEL 1 %: 30%
PARSED LEVEL 2 %: 20%

--- LEVEL 1 DRB CALCULATION (30%) ---
Direct Sponsor ID: 930251
Calculated Level 1 Amount: ₹267.00
ACTION: SKIPPED (Duplicate prevention: DRB Level 1 already generated for this matching event)

--- LEVEL 2 DRB CALCULATION (20%) ---
Level 2 Sponsor ID: 1001
Calculated Level 2 Amount: ₹178.00
ACTION: SKIPPED (Duplicate prevention: DRB Level 2 already generated for this matching event)
========================================

========================================
[DRB / LEVEL INCOME DEBUG]
TIME: 2026-10-08 00:00:10
DOWNLINE EARNER ID: 1001
PACKAGE ID: 1
PARSED LEVEL 1 %: 30%
PARSED LEVEL 2 %: 20%

--- LEVEL 1 DRB CALCULATION (30%) ---
Direct Sponsor ID: 1000
Calculated Level 1 Amount: ₹267.00
ACTION: SKIPPED (No valid direct sponsor found / Sponsor is 1000)

--- LEVEL 2 DRB CALCULATION (20%) ---
Level 2 Sponsor ID: None
Calculated Level 2 Amount: ₹178.00
ACTION: SKIPPED (No valid Level 2 sponsor found / Level 2 Sponsor is 1000)
========================================

========================================
[DRB / LEVEL INCOME DEBUG]
TIME: 2026-10-08 00:00:10
DOWNLINE EARNER ID: 930251
PACKAGE ID: 1
PARSED LEVEL 1 %: 30%
PARSED LEVEL 2 %: 20%

--- LEVEL 1 DRB CALCULATION (30%) ---
Direct Sponsor ID: 1001
Calculated Level 1 Amount: ₹267.00
ACTION: SKIPPED (Duplicate prevention: DRB Level 1 already generated for this matching event)

--- LEVEL 2 DRB CALCULATION (20%) ---
Level 2 Sponsor ID: 1000
Calculated Level 2 Amount: ₹178.00
ACTION: SKIPPED (No valid Level 2 sponsor found / Level 2 Sponsor is 1000)
========================================

========================================
[DIRECT SPONSOR INCOME DEBUG]
TIME: 2026-10-08 11:39:27
New Member ID: 658361
Direct Sponsor ID: 783021
Package ID: 1
Member PV: 1, Package Ratio: 1, Qty: 1
Existing Direct Sponsor Records: 0
Direct Rate: ₹890.00
Calculated Direct Sponsor Amount: ₹890.00
ACTION: Forwarding to pay_earning for Sponsor #783021
========================================

----------------------------------------
[PAY EARNING GATEWAY]
TIME: 2026-10-08 11:39:27
Receiver User ID: 783021
From User (Ref ID): 658361
Income Type: Direct Sponsor Income
Amount: ₹890.00
Level: 0
Receiver Status: Active
Receiver Topup: ₹8,900.00
ACTION: SUCCESS -> Earning record inserted (ID: 72, Secret: DIR-783021-20261008113927-806, Amount: ₹890.00, Status: Credited to Wallet IMMEDIATELY - Direct Sponsor Income)
----------------------------------------

========================================
[DIRECT SPONSOR INCOME DEBUG]
TIME: 2026-10-08 11:40:00
New Member ID: 280603
Direct Sponsor ID: 658361
Package ID: 1
Member PV: 1, Package Ratio: 1, Qty: 1
Existing Direct Sponsor Records: 0
Direct Rate: ₹890.00
Calculated Direct Sponsor Amount: ₹890.00
ACTION: Forwarding to pay_earning for Sponsor #658361
========================================

----------------------------------------
[PAY EARNING GATEWAY]
TIME: 2026-10-08 11:40:00
Receiver User ID: 658361
From User (Ref ID): 280603
Income Type: Direct Sponsor Income
Amount: ₹890.00
Level: 0
Receiver Status: Active
Receiver Topup: ₹8,900.00
ACTION: SUCCESS -> Earning record inserted (ID: 73, Secret: DIR-658361-20261008114000-776, Amount: ₹890.00, Status: Credited to Wallet IMMEDIATELY - Direct Sponsor Income)
----------------------------------------

